Fitter Place Stage Report for top
Mon Mar 11 04:26:30 2024
Quartus Prime Version 24.1.0 Internal Build 106 03/10/2024 SC Pro Edition


---------------------
; Table of Contents ;
---------------------
  1. Legal Notice
  2. Fitter Resource Usage Summary
  3. Fitter Resource Utilization by Entity
  4. Fitter Partition Statistics
  5. Non-Global High Fan-Out Signals
  6. Fitter RAM Summary
  7. Fitter Physical RAM Information
  8. Fitter DSP Block Usage Summary
  9. Place Messages



----------------
; Legal Notice ;
----------------
Copyright (C) 2024  Intel Corporation. All rights reserved.
Your use of Intel Corporation's design tools, logic functions 
and other software and tools, and any partner logic 
functions, and any output files from any of the foregoing 
(including device programming or simulation files), and any 
associated documentation or information are expressly subject 
to the terms and conditions of the Intel Program License 
Subscription Agreement, the Intel Quartus Prime License Agreement,
the Intel FPGA IP License Agreement, or other applicable license
agreement, including, without limitation, that your use is for
the sole purpose of programming logic devices manufactured by
Intel and sold by Intel or its authorized distributors.  Please
refer to the Intel FPGA Software License Subscription Agreements 
on the Quartus Prime software download page.



+----------------------------------------------------------------------------------------------+
; Fitter Resource Usage Summary                                                                ;
+-------------------------------------------------------------+------------------------+-------+
; Resource                                                    ; Usage                  ; %     ;
+-------------------------------------------------------------+------------------------+-------+
; Usage Report Generated after: Place                         ;                        ;       ;
;                                                             ;                        ;       ;
; Logic utilization (ALMs needed / total ALMs on device)      ; 3,610 / 251,680        ; 1 %   ;
; ALMs needed [=A-B+C]                                        ; 3,610                  ;       ;
;     [A] ALMs used in final placement [=a+b+c+d]             ; 4,127 / 251,680        ; 2 %   ;
;         [a] ALMs used for LUT logic and registers           ; 1,429                  ;       ;
;         [b] ALMs used for LUT logic                         ; 1,889                  ;       ;
;         [c] ALMs used for registers                         ; 729                    ;       ;
;         [d] ALMs used for memory (up to half of total ALMs) ; 80                     ;       ;
;     [B] Estimate of ALMs recoverable by dense packing       ; 527 / 251,680          ; < 1 % ;
;     [C] Estimate of ALMs unavailable [=a+b+c+d]             ; 10 / 251,680           ; < 1 % ;
;         [a] Due to location constrained logic               ; 0                      ;       ;
;         [b] Due to LAB-wide signal conflicts                ; 0                      ;       ;
;         [c] Due to LAB input limits                         ; 10                     ;       ;
;         [d] Due to virtual I/Os                             ; 0                      ;       ;
;                                                             ;                        ;       ;
; Difficulty packing design                                   ; Low                    ;       ;
;                                                             ;                        ;       ;
; Total LABs:  partially or completely used                   ; 500 / 25,168           ; 2 %   ;
;     -- Logic LABs                                           ; 492                    ;       ;
;     -- Memory LABs (up to half of total LABs)               ; 8                      ;       ;
;                                                             ;                        ;       ;
; Combinational ALUT usage for logic                          ; 5,529                  ;       ;
;     -- 7 input functions                                    ; 48                     ;       ;
;     -- 6 input functions                                    ; 1,124                  ;       ;
;     -- 5 input functions                                    ; 1,089                  ;       ;
;     -- 4 input functions                                    ; 1,139                  ;       ;
;     -- <=3 input functions                                  ; 2,129                  ;       ;
; Combinational ALUT usage for route-throughs                 ; 1,216                  ;       ;
; Memory ALUT usage                                           ; 130                    ;       ;
;     -- 64-address deep                                      ; 0                      ;       ;
;     -- 32-address deep                                      ; 130                    ;       ;
;                                                             ;                        ;       ;
;                                                             ;                        ;       ;
; Dedicated logic registers                                   ; 4,605                  ;       ;
;     -- By type:                                             ;                        ;       ;
;         -- Primary logic registers                          ; 4,315 / 503,360        ; < 1 % ;
;         -- Secondary logic registers                        ; 290 / 503,360          ; < 1 % ;
;     -- By function:                                         ;                        ;       ;
;         -- Design implementation registers                  ; 4,605                  ;       ;
;         -- Routing optimization registers                   ; 0                      ;       ;
;                                                             ;                        ;       ;
; ALMs adjustment for power estimation                        ; 420                    ;       ;
;                                                             ;                        ;       ;
; Virtual pins                                                ; 0                      ;       ;
; I/O pins                                                    ; 1 / 812                ; < 1 % ;
;     -- Clock pins                                           ; 1 / 41                 ; 2 %   ;
;     -- Dedicated input pins                                 ; 3 / 107                ; 3 %   ;
;                                                             ;                        ;       ;
; Hard processor system peripheral utilization                ;                        ;       ;
;     -- Boot from FPGA                                       ; 0 / 1 ( 0 % )          ;       ;
;     -- Clock resets                                         ; 0 / 1 ( 0 % )          ;       ;
;     -- Cross trigger                                        ; 0 / 1 ( 0 % )          ;       ;
;     -- S2F AXI                                              ; 0 / 1 ( 0 % )          ;       ;
;     -- F2S AXI                                              ; 0 / 1 ( 0 % )          ;       ;
;     -- AXI Lightweight                                      ; 0 / 1 ( 0 % )          ;       ;
;     -- SDRAM                                                ; 0 / 1 ( 0 % )          ;       ;
;     -- Interrupts                                           ; 0 / 1 ( 0 % )          ;       ;
;     -- JTAG                                                 ; 0 / 1 ( 0 % )          ;       ;
;     -- MPU event standby                                    ; 0 / 1 ( 0 % )          ;       ;
;     -- MPU general purpose                                  ; 0 / 1 ( 0 % )          ;       ;
;     -- STM event                                            ; 0 / 1 ( 0 % )          ;       ;
;     -- TPIU trace                                           ; 0 / 1 ( 0 % )          ;       ;
;     -- DMA                                                  ; 0 / 1 ( 0 % )          ;       ;
;     -- EMAC                                                 ; 0 / 3 ( 0 % )          ;       ;
;     -- I2C                                                  ; 0 / 5 ( 0 % )          ;       ;
;     -- NAND Flash                                           ; 0 / 1 ( 0 % )          ;       ;
;     -- QSPI                                                 ; 0 / 1 ( 0 % )          ;       ;
;     -- SDMMC                                                ; 0 / 1 ( 0 % )          ;       ;
;     -- SPI Master                                           ; 0 / 2 ( 0 % )          ;       ;
;     -- SPI Slave                                            ; 0 / 2 ( 0 % )          ;       ;
;     -- UART                                                 ; 0 / 2 ( 0 % )          ;       ;
;     -- USB                                                  ; 0 / 2 ( 0 % )          ;       ;
;                                                             ;                        ;       ;
; M20K blocks                                                 ; 138 / 2,131            ; 6 %   ;
; Total MLAB memory bits                                      ; 1,936                  ;       ;
; Total block memory bits                                     ; 2,171,648 / 43,642,880 ; 5 %   ;
; Total block memory implementation bits                      ; 2,826,240 / 43,642,880 ; 6 %   ;
;                                                             ;                        ;       ;
; DSP Blocks Needed [=A+B+C-D]                                ; 2 / 1,687              ; < 1 % ;
;     [A] Total Fixed Point DSP Blocks                        ; 3                      ;       ;
;     [B] Total Floating Point DSP Blocks                     ; 0                      ;       ;
;     [C] Total DSP_PRIME Blocks                              ; 0                      ;       ;
;     [D] Estimate of DSP Blocks recoverable by dense merging ; 1                      ;       ;
;                                                             ;                        ;       ;
; IOPLLs                                                      ; 0 / 16                 ; 0 %   ;
; FPLLs                                                       ; 0 / 16                 ; 0 %   ;
; Global signals                                              ; 0                      ;       ;
;     -- Global clocks                                        ; 0 / 32                 ; 0 %   ;
;     -- Regional clocks                                      ; 0 / 16                 ; 0 %   ;
;     -- Periphery clocks                                     ; 0 / 288                ; 0 %   ;
; JTAGs                                                       ; 1 / 1                  ; 100 % ;
; ASMI blocks                                                 ; 0 / 1                  ; 0 %   ;
; CRC blocks                                                  ; 0 / 1                  ; 0 %   ;
; Remote update blocks                                        ; 0 / 1                  ; 0 %   ;
; Oscillator blocks                                           ; 0 / 1                  ; 0 %   ;
; PCIe Hard IPs                                               ; 0 / 2                  ; 0 %   ;
; HSSI RX PCSs                                                ; 0 / 48                 ; 0 %   ;
; HSSI PMA RX DESERs                                          ; 0 / 48                 ; 0 %   ;
; HSSI TX PCSs                                                ; 0 / 48                 ; 0 %   ;
; HSSI PMA TX SERs                                            ; 0 / 48                 ; 0 %   ;
; HSSI CDR PLL                                                ; 0 / 48                 ; 0 %   ;
;     -- CDR PLLs for Unused RX Clock Workaround              ; 0 / 48                 ; 0 %   ;
; HSSI ATX PLL                                                ; 0 / 16                 ; 0 %   ;
; Impedance control blocks                                    ; 0 / 14                 ; 0 %   ;
; Maximum fan-out                                             ; 1412                   ;       ;
; Highest non-global fan-out                                  ; 1412                   ;       ;
; Total fan-out                                               ; 40979                  ;       ;
; Average fan-out                                             ; 3.87                   ;       ;
+-------------------------------------------------------------+------------------------+-------+
The Fitter Resource Usage Summary report displays a detailed analysis of logic utilization based on calculations of ALM usage. Refer to <a class="xref" href="https://www.intel.com/content/www/us/en/programmable/quartushelp/current/index.htm#mapIdTopics/mwh1465496451103.htm" target="_blank">Fitter Resource Usage Summary Report</a> in the <i>Intel® Quartus® Prime Pro Edition Help</i> for more information.


+-------------------------------------------------------------------------------------------------------------------------------------------------------------------------------------------------------------------------------------------------------------------------------------------------------------------------------------------------------------------------------------------------------------------------------------------------------------------------------------------------------------------------------------------------------------------------------------------------------------------------------------------------------------------------------------------------------------------------------------------------------------------------------------+
; Fitter Resource Utilization by Entity                                                                                                                                                                                                                                                                                                                                                                                                                                                                                                                                                                                                                                                                                                                                               ;
+--------------------------------------------------------------------------------+----------------------+----------------------------------+---------------------------------------------------+----------------------------------+----------------------+---------------------+---------------------------+---------------+-------------------+-------+--------------------------+----------------------------------------+---------------------------------------------------+------+--------------+--------+----------------------------------------------------------------------------------------------------------------------------------------------------------+-----------------------------------------------------------------------+------------------------------------+
; Compilation Hierarchy Node                                                     ; ALMs needed [=A-B+C] ; [A] ALMs used in final placement ; [B] Estimate of ALMs recoverable by dense packing ; [C] Estimate of ALMs unavailable ; ALMs used for memory ; Combinational ALUTs ; Dedicated Logic Registers ; I/O Registers ; Block Memory Bits ; M20Ks ; DSP Blocks needed [=A-B] ; [A] DSP Blocks used in final placement ; [B] Estimate of DSPs recoverable by dense merging ; Pins ; Virtual Pins ; IOPLLs ; Full Hierarchy Name                                                                                                                                      ; Entity Name                                                           ; Library Name                       ;
+--------------------------------------------------------------------------------+----------------------+----------------------------------+---------------------------------------------------+----------------------------------+----------------------+---------------------+---------------------------+---------------+-------------------+-------+--------------------------+----------------------------------------+---------------------------------------------------+------+--------------+--------+----------------------------------------------------------------------------------------------------------------------------------------------------------+-----------------------------------------------------------------------+------------------------------------+
; |                                                                              ; 3609.5 (0.8)         ; 4126.0 (0.8)                     ; 526.5 (0.0)                                       ; 10.0 (0.0)                       ; 80.0 (0.0)           ; 5529 (2)            ; 4605 (0)                  ; 0 (0)         ; 2171648           ; 138   ; 2                        ; 3                                      ; 0                                                 ; 6    ; 0            ; 0 (0)  ; |                                                                                                                                                        ; top                                                                   ; altera_work                        ;
;    |auto_fab_0|                                                                ; 85.0 (0.0)           ; 91.5 (0.0)                       ; 6.5 (0.0)                                         ; 0.0 (0.0)                        ; 0.0 (0.0)            ; 142 (0)             ; 99 (0)                    ; 0 (0)         ; 0                 ; 0     ; 0                        ; 0                                      ; 0                                                 ; 0    ; 0            ; 0 (0)  ; auto_fab_0                                                                                                                                               ; alt_sld_fab_0                                                         ; alt_sld_fab_0                      ;
;       |alt_sld_fab_0|                                                          ; 85.0 (0.0)           ; 91.5 (0.0)                       ; 6.5 (0.0)                                         ; 0.0 (0.0)                        ; 0.0 (0.0)            ; 142 (0)             ; 99 (0)                    ; 0 (0)         ; 0                 ; 0     ; 0                        ; 0                                      ; 0                                                 ; 0    ; 0            ; 0 (0)  ; auto_fab_0|alt_sld_fab_0                                                                                                                                 ; alt_sld_fab_0_alt_sld_fab_0_10_mgvf7lq                                ; altera_work                        ;
;          |alt_sld_fab_0|                                                       ; 85.0 (0.0)           ; 91.5 (0.0)                       ; 6.5 (0.0)                                         ; 0.0 (0.0)                        ; 0.0 (0.0)            ; 142 (0)             ; 99 (0)                    ; 0 (0)         ; 0                 ; 0     ; 0                        ; 0                                      ; 0                                                 ; 0    ; 0            ; 0 (0)  ; auto_fab_0|alt_sld_fab_0|alt_sld_fab_0                                                                                                                   ; alt_sld_fab_0_alt_sld_fab_1920_ae4ywwa                                ; altera_work                        ;
;             |configresetfabric|                                                ; 0.0 (0.0)            ; 0.5 (0.0)                        ; 0.5 (0.0)                                         ; 0.0 (0.0)                        ; 0.0 (0.0)            ; 1 (0)               ; 0 (0)                     ; 0 (0)         ; 0                 ; 0     ; 0                        ; 0                                      ; 0                                                 ; 0    ; 0            ; 0 (0)  ; auto_fab_0|alt_sld_fab_0|alt_sld_fab_0|configresetfabric                                                                                                 ; alt_sld_fab_0_intel_configuration_debug_reset_release_hub_203_vuwprxq ; altera_work                        ;
;                |conf_reset_src|                                                ; 0.0 (0.0)            ; 0.5 (0.5)                        ; 0.5 (0.5)                                         ; 0.0 (0.0)                        ; 0.0 (0.0)            ; 1 (1)               ; 0 (0)                     ; 0 (0)         ; 0                 ; 0     ; 0                        ; 0                                      ; 0                                                 ; 0    ; 0            ; 0 (0)  ; auto_fab_0|alt_sld_fab_0|alt_sld_fab_0|configresetfabric|conf_reset_src                                                                                  ; intel_configuration_reset_release_for_debug                           ; altera_work                        ;
;             |jtagpins|                                                         ; 0.3 (0.3)            ; 0.3 (0.3)                        ; 0.0 (0.0)                                         ; 0.0 (0.0)                        ; 0.0 (0.0)            ; 0 (0)               ; 1 (1)                     ; 0 (0)         ; 0                 ; 0     ; 0                        ; 0                                      ; 0                                                 ; 0    ; 0            ; 0 (0)  ; auto_fab_0|alt_sld_fab_0|alt_sld_fab_0|jtagpins                                                                                                          ; altera_jtag_wys_atom                                                  ; altera_work                        ;
;                |atom_inst|                                                     ; 0.0 (0.0)            ; 0.0 (0.0)                        ; 0.0 (0.0)                                         ; 0.0 (0.0)                        ; 0.0 (0.0)            ; 0 (0)               ; 0 (0)                     ; 0 (0)         ; 0                 ; 0     ; 0                        ; 0                                      ; 0                                                 ; 0    ; 0            ; 0 (0)  ; auto_fab_0|alt_sld_fab_0|alt_sld_fab_0|jtagpins|atom_inst                                                                                                ; altera_jtag_wys_atom_bare                                             ; altera_work                        ;
;             |sldfabric|                                                        ; 84.7 (0.0)           ; 90.7 (0.0)                       ; 6.0 (0.0)                                         ; 0.0 (0.0)                        ; 0.0 (0.0)            ; 141 (0)             ; 98 (0)                    ; 0 (0)         ; 0                 ; 0     ; 0                        ; 0                                      ; 0                                                 ; 0    ; 0            ; 0 (0)  ; auto_fab_0|alt_sld_fab_0|alt_sld_fab_0|sldfabric                                                                                                         ; alt_sld_fab_0_altera_sld_jtag_hub_1920_gtplbma                        ; altera_work                        ;
;                |jtag_hub_gen.real_sld_jtag_hub|                                ; 84.7 (63.2)          ; 90.7 (66.8)                      ; 6.0 (3.7)                                         ; 0.0 (0.0)                        ; 0.0 (0.0)            ; 141 (104)           ; 98 (69)                   ; 0 (0)         ; 0                 ; 0     ; 0                        ; 0                                      ; 0                                                 ; 0    ; 0            ; 0 (0)  ; auto_fab_0|alt_sld_fab_0|alt_sld_fab_0|sldfabric|jtag_hub_gen.real_sld_jtag_hub                                                                          ; sld_jtag_hub                                                          ; altera_work                        ;
;                   |hub_info_reg|                                               ; 11.3 (11.3)          ; 12.0 (12.0)                      ; 0.7 (0.7)                                         ; 0.0 (0.0)                        ; 0.0 (0.0)            ; 18 (18)             ; 10 (10)                   ; 0 (0)         ; 0                 ; 0     ; 0                        ; 0                                      ; 0                                                 ; 0    ; 0            ; 0 (0)  ; auto_fab_0|alt_sld_fab_0|alt_sld_fab_0|sldfabric|jtag_hub_gen.real_sld_jtag_hub|hub_info_reg                                                             ; sld_rom_sr                                                            ; altera_work                        ;
;                   |shadow_jsm|                                                 ; 10.2 (10.2)          ; 11.8 (11.8)                      ; 1.7 (1.7)                                         ; 0.0 (0.0)                        ; 0.0 (0.0)            ; 19 (19)             ; 19 (19)                   ; 0 (0)         ; 0                 ; 0     ; 0                        ; 0                                      ; 0                                                 ; 0    ; 0            ; 0 (0)  ; auto_fab_0|alt_sld_fab_0|alt_sld_fab_0|sldfabric|jtag_hub_gen.real_sld_jtag_hub|shadow_jsm                                                               ; sld_shadow_jsm                                                        ; altera_work                        ;
;    |issp_inst|                                                                 ; 11.5 (0.0)           ; 11.5 (0.0)                       ; 0.0 (0.0)                                         ; 0.0 (0.0)                        ; 0.0 (0.0)            ; 15 (0)              ; 10 (0)                    ; 0 (0)         ; 0                 ; 0     ; 0                        ; 0                                      ; 0                                                 ; 0    ; 0            ; 0 (0)  ; issp_inst                                                                                                                                                ; altsource_probe                                                       ; altera_work                        ;
;       |altsource_probe_body_inst|                                              ; 11.5 (0.3)           ; 11.5 (0.5)                       ; 0.0 (0.2)                                         ; 0.0 (0.0)                        ; 0.0 (0.0)            ; 15 (1)              ; 10 (0)                    ; 0 (0)         ; 0                 ; 0     ; 0                        ; 0                                      ; 0                                                 ; 0    ; 0            ; 0 (0)  ; issp_inst|altsource_probe_body_inst                                                                                                                      ; altsource_probe_body                                                  ; altera_work                        ;
;          |wider_source_gen.wider_source_inst|                                  ; 11.0 (4.7)           ; 11.0 (4.7)                       ; 0.0 (0.0)                                         ; 0.0 (0.0)                        ; 0.0 (0.0)            ; 14 (5)              ; 10 (3)                    ; 0 (0)         ; 0                 ; 0     ; 0                        ; 0                                      ; 0                                                 ; 0    ; 0            ; 0 (0)  ; issp_inst|altsource_probe_body_inst|wider_source_gen.wider_source_inst                                                                                   ; altsource_probe_impl                                                  ; altera_work                        ;
;             |no_instance_id_gen.rom_info_inst|                                 ; 6.3 (6.3)            ; 6.3 (6.3)                        ; 0.0 (0.0)                                         ; 0.0 (0.0)                        ; 0.0 (0.0)            ; 9 (9)               ; 7 (7)                     ; 0 (0)         ; 0                 ; 0     ; 0                        ; 0                                      ; 0                                                 ; 0    ; 0            ; 0 (0)  ; issp_inst|altsource_probe_body_inst|wider_source_gen.wider_source_inst|no_instance_id_gen.rom_info_inst                                                  ; sld_rom_sr                                                            ; altera_work                        ;
;    |reset_gen|                                                                 ; 0.2 (0.2)            ; 5.2 (0.2)                        ; 5.0 (0.0)                                         ; 0.0 (0.0)                        ; 0.0 (0.0)            ; 0 (0)               ; 21 (1)                    ; 0 (0)         ; 0                 ; 0     ; 0                        ; 0                                      ; 0                                                 ; 0    ; 0            ; 0 (0)  ; reset_gen                                                                                                                                                ; power_on_reset                                                        ; altera_work                        ;
;       |power_on_reset_std_sync_inst|                                           ; 0.0 (0.0)            ; 5.0 (5.0)                        ; 5.0 (5.0)                                         ; 0.0 (0.0)                        ; 0.0 (0.0)            ; 0 (0)               ; 20 (20)                   ; 0 (0)         ; 0                 ; 0     ; 0                        ; 0                                      ; 0                                                 ; 0    ; 0            ; 0 (0)  ; reset_gen|power_on_reset_std_sync_inst                                                                                                                   ; altera_std_synchronizer                                               ; intel_niosv_dbg_mod_210            ;
;    |u0|                                                                        ; 3511.5 (0.0)         ; 4017.0 (0.0)                     ; 515.5 (0.0)                                       ; 10.0 (0.0)                       ; 80.0 (0.0)           ; 5370 (0)            ; 4475 (0)                  ; 0 (0)         ; 2171648           ; 138   ; 2                        ; 3                                      ; 0                                                 ; 0    ; 0            ; 0 (0)  ; u0                                                                                                                                                       ; sys                                                                   ; sys                                ;
;       |cpu|                                                                    ; 2523.3 (0.0)         ; 2946.6 (0.0)                     ; 429.7 (0.0)                                       ; 6.5 (0.0)                        ; 80.0 (0.0)           ; 3745 (0)            ; 3237 (0)                  ; 0 (0)         ; 73472             ; 8     ; 2                        ; 3                                      ; 0                                                 ; 0    ; 0            ; 0 (0)  ; u0|cpu                                                                                                                                                   ; cpu                                                                   ; cpu                                ;
;          |intel_niosv_g_inst|                                                  ; 2523.3 (0.0)         ; 2946.6 (0.0)                     ; 429.7 (0.0)                                       ; 6.5 (0.0)                        ; 80.0 (0.0)           ; 3745 (0)            ; 3237 (0)                  ; 0 (0)         ; 73472             ; 8     ; 2                        ; 3                                      ; 0                                                 ; 0    ; 0            ; 0 (0)  ; u0|cpu|intel_niosv_g_inst                                                                                                                                ; cpu_intel_niosv_g_220_s36epii                                         ; intel_niosv_g_220                  ;
;             |dbg_mod|                                                          ; 336.6 (0.0)          ; 461.9 (0.0)                      ; 126.3 (0.0)                                       ; 1.0 (0.0)                        ; 60.0 (0.0)           ; 415 (0)             ; 728 (0)                   ; 0 (0)         ; 0                 ; 0     ; 0                        ; 0                                      ; 0                                                 ; 0    ; 0            ; 0 (0)  ; u0|cpu|intel_niosv_g_inst|dbg_mod                                                                                                                        ; niosv_dm_top                                                          ; intel_niosv_dbg_mod_210            ;
;                |dm_inst|                                                       ; 261.1 (169.3)        ; 294.6 (201.1)                    ; 34.1 (32.3)                                       ; 0.5 (0.5)                        ; 60.0 (0.0)           ; 348 (307)           ; 308 (222)                 ; 0 (0)         ; 0                 ; 0     ; 0                        ; 0                                      ; 0                                                 ; 0    ; 0            ; 0 (0)  ; u0|cpu|intel_niosv_g_inst|dbg_mod|dm_inst                                                                                                                ; niosv_debug_module                                                    ; intel_niosv_dbg_mod_210            ;
;                   |dbg_rom_inst|                                               ; 61.1 (0.0)           ; 62.6 (0.0)                       ; 1.5 (0.0)                                         ; 0.0 (0.0)                        ; 40.0 (0.0)           ; 41 (0)              ; 45 (0)                    ; 0 (0)         ; 0                 ; 0     ; 0                        ; 0                                      ; 0                                                 ; 0    ; 0            ; 0 (0)  ; u0|cpu|intel_niosv_g_inst|dbg_mod|dm_inst|dbg_rom_inst                                                                                                   ; niosv_ram                                                             ; intel_niosv_dbg_mod_210            ;
;                      |ram_no_ecc.data_ram|                                     ; 61.1 (0.0)           ; 62.6 (0.0)                       ; 1.5 (0.0)                                         ; 0.0 (0.0)                        ; 40.0 (0.0)           ; 41 (0)              ; 45 (0)                    ; 0 (0)         ; 0                 ; 0     ; 0                        ; 0                                      ; 0                                                 ; 0    ; 0            ; 0 (0)  ; u0|cpu|intel_niosv_g_inst|dbg_mod|dm_inst|dbg_rom_inst|ram_no_ecc.data_ram                                                                               ; altsyncram                                                            ; altera_work                        ;
;                         |auto_generated|                                       ; 61.1 (60.1)          ; 62.6 (61.6)                      ; 1.5 (1.5)                                         ; 0.0 (0.0)                        ; 40.0 (40.0)          ; 41 (39)             ; 45 (45)                   ; 0 (0)         ; 0                 ; 0     ; 0                        ; 0                                      ; 0                                                 ; 0    ; 0            ; 0 (0)  ; u0|cpu|intel_niosv_g_inst|dbg_mod|dm_inst|dbg_rom_inst|ram_no_ecc.data_ram|auto_generated                                                                ; altsyncram_1m2d1                                                      ; altera_work                        ;
;                            |wr_decode|                                         ; 1.0 (1.0)            ; 1.0 (1.0)                        ; 0.0 (0.0)                                         ; 0.0 (0.0)                        ; 0.0 (0.0)            ; 2 (2)               ; 0 (0)                     ; 0 (0)         ; 0                 ; 0     ; 0                        ; 0                                      ; 0                                                 ; 0    ; 0            ; 0 (0)  ; u0|cpu|intel_niosv_g_inst|dbg_mod|dm_inst|dbg_rom_inst|ram_no_ecc.data_ram|auto_generated|wr_decode                                                      ; decode_6n1m1                                                          ; altera_work                        ;
;                   |niosv_dm_csr_mem_inst|                                      ; 30.7 (0.0)           ; 30.9 (0.0)                       ; 0.2 (0.0)                                         ; 0.0 (0.0)                        ; 20.0 (0.0)           ; 0 (0)               ; 41 (0)                    ; 0 (0)         ; 0                 ; 0     ; 0                        ; 0                                      ; 0                                                 ; 0    ; 0            ; 0 (0)  ; u0|cpu|intel_niosv_g_inst|dbg_mod|dm_inst|niosv_dm_csr_mem_inst                                                                                          ; niosv_ram                                                             ; intel_niosv_dbg_mod_210            ;
;                      |ram_no_ecc.data_ram|                                     ; 30.7 (0.0)           ; 30.9 (0.0)                       ; 0.2 (0.0)                                         ; 0.0 (0.0)                        ; 20.0 (0.0)           ; 0 (0)               ; 41 (0)                    ; 0 (0)         ; 0                 ; 0     ; 0                        ; 0                                      ; 0                                                 ; 0    ; 0            ; 0 (0)  ; u0|cpu|intel_niosv_g_inst|dbg_mod|dm_inst|niosv_dm_csr_mem_inst|ram_no_ecc.data_ram                                                                      ; altsyncram                                                            ; altera_work                        ;
;                         |auto_generated|                                       ; 30.7 (30.7)          ; 30.9 (30.9)                      ; 0.2 (0.2)                                         ; 0.0 (0.0)                        ; 20.0 (20.0)          ; 0 (0)               ; 41 (41)                   ; 0 (0)         ; 0                 ; 0     ; 0                        ; 0                                      ; 0                                                 ; 0    ; 0            ; 0 (0)  ; u0|cpu|intel_niosv_g_inst|dbg_mod|dm_inst|niosv_dm_csr_mem_inst|ram_no_ecc.data_ram|auto_generated                                                       ; altsyncram_45d12                                                      ; altera_work                        ;
;                |dtm_inst|                                                      ; 75.5 (68.7)          ; 167.3 (86.5)                     ; 92.3 (17.8)                                       ; 0.5 (0.0)                        ; 0.0 (0.0)            ; 67 (55)             ; 420 (162)                 ; 0 (0)         ; 0                 ; 0     ; 0                        ; 0                                      ; 0                                                 ; 0    ; 0            ; 0 (0)  ; u0|cpu|intel_niosv_g_inst|dbg_mod|dtm_inst                                                                                                               ; niosv_dm_jtag2mm                                                      ; intel_niosv_dbg_mod_210            ;
;                   |cmd_clk_xer|                                                ; 3.0 (0.0)            ; 46.3 (0.0)                       ; 43.3 (0.0)                                        ; 0.0 (0.0)                        ; 0.0 (0.0)            ; 6 (0)               ; 144 (0)                   ; 0 (0)         ; 0                 ; 0     ; 0                        ; 0                                      ; 0                                                 ; 0    ; 0            ; 0 (0)  ; u0|cpu|intel_niosv_g_inst|dbg_mod|dtm_inst|cmd_clk_xer                                                                                                   ; altera_avalon_st_handshake_clock_crosser                              ; intel_niosv_dbg_mod_210            ;
;                      |clock_xer|                                               ; 3.0 (1.6)            ; 46.3 (30.3)                      ; 43.3 (28.7)                                       ; 0.0 (0.0)                        ; 0.0 (0.0)            ; 6 (5)               ; 144 (90)                  ; 0 (0)         ; 0                 ; 0     ; 0                        ; 0                                      ; 0                                                 ; 0    ; 0            ; 0 (0)  ; u0|cpu|intel_niosv_g_inst|dbg_mod|dtm_inst|cmd_clk_xer|clock_xer                                                                                         ; altera_avalon_st_clock_crosser                                        ; intel_niosv_dbg_mod_210            ;
;                         |alt_rst_req_sync_in_rst|                              ; 0.0 (0.0)            ; 1.0 (1.0)                        ; 1.0 (1.0)                                         ; 0.0 (0.0)                        ; 0.0 (0.0)            ; 0 (0)               ; 3 (3)                     ; 0 (0)         ; 0                 ; 0     ; 0                        ; 0                                      ; 0                                                 ; 0    ; 0            ; 0 (0)  ; u0|cpu|intel_niosv_g_inst|dbg_mod|dtm_inst|cmd_clk_xer|clock_xer|alt_rst_req_sync_in_rst                                                                 ; altera_reset_synchronizer                                             ; intel_niosv_dbg_mod_210            ;
;                         |alt_rst_req_sync_out_rst|                             ; -0.2 (-0.2)          ; 1.0 (1.0)                        ; 1.2 (1.2)                                         ; 0.0 (0.0)                        ; 0.0 (0.0)            ; 0 (0)               ; 3 (3)                     ; 0 (0)         ; 0                 ; 0     ; 0                        ; 0                                      ; 0                                                 ; 0    ; 0            ; 0 (0)  ; u0|cpu|intel_niosv_g_inst|dbg_mod|dtm_inst|cmd_clk_xer|clock_xer|alt_rst_req_sync_out_rst                                                                ; altera_reset_synchronizer                                             ; intel_niosv_dbg_mod_210            ;
;                         |in_to_out_synchronizer|                               ; 0.4 (0.4)            ; 0.4 (0.4)                        ; 0.0 (0.0)                                         ; 0.0 (0.0)                        ; 0.0 (0.0)            ; 0 (0)               ; 2 (2)                     ; 0 (0)         ; 0                 ; 0     ; 0                        ; 0                                      ; 0                                                 ; 0    ; 0            ; 0 (0)  ; u0|cpu|intel_niosv_g_inst|dbg_mod|dtm_inst|cmd_clk_xer|clock_xer|in_to_out_synchronizer                                                                  ; altera_std_synchronizer_nocut                                         ; intel_niosv_dbg_mod_210            ;
;                         |out_to_in_synchronizer|                               ; 0.2 (0.2)            ; 0.5 (0.5)                        ; 0.3 (0.3)                                         ; 0.0 (0.0)                        ; 0.0 (0.0)            ; 0 (0)               ; 2 (2)                     ; 0 (0)         ; 0                 ; 0     ; 0                        ; 0                                      ; 0                                                 ; 0    ; 0            ; 0 (0)  ; u0|cpu|intel_niosv_g_inst|dbg_mod|dtm_inst|cmd_clk_xer|clock_xer|out_to_in_synchronizer                                                                  ; altera_std_synchronizer_nocut                                         ; intel_niosv_dbg_mod_210            ;
;                         |output_stage|                                         ; 1.0 (1.0)            ; 13.1 (13.1)                      ; 12.1 (12.1)                                       ; 0.0 (0.0)                        ; 0.0 (0.0)            ; 1 (1)               ; 44 (44)                   ; 0 (0)         ; 0                 ; 0     ; 0                        ; 0                                      ; 0                                                 ; 0    ; 0            ; 0 (0)  ; u0|cpu|intel_niosv_g_inst|dbg_mod|dtm_inst|cmd_clk_xer|clock_xer|output_stage                                                                            ; altera_avalon_st_pipeline_base                                        ; intel_niosv_dbg_mod_210            ;
;                   |rsp_clk_xer|                                                ; 2.7 (0.0)            ; 32.8 (0.0)                       ; 30.5 (0.0)                                        ; 0.5 (0.0)                        ; 0.0 (0.0)            ; 4 (0)               ; 111 (0)                   ; 0 (0)         ; 0                 ; 0     ; 0                        ; 0                                      ; 0                                                 ; 0    ; 0            ; 0 (0)  ; u0|cpu|intel_niosv_g_inst|dbg_mod|dtm_inst|rsp_clk_xer                                                                                                   ; altera_avalon_st_handshake_clock_crosser                              ; intel_niosv_dbg_mod_210            ;
;                      |clock_xer|                                               ; 2.7 (1.5)            ; 32.8 (19.1)                      ; 30.5 (17.9)                                       ; 0.5 (0.3)                        ; 0.0 (0.0)            ; 4 (3)               ; 111 (68)                  ; 0 (0)         ; 0                 ; 0     ; 0                        ; 0                                      ; 0                                                 ; 0    ; 0            ; 0 (0)  ; u0|cpu|intel_niosv_g_inst|dbg_mod|dtm_inst|rsp_clk_xer|clock_xer                                                                                         ; altera_avalon_st_clock_crosser                                        ; intel_niosv_dbg_mod_210            ;
;                         |alt_rst_req_sync_in_rst|                              ; 0.2 (0.2)            ; 1.0 (1.0)                        ; 0.8 (0.8)                                         ; 0.0 (0.0)                        ; 0.0 (0.0)            ; 0 (0)               ; 3 (3)                     ; 0 (0)         ; 0                 ; 0     ; 0                        ; 0                                      ; 0                                                 ; 0    ; 0            ; 0 (0)  ; u0|cpu|intel_niosv_g_inst|dbg_mod|dtm_inst|rsp_clk_xer|clock_xer|alt_rst_req_sync_in_rst                                                                 ; altera_reset_synchronizer                                             ; intel_niosv_dbg_mod_210            ;
;                         |alt_rst_req_sync_out_rst|                             ; 0.0 (0.0)            ; 1.0 (1.0)                        ; 1.0 (1.0)                                         ; 0.0 (0.0)                        ; 0.0 (0.0)            ; 0 (0)               ; 3 (3)                     ; 0 (0)         ; 0                 ; 0     ; 0                        ; 0                                      ; 0                                                 ; 0    ; 0            ; 0 (0)  ; u0|cpu|intel_niosv_g_inst|dbg_mod|dtm_inst|rsp_clk_xer|clock_xer|alt_rst_req_sync_out_rst                                                                ; altera_reset_synchronizer                                             ; intel_niosv_dbg_mod_210            ;
;                         |in_to_out_synchronizer|                               ; 0.2 (0.2)            ; 0.8 (0.8)                        ; 0.6 (0.6)                                         ; 0.1 (0.1)                        ; 0.0 (0.0)            ; 0 (0)               ; 2 (2)                     ; 0 (0)         ; 0                 ; 0     ; 0                        ; 0                                      ; 0                                                 ; 0    ; 0            ; 0 (0)  ; u0|cpu|intel_niosv_g_inst|dbg_mod|dtm_inst|rsp_clk_xer|clock_xer|in_to_out_synchronizer                                                                  ; altera_std_synchronizer_nocut                                         ; intel_niosv_dbg_mod_210            ;
;                         |out_to_in_synchronizer|                               ; 0.2 (0.2)            ; 0.8 (0.8)                        ; 0.6 (0.6)                                         ; 0.1 (0.1)                        ; 0.0 (0.0)            ; 0 (0)               ; 2 (2)                     ; 0 (0)         ; 0                 ; 0     ; 0                        ; 0                                      ; 0                                                 ; 0    ; 0            ; 0 (0)  ; u0|cpu|intel_niosv_g_inst|dbg_mod|dtm_inst|rsp_clk_xer|clock_xer|out_to_in_synchronizer                                                                  ; altera_std_synchronizer_nocut                                         ; intel_niosv_dbg_mod_210            ;
;                         |output_stage|                                         ; 0.6 (0.6)            ; 10.1 (10.1)                      ; 9.6 (9.6)                                         ; 0.1 (0.1)                        ; 0.0 (0.0)            ; 1 (1)               ; 33 (33)                   ; 0 (0)         ; 0                 ; 0     ; 0                        ; 0                                      ; 0                                                 ; 0    ; 0            ; 0 (0)  ; u0|cpu|intel_niosv_g_inst|dbg_mod|dtm_inst|rsp_clk_xer|clock_xer|output_stage                                                                            ; altera_avalon_st_pipeline_base                                        ; intel_niosv_dbg_mod_210            ;
;                   |rst_controller|                                             ; 0.2 (0.0)            ; 1.0 (0.0)                        ; 0.8 (0.0)                                         ; 0.0 (0.0)                        ; 0.0 (0.0)            ; 0 (0)               ; 3 (0)                     ; 0 (0)         ; 0                 ; 0     ; 0                        ; 0                                      ; 0                                                 ; 0    ; 0            ; 0 (0)  ; u0|cpu|intel_niosv_g_inst|dbg_mod|dtm_inst|rst_controller                                                                                                ; altera_reset_controller                                               ; intel_niosv_dbg_mod_210            ;
;                      |alt_rst_sync_uq1|                                        ; 0.2 (0.2)            ; 1.0 (1.0)                        ; 0.8 (0.8)                                         ; 0.0 (0.0)                        ; 0.0 (0.0)            ; 0 (0)               ; 3 (3)                     ; 0 (0)         ; 0                 ; 0     ; 0                        ; 0                                      ; 0                                                 ; 0    ; 0            ; 0 (0)  ; u0|cpu|intel_niosv_g_inst|dbg_mod|dtm_inst|rst_controller|alt_rst_sync_uq1                                                                               ; altera_reset_synchronizer                                             ; intel_niosv_dbg_mod_210            ;
;                   |vjtag_inst|                                                 ; 0.8 (0.0)            ; 0.8 (0.0)                        ; 0.0 (0.0)                                         ; 0.0 (0.0)                        ; 0.0 (0.0)            ; 2 (0)               ; 0 (0)                     ; 0 (0)         ; 0                 ; 0     ; 0                        ; 0                                      ; 0                                                 ; 0    ; 0            ; 0 (0)  ; u0|cpu|intel_niosv_g_inst|dbg_mod|dtm_inst|vjtag_inst                                                                                                    ; sld_virtual_jtag_basic                                                ; altera_work                        ;
;                      |sld_virtual_jtag_impl_inst|                              ; 0.8 (0.8)            ; 0.8 (0.8)                        ; 0.0 (0.0)                                         ; 0.0 (0.0)                        ; 0.0 (0.0)            ; 2 (2)               ; 0 (0)                     ; 0 (0)         ; 0                 ; 0     ; 0                        ; 0                                      ; 0                                                 ; 0    ; 0            ; 0 (0)  ; u0|cpu|intel_niosv_g_inst|dbg_mod|dtm_inst|vjtag_inst|sld_virtual_jtag_impl_inst                                                                         ; sld_virtual_jtag_impl                                                 ; altera_work                        ;
;             |hart|                                                             ; 2048.4 (0.0)         ; 2335.7 (0.0)                     ; 292.8 (0.0)                                       ; 5.5 (0.0)                        ; 20.0 (0.0)           ; 3127 (0)            ; 2345 (0)                  ; 0 (0)         ; 73472             ; 8     ; 2                        ; 3                                      ; 0                                                 ; 0    ; 0            ; 0 (0)  ; u0|cpu|intel_niosv_g_inst|hart                                                                                                                           ; cpu_intel_niosv_g_unit_220_e43awka                                    ; intel_niosv_g_unit_220             ;
;                |core_inst|                                                     ; 2048.4 (689.2)       ; 2335.7 (855.7)                   ; 292.8 (168.3)                                     ; 5.5 (1.8)                        ; 20.0 (0.0)           ; 3127 (883)          ; 2345 (1093)               ; 0 (0)         ; 73472             ; 8     ; 2                        ; 3                                      ; 0                                                 ; 0    ; 0            ; 0 (0)  ; u0|cpu|intel_niosv_g_inst|hart|core_inst                                                                                                                 ; niosv_g_core_cpu_intel_niosv_g_unit_220_e43awka                       ; intel_niosv_g_unit_220             ;
;                   |alu_inst|                                                   ; 251.9 (251.9)        ; 257.8 (257.8)                    ; 5.9 (5.9)                                         ; 0.0 (0.0)                        ; 0.0 (0.0)            ; 357 (357)           ; 0 (0)                     ; 0 (0)         ; 0                 ; 0     ; 0                        ; 0                                      ; 0                                                 ; 0    ; 0            ; 0 (0)  ; u0|cpu|intel_niosv_g_inst|hart|core_inst|alu_inst                                                                                                        ; niosv_alu                                                             ; intel_niosv_g_unit_220             ;
;                   |csr_inst|                                                   ; 348.8 (345.3)        ; 351.2 (346.8)                    ; 3.4 (2.5)                                         ; 1.1 (1.1)                        ; 0.0 (0.0)            ; 535 (531)           ; 331 (319)                 ; 0 (0)         ; 0                 ; 0     ; 0                        ; 0                                      ; 0                                                 ; 0    ; 0            ; 0 (0)  ; u0|cpu|intel_niosv_g_inst|hart|core_inst|csr_inst                                                                                                        ; niosv_csr                                                             ; intel_niosv_g_unit_220             ;
;                      |irq_inst|                                                ; 3.5 (3.5)            ; 4.4 (4.4)                        ; 0.9 (0.9)                                         ; 0.0 (0.0)                        ; 0.0 (0.0)            ; 4 (4)               ; 12 (12)                   ; 0 (0)         ; 0                 ; 0     ; 0                        ; 0                                      ; 0                                                 ; 0    ; 0            ; 0 (0)  ; u0|cpu|intel_niosv_g_inst|hart|core_inst|csr_inst|irq_inst                                                                                               ; niosv_interrupt_handler                                               ; intel_niosv_g_unit_220             ;
;                   |gen_muldiv.div_inst|                                        ; 124.5 (124.5)        ; 129.7 (129.7)                    ; 5.2 (5.2)                                         ; 0.0 (0.0)                        ; 0.0 (0.0)            ; 237 (237)           ; 176 (176)                 ; 0 (0)         ; 0                 ; 0     ; 0                        ; 0                                      ; 0                                                 ; 0    ; 0            ; 0 (0)  ; u0|cpu|intel_niosv_g_inst|hart|core_inst|gen_muldiv.div_inst                                                                                             ; niosv_divider                                                         ; intel_niosv_g_unit_220             ;
;                   |gen_muldiv.mul_inst|                                        ; 41.4 (20.0)          ; 41.1 (20.3)                      ; 0.0 (0.7)                                         ; 0.3 (0.3)                        ; 0.0 (0.0)            ; 84 (36)             ; 37 (37)                   ; 0 (0)         ; 0                 ; 0     ; 2                        ; 3                                      ; 0                                                 ; 0    ; 0            ; 0 (0)  ; u0|cpu|intel_niosv_g_inst|hart|core_inst|gen_muldiv.mul_inst                                                                                             ; niosv_multiplier                                                      ; intel_niosv_g_unit_220             ;
;                      |dsp_mult_inst|                                           ; 20.7 (0.0)           ; 20.7 (0.0)                       ; 0.0 (0.0)                                         ; 0.0 (0.0)                        ; 0.0 (0.0)            ; 48 (0)              ; 0 (0)                     ; 0 (0)         ; 0                 ; 0     ; 2                        ; 3                                      ; 0                                                 ; 0    ; 0            ; 0 (0)  ; u0|cpu|intel_niosv_g_inst|hart|core_inst|gen_muldiv.mul_inst|dsp_mult_inst                                                                               ; altera_mult_add                                                       ; altera_work                        ;
;                         |auto_generated|                                       ; 20.7 (0.0)           ; 20.7 (0.0)                       ; 0.0 (0.0)                                         ; 0.0 (0.0)                        ; 0.0 (0.0)            ; 48 (0)              ; 0 (0)                     ; 0 (0)         ; 0                 ; 0     ; 2                        ; 3                                      ; 0                                                 ; 0    ; 0            ; 0 (0)  ; u0|cpu|intel_niosv_g_inst|hart|core_inst|gen_muldiv.mul_inst|dsp_mult_inst|auto_generated                                                                ; altera_mult_add_67m11                                                 ; altera_work                        ;
;                            |altera_mult_add_rtl1|                              ; 20.7 (0.0)           ; 20.7 (0.0)                       ; 0.0 (0.0)                                         ; 0.0 (0.0)                        ; 0.0 (0.0)            ; 48 (0)              ; 0 (0)                     ; 0 (0)         ; 0                 ; 0     ; 2                        ; 3                                      ; 0                                                 ; 0    ; 0            ; 0 (0)  ; u0|cpu|intel_niosv_g_inst|hart|core_inst|gen_muldiv.mul_inst|dsp_mult_inst|auto_generated|altera_mult_add_rtl1                                           ; altera_mult_add_rtl                                                   ; altera_work                        ;
;                               |dataa_split|                                    ; 0.0 (0.0)            ; 0.2 (0.0)                        ; 0.2 (0.0)                                         ; 0.0 (0.0)                        ; 0.0 (0.0)            ; 1 (0)               ; 0 (0)                     ; 0 (0)         ; 0                 ; 0     ; 0                        ; 0                                      ; 0                                                 ; 0    ; 0            ; 0 (0)  ; u0|cpu|intel_niosv_g_inst|hart|core_inst|gen_muldiv.mul_inst|dsp_mult_inst|auto_generated|altera_mult_add_rtl1|dataa_split                               ; ama_data_split_reg_ext_function                                       ; altera_work                        ;
;                                  |data0_signed_extension_block|                ; 0.0 (0.0)            ; 0.2 (0.2)                        ; 0.2 (0.2)                                         ; 0.0 (0.0)                        ; 0.0 (0.0)            ; 1 (1)               ; 0 (0)                     ; 0 (0)         ; 0                 ; 0     ; 0                        ; 0                                      ; 0                                                 ; 0    ; 0            ; 0 (0)  ; u0|cpu|intel_niosv_g_inst|hart|core_inst|gen_muldiv.mul_inst|dsp_mult_inst|auto_generated|altera_mult_add_rtl1|dataa_split|data0_signed_extension_block  ; ama_dynamic_signed_function                                           ; altera_work                        ;
;                               |datab_split|                                    ; 0.3 (0.0)            ; 0.3 (0.0)                        ; 0.0 (0.0)                                         ; 0.0 (0.0)                        ; 0.0 (0.0)            ; 1 (0)               ; 0 (0)                     ; 0 (0)         ; 0                 ; 0     ; 0                        ; 0                                      ; 0                                                 ; 0    ; 0            ; 0 (0)  ; u0|cpu|intel_niosv_g_inst|hart|core_inst|gen_muldiv.mul_inst|dsp_mult_inst|auto_generated|altera_mult_add_rtl1|datab_split                               ; ama_data_split_reg_ext_function                                       ; altera_work                        ;
;                                  |data0_signed_extension_block|                ; 0.3 (0.3)            ; 0.3 (0.3)                        ; 0.0 (0.0)                                         ; 0.0 (0.0)                        ; 0.0 (0.0)            ; 1 (1)               ; 0 (0)                     ; 0 (0)         ; 0                 ; 0     ; 0                        ; 0                                      ; 0                                                 ; 0    ; 0            ; 0 (0)  ; u0|cpu|intel_niosv_g_inst|hart|core_inst|gen_muldiv.mul_inst|dsp_mult_inst|auto_generated|altera_mult_add_rtl1|datab_split|data0_signed_extension_block  ; ama_dynamic_signed_function                                           ; altera_work                        ;
;                               |multiplier_block|                               ; 20.2 (20.2)          ; 20.2 (20.2)                      ; 0.0 (0.0)                                         ; 0.0 (0.0)                        ; 0.0 (0.0)            ; 46 (46)             ; 0 (0)                     ; 0 (0)         ; 0                 ; 0     ; 2                        ; 3                                      ; 1                                                 ; 0    ; 0            ; 0 (0)  ; u0|cpu|intel_niosv_g_inst|hart|core_inst|gen_muldiv.mul_inst|dsp_mult_inst|auto_generated|altera_mult_add_rtl1|multiplier_block                          ; ama_multiplier_function                                               ; altera_work                        ;
;                   |gp_reg_file_inst|                                           ; 0.0 (0.0)            ; 0.0 (0.0)                        ; 0.0 (0.0)                                         ; 0.0 (0.0)                        ; 0.0 (0.0)            ; 0 (0)               ; 0 (0)                     ; 0 (0)         ; 2048              ; 2     ; 0                        ; 0                                      ; 0                                                 ; 0    ; 0            ; 0 (0)  ; u0|cpu|intel_niosv_g_inst|hart|core_inst|gp_reg_file_inst                                                                                                ; niosv_reg_file                                                        ; intel_niosv_g_unit_220             ;
;                      |reg_file_a|                                              ; 0.0 (0.0)            ; 0.0 (0.0)                        ; 0.0 (0.0)                                         ; 0.0 (0.0)                        ; 0.0 (0.0)            ; 0 (0)               ; 0 (0)                     ; 0 (0)         ; 1024              ; 1     ; 0                        ; 0                                      ; 0                                                 ; 0    ; 0            ; 0 (0)  ; u0|cpu|intel_niosv_g_inst|hart|core_inst|gp_reg_file_inst|reg_file_a                                                                                     ; niosv_ram                                                             ; intel_niosv_g_unit_220             ;
;                         |ram_no_ecc.data_ram|                                  ; 0.0 (0.0)            ; 0.0 (0.0)                        ; 0.0 (0.0)                                         ; 0.0 (0.0)                        ; 0.0 (0.0)            ; 0 (0)               ; 0 (0)                     ; 0 (0)         ; 1024              ; 1     ; 0                        ; 0                                      ; 0                                                 ; 0    ; 0            ; 0 (0)  ; u0|cpu|intel_niosv_g_inst|hart|core_inst|gp_reg_file_inst|reg_file_a|ram_no_ecc.data_ram                                                                 ; altsyncram                                                            ; altera_work                        ;
;                            |auto_generated|                                    ; 0.0 (0.0)            ; 0.0 (0.0)                        ; 0.0 (0.0)                                         ; 0.0 (0.0)                        ; 0.0 (0.0)            ; 0 (0)               ; 0 (0)                     ; 0 (0)         ; 1024              ; 1     ; 0                        ; 0                                      ; 0                                                 ; 0    ; 0            ; 0 (0)  ; u0|cpu|intel_niosv_g_inst|hart|core_inst|gp_reg_file_inst|reg_file_a|ram_no_ecc.data_ram|auto_generated                                                  ; altsyncram_j62r                                                       ; altera_work                        ;
;                      |reg_file_b|                                              ; 0.0 (0.0)            ; 0.0 (0.0)                        ; 0.0 (0.0)                                         ; 0.0 (0.0)                        ; 0.0 (0.0)            ; 0 (0)               ; 0 (0)                     ; 0 (0)         ; 1024              ; 1     ; 0                        ; 0                                      ; 0                                                 ; 0    ; 0            ; 0 (0)  ; u0|cpu|intel_niosv_g_inst|hart|core_inst|gp_reg_file_inst|reg_file_b                                                                                     ; niosv_ram                                                             ; intel_niosv_g_unit_220             ;
;                         |ram_no_ecc.data_ram|                                  ; 0.0 (0.0)            ; 0.0 (0.0)                        ; 0.0 (0.0)                                         ; 0.0 (0.0)                        ; 0.0 (0.0)            ; 0 (0)               ; 0 (0)                     ; 0 (0)         ; 1024              ; 1     ; 0                        ; 0                                      ; 0                                                 ; 0    ; 0            ; 0 (0)  ; u0|cpu|intel_niosv_g_inst|hart|core_inst|gp_reg_file_inst|reg_file_b|ram_no_ecc.data_ram                                                                 ; altsyncram                                                            ; altera_work                        ;
;                            |auto_generated|                                    ; 0.0 (0.0)            ; 0.0 (0.0)                        ; 0.0 (0.0)                                         ; 0.0 (0.0)                        ; 0.0 (0.0)            ; 0 (0)               ; 0 (0)                     ; 0 (0)         ; 1024              ; 1     ; 0                        ; 0                                      ; 0                                                 ; 0    ; 0            ; 0 (0)  ; u0|cpu|intel_niosv_g_inst|hart|core_inst|gp_reg_file_inst|reg_file_b|ram_no_ecc.data_ram|auto_generated                                                  ; altsyncram_j62r                                                       ; altera_work                        ;
;                   |icache_inst|                                                ; 129.5 (129.5)        ; 158.8 (158.8)                    ; 29.3 (29.3)                                       ; 0.0 (0.0)                        ; 0.0 (0.0)            ; 256 (256)           ; 167 (167)                 ; 0 (0)         ; 35840             ; 3     ; 0                        ; 0                                      ; 0                                                 ; 0    ; 0            ; 0 (0)  ; u0|cpu|intel_niosv_g_inst|hart|core_inst|icache_inst                                                                                                     ; niosv_g_instr_cache                                                   ; intel_niosv_g_unit_220             ;
;                      |icache_iram|                                             ; 0.0 (0.0)            ; 0.0 (0.0)                        ; 0.0 (0.0)                                         ; 0.0 (0.0)                        ; 0.0 (0.0)            ; 0 (0)               ; 0 (0)                     ; 0 (0)         ; 32768             ; 2     ; 0                        ; 0                                      ; 0                                                 ; 0    ; 0            ; 0 (0)  ; u0|cpu|intel_niosv_g_inst|hart|core_inst|icache_inst|icache_iram                                                                                         ; niosv_ram                                                             ; intel_niosv_g_unit_220             ;
;                         |ram_no_ecc.data_ram|                                  ; 0.0 (0.0)            ; 0.0 (0.0)                        ; 0.0 (0.0)                                         ; 0.0 (0.0)                        ; 0.0 (0.0)            ; 0 (0)               ; 0 (0)                     ; 0 (0)         ; 32768             ; 2     ; 0                        ; 0                                      ; 0                                                 ; 0    ; 0            ; 0 (0)  ; u0|cpu|intel_niosv_g_inst|hart|core_inst|icache_inst|icache_iram|ram_no_ecc.data_ram                                                                     ; altsyncram                                                            ; altera_work                        ;
;                            |auto_generated|                                    ; 0.0 (0.0)            ; 0.0 (0.0)                        ; 0.0 (0.0)                                         ; 0.0 (0.0)                        ; 0.0 (0.0)            ; 0 (0)               ; 0 (0)                     ; 0 (0)         ; 32768             ; 2     ; 0                        ; 0                                      ; 0                                                 ; 0    ; 0            ; 0 (0)  ; u0|cpu|intel_niosv_g_inst|hart|core_inst|icache_inst|icache_iram|ram_no_ecc.data_ram|auto_generated                                                      ; altsyncram_b4v01                                                      ; altera_work                        ;
;                      |icache_tag_ram|                                          ; 0.0 (0.0)            ; 0.0 (0.0)                        ; 0.0 (0.0)                                         ; 0.0 (0.0)                        ; 0.0 (0.0)            ; 0 (0)               ; 0 (0)                     ; 0 (0)         ; 3072              ; 1     ; 0                        ; 0                                      ; 0                                                 ; 0    ; 0            ; 0 (0)  ; u0|cpu|intel_niosv_g_inst|hart|core_inst|icache_inst|icache_tag_ram                                                                                      ; niosv_ram                                                             ; intel_niosv_g_unit_220             ;
;                         |ram_no_ecc.data_ram|                                  ; 0.0 (0.0)            ; 0.0 (0.0)                        ; 0.0 (0.0)                                         ; 0.0 (0.0)                        ; 0.0 (0.0)            ; 0 (0)               ; 0 (0)                     ; 0 (0)         ; 3072              ; 1     ; 0                        ; 0                                      ; 0                                                 ; 0    ; 0            ; 0 (0)  ; u0|cpu|intel_niosv_g_inst|hart|core_inst|icache_inst|icache_tag_ram|ram_no_ecc.data_ram                                                                  ; altsyncram                                                            ; altera_work                        ;
;                            |auto_generated|                                    ; 0.0 (0.0)            ; 0.0 (0.0)                        ; 0.0 (0.0)                                         ; 0.0 (0.0)                        ; 0.0 (0.0)            ; 0 (0)               ; 0 (0)                     ; 0 (0)         ; 3072              ; 1     ; 0                        ; 0                                      ; 0                                                 ; 0    ; 0            ; 0 (0)  ; u0|cpu|intel_niosv_g_inst|hart|core_inst|icache_inst|icache_tag_ram|ram_no_ecc.data_ram|auto_generated                                                   ; altsyncram_ro1q                                                       ; altera_work                        ;
;                   |instr_decoder_inst|                                         ; 50.7 (50.7)          ; 51.1 (51.1)                      ; 0.8 (0.8)                                         ; 0.3 (0.3)                        ; 0.0 (0.0)            ; 110 (110)           ; 0 (0)                     ; 0 (0)         ; 0                 ; 0     ; 0                        ; 0                                      ; 0                                                 ; 0    ; 0            ; 0 (0)  ; u0|cpu|intel_niosv_g_inst|hart|core_inst|instr_decoder_inst                                                                                              ; instr_decoder_cpu_intel_niosv_g_unit_220_e43awka                      ; intel_niosv_g_unit_220             ;
;                   |instr_fetch_inst|                                           ; 111.4 (71.8)         ; 170.7 (86.8)                     ; 60.2 (15.4)                                       ; 0.9 (0.5)                        ; 0.0 (0.0)            ; 181 (131)           ; 248 (114)                 ; 0 (0)         ; 0                 ; 0     ; 0                        ; 0                                      ; 0                                                 ; 0    ; 0            ; 0 (0)  ; u0|cpu|intel_niosv_g_inst|hart|core_inst|instr_fetch_inst                                                                                                ; niosv_g_fetch                                                         ; intel_niosv_g_unit_220             ;
;                      |buffer_inst|                                             ; 39.6 (39.6)          ; 83.9 (83.9)                      ; 44.8 (44.8)                                       ; 0.4 (0.4)                        ; 0.0 (0.0)            ; 50 (50)             ; 134 (134)                 ; 0 (0)         ; 0                 ; 0     ; 0                        ; 0                                      ; 0                                                 ; 0    ; 0            ; 0 (0)  ; u0|cpu|intel_niosv_g_inst|hart|core_inst|instr_fetch_inst|buffer_inst                                                                                    ; niosv_instr_buffer                                                    ; intel_niosv_g_unit_220             ;
;                   |lsu_inst|                                                   ; 299.1 (240.1)        ; 319.7 (256.1)                    ; 21.6 (17.0)                                       ; 1.0 (1.0)                        ; 20.0 (0.0)           ; 484 (421)           ; 293 (244)                 ; 0 (0)         ; 35584             ; 3     ; 0                        ; 0                                      ; 0                                                 ; 0    ; 0            ; 0 (0)  ; u0|cpu|intel_niosv_g_inst|hart|core_inst|lsu_inst                                                                                                        ; niosv_g_dcache                                                        ; intel_niosv_g_unit_220             ;
;                      |dcache_data_inst|                                        ; 0.0 (0.0)            ; 0.0 (0.0)                        ; 0.0 (0.0)                                         ; 0.0 (0.0)                        ; 0.0 (0.0)            ; 0 (0)               ; 0 (0)                     ; 0 (0)         ; 32768             ; 2     ; 0                        ; 0                                      ; 0                                                 ; 0    ; 0            ; 0 (0)  ; u0|cpu|intel_niosv_g_inst|hart|core_inst|lsu_inst|dcache_data_inst                                                                                       ; niosv_ram                                                             ; intel_niosv_g_unit_220             ;
;                         |ram_no_ecc.data_ram|                                  ; 0.0 (0.0)            ; 0.0 (0.0)                        ; 0.0 (0.0)                                         ; 0.0 (0.0)                        ; 0.0 (0.0)            ; 0 (0)               ; 0 (0)                     ; 0 (0)         ; 32768             ; 2     ; 0                        ; 0                                      ; 0                                                 ; 0    ; 0            ; 0 (0)  ; u0|cpu|intel_niosv_g_inst|hart|core_inst|lsu_inst|dcache_data_inst|ram_no_ecc.data_ram                                                                   ; altsyncram                                                            ; altera_work                        ;
;                            |auto_generated|                                    ; 0.0 (0.0)            ; 0.0 (0.0)                        ; 0.0 (0.0)                                         ; 0.0 (0.0)                        ; 0.0 (0.0)            ; 0 (0)               ; 0 (0)                     ; 0 (0)         ; 32768             ; 2     ; 0                        ; 0                                      ; 0                                                 ; 0    ; 0            ; 0 (0)  ; u0|cpu|intel_niosv_g_inst|hart|core_inst|lsu_inst|dcache_data_inst|ram_no_ecc.data_ram|auto_generated                                                    ; altsyncram_b4v01                                                      ; altera_work                        ;
;                      |dcache_tag_ram|                                          ; 0.0 (0.0)            ; 0.0 (0.0)                        ; 0.0 (0.0)                                         ; 0.0 (0.0)                        ; 0.0 (0.0)            ; 0 (0)               ; 0 (0)                     ; 0 (0)         ; 2816              ; 1     ; 0                        ; 0                                      ; 0                                                 ; 0    ; 0            ; 0 (0)  ; u0|cpu|intel_niosv_g_inst|hart|core_inst|lsu_inst|dcache_tag_ram                                                                                         ; niosv_ram                                                             ; intel_niosv_g_unit_220             ;
;                         |ram_no_ecc.data_ram|                                  ; 0.0 (0.0)            ; 0.0 (0.0)                        ; 0.0 (0.0)                                         ; 0.0 (0.0)                        ; 0.0 (0.0)            ; 0 (0)               ; 0 (0)                     ; 0 (0)         ; 2816              ; 1     ; 0                        ; 0                                      ; 0                                                 ; 0    ; 0            ; 0 (0)  ; u0|cpu|intel_niosv_g_inst|hart|core_inst|lsu_inst|dcache_tag_ram|ram_no_ecc.data_ram                                                                     ; altsyncram                                                            ; altera_work                        ;
;                            |auto_generated|                                    ; 0.0 (0.0)            ; 0.0 (0.0)                        ; 0.0 (0.0)                                         ; 0.0 (0.0)                        ; 0.0 (0.0)            ; 0 (0)               ; 0 (0)                     ; 0 (0)         ; 2816              ; 1     ; 0                        ; 0                                      ; 0                                                 ; 0    ; 0            ; 0 (0)  ; u0|cpu|intel_niosv_g_inst|hart|core_inst|lsu_inst|dcache_tag_ram|ram_no_ecc.data_ram|auto_generated                                                      ; altsyncram_u1ko                                                       ; altera_work                        ;
;                      |niosv_victim_buffer_inst|                                ; 24.0 (3.2)           ; 26.0 (5.2)                       ; 2.0 (2.0)                                         ; 0.0 (0.0)                        ; 20.0 (0.0)           ; 8 (8)               ; 12 (9)                    ; 0 (0)         ; 0                 ; 0     ; 0                        ; 0                                      ; 0                                                 ; 0    ; 0            ; 0 (0)  ; u0|cpu|intel_niosv_g_inst|hart|core_inst|lsu_inst|niosv_victim_buffer_inst                                                                               ; niosv_victim_buffer                                                   ; intel_niosv_g_unit_220             ;
;                         |victim_buffer|                                        ; 20.8 (0.0)           ; 20.8 (0.0)                       ; 0.0 (0.0)                                         ; 0.0 (0.0)                        ; 20.0 (0.0)           ; 0 (0)               ; 3 (0)                     ; 0 (0)         ; 0                 ; 0     ; 0                        ; 0                                      ; 0                                                 ; 0    ; 0            ; 0 (0)  ; u0|cpu|intel_niosv_g_inst|hart|core_inst|lsu_inst|niosv_victim_buffer_inst|victim_buffer                                                                 ; altsyncram                                                            ; altera_work                        ;
;                            |auto_generated|                                    ; 20.8 (20.8)          ; 20.8 (20.8)                      ; 0.0 (0.0)                                         ; 0.0 (0.0)                        ; 20.0 (20.0)          ; 0 (0)               ; 3 (3)                     ; 0 (0)         ; 0                 ; 0     ; 0                        ; 0                                      ; 0                                                 ; 0    ; 0            ; 0 (0)  ; u0|cpu|intel_niosv_g_inst|hart|core_inst|lsu_inst|niosv_victim_buffer_inst|victim_buffer|auto_generated                                                  ; altsyncram_cfmg                                                       ; altera_work                        ;
;                      |read_cmd|                                                ; 7.5 (7.5)            ; 8.0 (8.0)                        ; 0.5 (0.5)                                         ; 0.0 (0.0)                        ; 0.0 (0.0)            ; 13 (13)             ; 7 (7)                     ; 0 (0)         ; 0                 ; 0     ; 0                        ; 0                                      ; 0                                                 ; 0    ; 0            ; 0 (0)  ; u0|cpu|intel_niosv_g_inst|hart|core_inst|lsu_inst|read_cmd                                                                                               ; dcache_mem_op_state                                                   ; intel_niosv_g_unit_220             ;
;                      |wr_rsp_status|                                           ; 13.5 (13.5)          ; 13.5 (13.5)                      ; 0.0 (0.0)                                         ; 0.0 (0.0)                        ; 0.0 (0.0)            ; 18 (18)             ; 16 (16)                   ; 0 (0)         ; 0                 ; 0     ; 0                        ; 0                                      ; 0                                                 ; 0    ; 0            ; 0 (0)  ; u0|cpu|intel_niosv_g_inst|hart|core_inst|lsu_inst|wr_rsp_status                                                                                          ; altera_avalon_sc_fifo                                                 ; intel_niosv_g_unit_220             ;
;                      |write_adrs|                                              ; 6.8 (6.8)            ; 8.5 (8.5)                        ; 1.7 (1.7)                                         ; 0.0 (0.0)                        ; 0.0 (0.0)            ; 11 (11)             ; 7 (7)                     ; 0 (0)         ; 0                 ; 0     ; 0                        ; 0                                      ; 0                                                 ; 0    ; 0            ; 0 (0)  ; u0|cpu|intel_niosv_g_inst|hart|core_inst|lsu_inst|write_adrs                                                                                             ; dcache_mem_op_state                                                   ; intel_niosv_g_unit_220             ;
;                      |write_data|                                              ; 7.0 (7.0)            ; 7.6 (7.6)                        ; 0.6 (0.6)                                         ; 0.0 (0.0)                        ; 0.0 (0.0)            ; 13 (13)             ; 7 (7)                     ; 0 (0)         ; 0                 ; 0     ; 0                        ; 0                                      ; 0                                                 ; 0    ; 0            ; 0 (0)  ; u0|cpu|intel_niosv_g_inst|hart|core_inst|lsu_inst|write_data                                                                                             ; dcache_mem_op_state                                                   ; intel_niosv_g_unit_220             ;
;             |timer_module|                                                     ; 138.3 (138.3)        ; 148.9 (148.9)                    ; 10.6 (10.6)                                       ; 0.0 (0.0)                        ; 0.0 (0.0)            ; 203 (203)           ; 164 (164)                 ; 0 (0)         ; 0                 ; 0     ; 0                        ; 0                                      ; 0                                                 ; 0    ; 0            ; 0 (0)  ; u0|cpu|intel_niosv_g_inst|timer_module                                                                                                                   ; niosv_timer_msip                                                      ; intel_niosv_timer_msip_120         ;
;       |jtag_uart|                                                              ; 61.9 (0.0)           ; 72.5 (0.0)                       ; 10.6 (0.0)                                        ; 0.0 (0.0)                        ; 0.0 (0.0)            ; 113 (0)             ; 105 (0)                   ; 0 (0)         ; 1024              ; 2     ; 0                        ; 0                                      ; 0                                                 ; 0    ; 0            ; 0 (0)  ; u0|jtag_uart                                                                                                                                             ; jtag_uart                                                             ; jtag_uart                          ;
;          |altera_avalon_jtag_uart_inst|                                        ; 61.9 (14.9)          ; 72.5 (17.7)                      ; 10.6 (2.8)                                        ; 0.0 (0.0)                        ; 0.0 (0.0)            ; 113 (33)            ; 105 (13)                  ; 0 (0)         ; 1024              ; 2     ; 0                        ; 0                                      ; 0                                                 ; 0    ; 0            ; 0 (0)  ; u0|jtag_uart|altera_avalon_jtag_uart_inst                                                                                                                ; jtag_uart_altera_avalon_jtag_uart_1924_dwkezqq                        ; altera_avalon_jtag_uart_1924       ;
;             |jtag_uart_altera_avalon_jtag_uart_1924_dwkezqq_alt_jtag_atlantic| ; 21.5 (21.5)          ; 28.7 (28.7)                      ; 7.2 (7.2)                                         ; 0.0 (0.0)                        ; 0.0 (0.0)            ; 32 (32)             ; 52 (52)                   ; 0 (0)         ; 0                 ; 0     ; 0                        ; 0                                      ; 0                                                 ; 0    ; 0            ; 0 (0)  ; u0|jtag_uart|altera_avalon_jtag_uart_inst|jtag_uart_altera_avalon_jtag_uart_1924_dwkezqq_alt_jtag_atlantic                                               ; alt_jtag_atlantic                                                     ; altera_work                        ;
;             |the_jtag_uart_altera_avalon_jtag_uart_1924_dwkezqq_scfifo_r|      ; 12.7 (0.0)           ; 13.5 (0.0)                       ; 0.8 (0.0)                                         ; 0.0 (0.0)                        ; 0.0 (0.0)            ; 24 (0)              ; 20 (0)                    ; 0 (0)         ; 512               ; 1     ; 0                        ; 0                                      ; 0                                                 ; 0    ; 0            ; 0 (0)  ; u0|jtag_uart|altera_avalon_jtag_uart_inst|the_jtag_uart_altera_avalon_jtag_uart_1924_dwkezqq_scfifo_r                                                    ; jtag_uart_altera_avalon_jtag_uart_1924_dwkezqq_scfifo_r               ; altera_avalon_jtag_uart_1924       ;
;                |rfifo|                                                         ; 12.7 (0.0)           ; 13.5 (0.0)                       ; 0.8 (0.0)                                         ; 0.0 (0.0)                        ; 0.0 (0.0)            ; 24 (0)              ; 20 (0)                    ; 0 (0)         ; 512               ; 1     ; 0                        ; 0                                      ; 0                                                 ; 0    ; 0            ; 0 (0)  ; u0|jtag_uart|altera_avalon_jtag_uart_inst|the_jtag_uart_altera_avalon_jtag_uart_1924_dwkezqq_scfifo_r|rfifo                                              ; scfifo                                                                ; altera_work                        ;
;                   |auto_generated|                                             ; 12.7 (0.0)           ; 13.5 (0.0)                       ; 0.8 (0.0)                                         ; 0.0 (0.0)                        ; 0.0 (0.0)            ; 24 (0)              ; 20 (0)                    ; 0 (0)         ; 512               ; 1     ; 0                        ; 0                                      ; 0                                                 ; 0    ; 0            ; 0 (0)  ; u0|jtag_uart|altera_avalon_jtag_uart_inst|the_jtag_uart_altera_avalon_jtag_uart_1924_dwkezqq_scfifo_r|rfifo|auto_generated                               ; scfifo_rh                                                             ; altera_work                        ;
;                      |dpfifo|                                                  ; 12.7 (0.0)           ; 13.5 (0.0)                       ; 0.8 (0.0)                                         ; 0.0 (0.0)                        ; 0.0 (0.0)            ; 24 (0)              ; 20 (0)                    ; 0 (0)         ; 512               ; 1     ; 0                        ; 0                                      ; 0                                                 ; 0    ; 0            ; 0 (0)  ; u0|jtag_uart|altera_avalon_jtag_uart_inst|the_jtag_uart_altera_avalon_jtag_uart_1924_dwkezqq_scfifo_r|rfifo|auto_generated|dpfifo                        ; a_dpfifo_s0492                                                        ; altera_work                        ;
;                         |FIFOram|                                              ; 0.0 (0.0)            ; 0.0 (0.0)                        ; 0.0 (0.0)                                         ; 0.0 (0.0)                        ; 0.0 (0.0)            ; 0 (0)               ; 0 (0)                     ; 0 (0)         ; 512               ; 1     ; 0                        ; 0                                      ; 0                                                 ; 0    ; 0            ; 0 (0)  ; u0|jtag_uart|altera_avalon_jtag_uart_inst|the_jtag_uart_altera_avalon_jtag_uart_1924_dwkezqq_scfifo_r|rfifo|auto_generated|dpfifo|FIFOram                ; altsyncram_rnoo1                                                      ; altera_work                        ;
;                         |fifo_state|                                           ; 6.7 (3.7)            ; 7.5 (4.5)                        ; 0.8 (0.8)                                         ; 0.0 (0.0)                        ; 0.0 (0.0)            ; 12 (6)              ; 8 (2)                     ; 0 (0)         ; 0                 ; 0     ; 0                        ; 0                                      ; 0                                                 ; 0    ; 0            ; 0 (0)  ; u0|jtag_uart|altera_avalon_jtag_uart_inst|the_jtag_uart_altera_avalon_jtag_uart_1924_dwkezqq_scfifo_r|rfifo|auto_generated|dpfifo|fifo_state             ; a_fefifo_1pu6                                                         ; altera_work                        ;
;                            |count_usedw|                                       ; 3.0 (3.0)            ; 3.0 (3.0)                        ; 0.0 (0.0)                                         ; 0.0 (0.0)                        ; 0.0 (0.0)            ; 6 (6)               ; 6 (6)                     ; 0 (0)         ; 0                 ; 0     ; 0                        ; 0                                      ; 0                                                 ; 0    ; 0            ; 0 (0)  ; u0|jtag_uart|altera_avalon_jtag_uart_inst|the_jtag_uart_altera_avalon_jtag_uart_1924_dwkezqq_scfifo_r|rfifo|auto_generated|dpfifo|fifo_state|count_usedw ; cntr_ib9                                                              ; altera_work                        ;
;                         |rd_ptr_count|                                         ; 3.0 (3.0)            ; 3.0 (3.0)                        ; 0.0 (0.0)                                         ; 0.0 (0.0)                        ; 0.0 (0.0)            ; 6 (6)               ; 6 (6)                     ; 0 (0)         ; 0                 ; 0     ; 0                        ; 0                                      ; 0                                                 ; 0    ; 0            ; 0 (0)  ; u0|jtag_uart|altera_avalon_jtag_uart_inst|the_jtag_uart_altera_avalon_jtag_uart_1924_dwkezqq_scfifo_r|rfifo|auto_generated|dpfifo|rd_ptr_count           ; cntr_tkqv                                                             ; altera_work                        ;
;                         |wr_ptr|                                               ; 3.0 (3.0)            ; 3.0 (3.0)                        ; 0.0 (0.0)                                         ; 0.0 (0.0)                        ; 0.0 (0.0)            ; 6 (6)               ; 6 (6)                     ; 0 (0)         ; 0                 ; 0     ; 0                        ; 0                                      ; 0                                                 ; 0    ; 0            ; 0 (0)  ; u0|jtag_uart|altera_avalon_jtag_uart_inst|the_jtag_uart_altera_avalon_jtag_uart_1924_dwkezqq_scfifo_r|rfifo|auto_generated|dpfifo|wr_ptr                 ; cntr_tkqv                                                             ; altera_work                        ;
;             |the_jtag_uart_altera_avalon_jtag_uart_1924_dwkezqq_scfifo_w|      ; 12.7 (0.0)           ; 12.7 (0.0)                       ; 0.0 (0.0)                                         ; 0.0 (0.0)                        ; 0.0 (0.0)            ; 24 (0)              ; 20 (0)                    ; 0 (0)         ; 512               ; 1     ; 0                        ; 0                                      ; 0                                                 ; 0    ; 0            ; 0 (0)  ; u0|jtag_uart|altera_avalon_jtag_uart_inst|the_jtag_uart_altera_avalon_jtag_uart_1924_dwkezqq_scfifo_w                                                    ; jtag_uart_altera_avalon_jtag_uart_1924_dwkezqq_scfifo_w               ; altera_avalon_jtag_uart_1924       ;
;                |wfifo|                                                         ; 12.7 (0.0)           ; 12.7 (0.0)                       ; 0.0 (0.0)                                         ; 0.0 (0.0)                        ; 0.0 (0.0)            ; 24 (0)              ; 20 (0)                    ; 0 (0)         ; 512               ; 1     ; 0                        ; 0                                      ; 0                                                 ; 0    ; 0            ; 0 (0)  ; u0|jtag_uart|altera_avalon_jtag_uart_inst|the_jtag_uart_altera_avalon_jtag_uart_1924_dwkezqq_scfifo_w|wfifo                                              ; scfifo                                                                ; altera_work                        ;
;                   |auto_generated|                                             ; 12.7 (0.0)           ; 12.7 (0.0)                       ; 0.0 (0.0)                                         ; 0.0 (0.0)                        ; 0.0 (0.0)            ; 24 (0)              ; 20 (0)                    ; 0 (0)         ; 512               ; 1     ; 0                        ; 0                                      ; 0                                                 ; 0    ; 0            ; 0 (0)  ; u0|jtag_uart|altera_avalon_jtag_uart_inst|the_jtag_uart_altera_avalon_jtag_uart_1924_dwkezqq_scfifo_w|wfifo|auto_generated                               ; scfifo_rh                                                             ; altera_work                        ;
;                      |dpfifo|                                                  ; 12.7 (0.0)           ; 12.7 (0.0)                       ; 0.0 (0.0)                                         ; 0.0 (0.0)                        ; 0.0 (0.0)            ; 24 (0)              ; 20 (0)                    ; 0 (0)         ; 512               ; 1     ; 0                        ; 0                                      ; 0                                                 ; 0    ; 0            ; 0 (0)  ; u0|jtag_uart|altera_avalon_jtag_uart_inst|the_jtag_uart_altera_avalon_jtag_uart_1924_dwkezqq_scfifo_w|wfifo|auto_generated|dpfifo                        ; a_dpfifo_s0492                                                        ; altera_work                        ;
;                         |FIFOram|                                              ; 0.0 (0.0)            ; 0.0 (0.0)                        ; 0.0 (0.0)                                         ; 0.0 (0.0)                        ; 0.0 (0.0)            ; 0 (0)               ; 0 (0)                     ; 0 (0)         ; 512               ; 1     ; 0                        ; 0                                      ; 0                                                 ; 0    ; 0            ; 0 (0)  ; u0|jtag_uart|altera_avalon_jtag_uart_inst|the_jtag_uart_altera_avalon_jtag_uart_1924_dwkezqq_scfifo_w|wfifo|auto_generated|dpfifo|FIFOram                ; altsyncram_rnoo1                                                      ; altera_work                        ;
;                         |fifo_state|                                           ; 6.7 (3.7)            ; 6.7 (3.7)                        ; 0.0 (0.0)                                         ; 0.0 (0.0)                        ; 0.0 (0.0)            ; 12 (6)              ; 8 (2)                     ; 0 (0)         ; 0                 ; 0     ; 0                        ; 0                                      ; 0                                                 ; 0    ; 0            ; 0 (0)  ; u0|jtag_uart|altera_avalon_jtag_uart_inst|the_jtag_uart_altera_avalon_jtag_uart_1924_dwkezqq_scfifo_w|wfifo|auto_generated|dpfifo|fifo_state             ; a_fefifo_1pu6                                                         ; altera_work                        ;
;                            |count_usedw|                                       ; 3.0 (3.0)            ; 3.0 (3.0)                        ; 0.0 (0.0)                                         ; 0.0 (0.0)                        ; 0.0 (0.0)            ; 6 (6)               ; 6 (6)                     ; 0 (0)         ; 0                 ; 0     ; 0                        ; 0                                      ; 0                                                 ; 0    ; 0            ; 0 (0)  ; u0|jtag_uart|altera_avalon_jtag_uart_inst|the_jtag_uart_altera_avalon_jtag_uart_1924_dwkezqq_scfifo_w|wfifo|auto_generated|dpfifo|fifo_state|count_usedw ; cntr_ib9                                                              ; altera_work                        ;
;                         |rd_ptr_count|                                         ; 3.0 (3.0)            ; 3.0 (3.0)                        ; 0.0 (0.0)                                         ; 0.0 (0.0)                        ; 0.0 (0.0)            ; 6 (6)               ; 6 (6)                     ; 0 (0)         ; 0                 ; 0     ; 0                        ; 0                                      ; 0                                                 ; 0    ; 0            ; 0 (0)  ; u0|jtag_uart|altera_avalon_jtag_uart_inst|the_jtag_uart_altera_avalon_jtag_uart_1924_dwkezqq_scfifo_w|wfifo|auto_generated|dpfifo|rd_ptr_count           ; cntr_tkqv                                                             ; altera_work                        ;
;                         |wr_ptr|                                               ; 3.0 (3.0)            ; 3.0 (3.0)                        ; 0.0 (0.0)                                         ; 0.0 (0.0)                        ; 0.0 (0.0)            ; 6 (6)               ; 6 (6)                     ; 0 (0)         ; 0                 ; 0     ; 0                        ; 0                                      ; 0                                                 ; 0    ; 0            ; 0 (0)  ; u0|jtag_uart|altera_avalon_jtag_uart_inst|the_jtag_uart_altera_avalon_jtag_uart_1924_dwkezqq_scfifo_w|wfifo|auto_generated|dpfifo|wr_ptr                 ; cntr_tkqv                                                             ; altera_work                        ;
;       |mm_interconnect_0|                                                      ; 887.2 (0.0)          ; 957.8 (0.0)                      ; 73.0 (0.0)                                        ; 2.5 (0.0)                        ; 0.0 (0.0)            ; 1468 (0)            ; 1115 (0)                  ; 0 (0)         ; 0                 ; 0     ; 0                        ; 0                                      ; 0                                                 ; 0    ; 0            ; 0 (0)  ; u0|mm_interconnect_0                                                                                                                                     ; sys_altera_mm_interconnect_1920_gyhm4jy                               ; altera_mm_interconnect_1920        ;
;          |cmd_demux|                                                           ; 7.0 (7.0)            ; 7.0 (7.0)                        ; 0.0 (0.0)                                         ; 0.0 (0.0)                        ; 0.0 (0.0)            ; 11 (11)             ; 0 (0)                     ; 0 (0)         ; 0                 ; 0     ; 0                        ; 0                                      ; 0                                                 ; 0    ; 0            ; 0 (0)  ; u0|mm_interconnect_0|cmd_demux                                                                                                                           ; sys_altera_merlin_demultiplexer_1921_k7pyk6y                          ; altera_merlin_demultiplexer_1921   ;
;          |cmd_demux_001|                                                       ; 6.9 (6.9)            ; 8.2 (8.2)                        ; 1.3 (1.3)                                         ; 0.1 (0.1)                        ; 0.0 (0.0)            ; 10 (10)             ; 0 (0)                     ; 0 (0)         ; 0                 ; 0     ; 0                        ; 0                                      ; 0                                                 ; 0    ; 0            ; 0 (0)  ; u0|mm_interconnect_0|cmd_demux_001                                                                                                                       ; sys_altera_merlin_demultiplexer_1921_k7pyk6y                          ; altera_merlin_demultiplexer_1921   ;
;          |cmd_demux_002|                                                       ; 4.2 (4.2)            ; 4.5 (4.5)                        ; 0.3 (0.3)                                         ; 0.1 (0.1)                        ; 0.0 (0.0)            ; 8 (8)               ; 0 (0)                     ; 0 (0)         ; 0                 ; 0     ; 0                        ; 0                                      ; 0                                                 ; 0    ; 0            ; 0 (0)  ; u0|mm_interconnect_0|cmd_demux_002                                                                                                                       ; sys_altera_merlin_demultiplexer_1921_zzwenmi                          ; altera_merlin_demultiplexer_1921   ;
;          |cmd_demux_003|                                                       ; 3.1 (3.1)            ; 3.5 (3.5)                        ; 0.5 (0.5)                                         ; 0.1 (0.1)                        ; 0.0 (0.0)            ; 6 (6)               ; 0 (0)                     ; 0 (0)         ; 0                 ; 0     ; 0                        ; 0                                      ; 0                                                 ; 0    ; 0            ; 0 (0)  ; u0|mm_interconnect_0|cmd_demux_003                                                                                                                       ; sys_altera_merlin_demultiplexer_1921_zzwenmi                          ; altera_merlin_demultiplexer_1921   ;
;          |cmd_mux|                                                             ; 15.1 (12.8)          ; 16.0 (13.8)                      ; 0.9 (0.9)                                         ; 0.0 (0.0)                        ; 0.0 (0.0)            ; 35 (31)             ; 5 (3)                     ; 0 (0)         ; 0                 ; 0     ; 0                        ; 0                                      ; 0                                                 ; 0    ; 0            ; 0 (0)  ; u0|mm_interconnect_0|cmd_mux                                                                                                                             ; sys_altera_merlin_multiplexer_1922_oted5cy                            ; altera_merlin_multiplexer_1922     ;
;             |arb|                                                              ; 2.2 (2.2)            ; 2.2 (2.2)                        ; 0.0 (0.0)                                         ; 0.0 (0.0)                        ; 0.0 (0.0)            ; 4 (4)               ; 2 (2)                     ; 0 (0)         ; 0                 ; 0     ; 0                        ; 0                                      ; 0                                                 ; 0    ; 0            ; 0 (0)  ; u0|mm_interconnect_0|cmd_mux|arb                                                                                                                         ; altera_merlin_arbitrator                                              ; altera_merlin_multiplexer_1922     ;
;          |cmd_mux_001|                                                         ; 2.9 (2.9)            ; 3.0 (3.0)                        ; 0.2 (0.2)                                         ; 0.1 (0.1)                        ; 0.0 (0.0)            ; 7 (7)               ; 2 (2)                     ; 0 (0)         ; 0                 ; 0     ; 0                        ; 0                                      ; 0                                                 ; 0    ; 0            ; 0 (0)  ; u0|mm_interconnect_0|cmd_mux_001                                                                                                                         ; sys_altera_merlin_multiplexer_1922_oted5cy                            ; altera_merlin_multiplexer_1922     ;
;          |cmd_mux_002|                                                         ; 29.0 (24.2)          ; 30.3 (25.5)                      ; 1.4 (1.4)                                         ; 0.1 (0.1)                        ; 0.0 (0.0)            ; 74 (65)             ; 9 (5)                     ; 0 (0)         ; 0                 ; 0     ; 0                        ; 0                                      ; 0                                                 ; 0    ; 0            ; 0 (0)  ; u0|mm_interconnect_0|cmd_mux_002                                                                                                                         ; sys_altera_merlin_multiplexer_1922_esaz2xq                            ; altera_merlin_multiplexer_1922     ;
;             |arb|                                                              ; 4.8 (3.7)            ; 4.8 (3.7)                        ; 0.0 (0.0)                                         ; 0.0 (0.0)                        ; 0.0 (0.0)            ; 9 (6)               ; 4 (4)                     ; 0 (0)         ; 0                 ; 0     ; 0                        ; 0                                      ; 0                                                 ; 0    ; 0            ; 0 (0)  ; u0|mm_interconnect_0|cmd_mux_002|arb                                                                                                                     ; altera_merlin_arbitrator                                              ; altera_merlin_multiplexer_1922     ;
;                |adder|                                                         ; 1.2 (1.2)            ; 1.2 (1.2)                        ; 0.0 (0.0)                                         ; 0.0 (0.0)                        ; 0.0 (0.0)            ; 3 (3)               ; 0 (0)                     ; 0 (0)         ; 0                 ; 0     ; 0                        ; 0                                      ; 0                                                 ; 0    ; 0            ; 0 (0)  ; u0|mm_interconnect_0|cmd_mux_002|arb|adder                                                                                                               ; altera_merlin_arb_adder                                               ; altera_merlin_multiplexer_1922     ;
;          |cmd_mux_003|                                                         ; 29.7 (24.4)          ; 30.7 (25.5)                      ; 1.3 (1.4)                                         ; 0.3 (0.3)                        ; 0.0 (0.0)            ; 75 (66)             ; 9 (5)                     ; 0 (0)         ; 0                 ; 0     ; 0                        ; 0                                      ; 0                                                 ; 0    ; 0            ; 0 (0)  ; u0|mm_interconnect_0|cmd_mux_003                                                                                                                         ; sys_altera_merlin_multiplexer_1922_esaz2xq                            ; altera_merlin_multiplexer_1922     ;
;             |arb|                                                              ; 5.2 (4.2)            ; 5.2 (4.2)                        ; 0.0 (0.0)                                         ; 0.0 (0.0)                        ; 0.0 (0.0)            ; 9 (6)               ; 4 (4)                     ; 0 (0)         ; 0                 ; 0     ; 0                        ; 0                                      ; 0                                                 ; 0    ; 0            ; 0 (0)  ; u0|mm_interconnect_0|cmd_mux_003|arb                                                                                                                     ; altera_merlin_arbitrator                                              ; altera_merlin_multiplexer_1922     ;
;                |adder|                                                         ; 1.0 (1.0)            ; 1.0 (1.0)                        ; 0.0 (0.0)                                         ; 0.0 (0.0)                        ; 0.0 (0.0)            ; 3 (3)               ; 0 (0)                     ; 0 (0)         ; 0                 ; 0     ; 0                        ; 0                                      ; 0                                                 ; 0    ; 0            ; 0 (0)  ; u0|mm_interconnect_0|cmd_mux_003|arb|adder                                                                                                               ; altera_merlin_arb_adder                                               ; altera_merlin_multiplexer_1922     ;
;          |cmd_mux_004|                                                         ; 20.7 (18.5)          ; 20.5 (18.2)                      ; 0.0 (0.0)                                         ; 0.2 (0.2)                        ; 0.0 (0.0)            ; 58 (54)             ; 5 (3)                     ; 0 (0)         ; 0                 ; 0     ; 0                        ; 0                                      ; 0                                                 ; 0    ; 0            ; 0 (0)  ; u0|mm_interconnect_0|cmd_mux_004                                                                                                                         ; sys_altera_merlin_multiplexer_1922_oted5cy                            ; altera_merlin_multiplexer_1922     ;
;             |arb|                                                              ; 2.2 (2.2)            ; 2.2 (2.2)                        ; 0.0 (0.0)                                         ; 0.0 (0.0)                        ; 0.0 (0.0)            ; 4 (4)               ; 2 (2)                     ; 0 (0)         ; 0                 ; 0     ; 0                        ; 0                                      ; 0                                                 ; 0    ; 0            ; 0 (0)  ; u0|mm_interconnect_0|cmd_mux_004|arb                                                                                                                     ; altera_merlin_arbitrator                                              ; altera_merlin_multiplexer_1922     ;
;          |cpu_data_manager_agent|                                              ; 71.4 (43.6)          ; 74.9 (45.9)                      ; 3.6 (2.4)                                         ; 0.1 (0.1)                        ; 0.0 (0.0)            ; 58 (18)             ; 114 (94)                  ; 0 (0)         ; 0                 ; 0     ; 0                        ; 0                                      ; 0                                                 ; 0    ; 0            ; 0 (0)  ; u0|mm_interconnect_0|cpu_data_manager_agent                                                                                                              ; sys_altera_merlin_axi_master_ni_1980_4qd7sla                          ; altera_merlin_axi_master_ni_1980   ;
;             |align_address_to_size|                                            ; 27.8 (27.8)          ; 29.0 (29.0)                      ; 1.2 (1.2)                                         ; 0.0 (0.0)                        ; 0.0 (0.0)            ; 40 (40)             ; 20 (20)                   ; 0 (0)         ; 0                 ; 0     ; 0                        ; 0                                      ; 0                                                 ; 0    ; 0            ; 0 (0)  ; u0|mm_interconnect_0|cpu_data_manager_agent|align_address_to_size                                                                                        ; altera_merlin_address_alignment                                       ; altera_merlin_axi_master_ni_1980   ;
;          |cpu_dm_agent_agent|                                                  ; 13.1 (2.1)           ; 13.3 (2.7)                       ; 0.3 (0.6)                                         ; 0.0 (0.0)                        ; 0.0 (0.0)            ; 23 (5)              ; 10 (0)                    ; 0 (0)         ; 0                 ; 0     ; 0                        ; 0                                      ; 0                                                 ; 0    ; 0            ; 0 (0)  ; u0|mm_interconnect_0|cpu_dm_agent_agent                                                                                                                  ; sys_altera_merlin_slave_agent_1921_b6r3djy                            ; altera_merlin_slave_agent_1921     ;
;             |uncompressor|                                                     ; 10.7 (10.7)          ; 10.7 (10.7)                      ; 0.0 (0.0)                                         ; 0.0 (0.0)                        ; 0.0 (0.0)            ; 18 (18)             ; 10 (10)                   ; 0 (0)         ; 0                 ; 0     ; 0                        ; 0                                      ; 0                                                 ; 0    ; 0            ; 0 (0)  ; u0|mm_interconnect_0|cpu_dm_agent_agent|uncompressor                                                                                                     ; altera_merlin_burst_uncompressor                                      ; altera_merlin_slave_agent_1921     ;
;          |cpu_dm_agent_agent_rdata_fifo|                                       ; 43.5 (43.5)          ; 58.0 (58.0)                      ; 14.5 (14.5)                                       ; 0.0 (0.0)                        ; 0.0 (0.0)            ; 62 (62)             ; 99 (99)                   ; 0 (0)         ; 0                 ; 0     ; 0                        ; 0                                      ; 0                                                 ; 0    ; 0            ; 0 (0)  ; u0|mm_interconnect_0|cpu_dm_agent_agent_rdata_fifo                                                                                                       ; sys_altera_avalon_sc_fifo_1932_5j7ufsq                                ; altera_avalon_sc_fifo_1932         ;
;          |cpu_dm_agent_agent_rsp_fifo|                                         ; 14.8 (14.8)          ; 20.8 (20.8)                      ; 6.0 (6.0)                                         ; 0.0 (0.0)                        ; 0.0 (0.0)            ; 21 (21)             ; 45 (45)                   ; 0 (0)         ; 0                 ; 0     ; 0                        ; 0                                      ; 0                                                 ; 0    ; 0            ; 0 (0)  ; u0|mm_interconnect_0|cpu_dm_agent_agent_rsp_fifo                                                                                                         ; sys_altera_avalon_sc_fifo_1932_5j7ufsq                                ; altera_avalon_sc_fifo_1932         ;
;          |cpu_dm_agent_burst_adapter|                                          ; 83.8 (0.0)           ; 88.1 (0.0)                       ; 4.4 (0.0)                                         ; 0.2 (0.0)                        ; 0.0 (0.0)            ; 140 (0)             ; 102 (0)                   ; 0 (0)         ; 0                 ; 0     ; 0                        ; 0                                      ; 0                                                 ; 0    ; 0            ; 0 (0)  ; u0|mm_interconnect_0|cpu_dm_agent_burst_adapter                                                                                                          ; sys_altera_merlin_burst_adapter_1932_yh5s4ha                          ; altera_merlin_burst_adapter_1932   ;
;             |altera_merlin_burst_adapter_13_1.burst_adapter|                   ; 83.8 (83.8)          ; 88.1 (88.1)                      ; 4.4 (4.4)                                         ; 0.2 (0.2)                        ; 0.0 (0.0)            ; 140 (140)           ; 102 (102)                 ; 0 (0)         ; 0                 ; 0     ; 0                        ; 0                                      ; 0                                                 ; 0    ; 0            ; 0 (0)  ; u0|mm_interconnect_0|cpu_dm_agent_burst_adapter|altera_merlin_burst_adapter_13_1.burst_adapter                                                           ; altera_merlin_burst_adapter_13_1                                      ; altera_merlin_burst_adapter_1932   ;
;          |cpu_instruction_manager_agent|                                       ; 27.1 (17.6)          ; 35.8 (26.3)                      ; 8.7 (8.7)                                         ; 0.0 (0.0)                        ; 0.0 (0.0)            ; 38 (17)             ; 71 (53)                   ; 0 (0)         ; 0                 ; 0     ; 0                        ; 0                                      ; 0                                                 ; 0    ; 0            ; 0 (0)  ; u0|mm_interconnect_0|cpu_instruction_manager_agent                                                                                                       ; sys_altera_merlin_axi_master_ni_1980_4qd7sla                          ; altera_merlin_axi_master_ni_1980   ;
;             |align_address_to_size|                                            ; 9.5 (9.5)            ; 9.5 (9.5)                        ; 0.0 (0.0)                                         ; 0.0 (0.0)                        ; 0.0 (0.0)            ; 21 (21)             ; 18 (18)                   ; 0 (0)         ; 0                 ; 0     ; 0                        ; 0                                      ; 0                                                 ; 0    ; 0            ; 0 (0)  ; u0|mm_interconnect_0|cpu_instruction_manager_agent|align_address_to_size                                                                                 ; altera_merlin_address_alignment                                       ; altera_merlin_axi_master_ni_1980   ;
;          |cpu_instruction_manager_rd_limiter|                                  ; 6.0 (6.0)            ; 6.0 (6.0)                        ; 0.0 (0.0)                                         ; 0.0 (0.0)                        ; 0.0 (0.0)            ; 9 (9)               ; 6 (6)                     ; 0 (0)         ; 0                 ; 0     ; 0                        ; 0                                      ; 0                                                 ; 0    ; 0            ; 0 (0)  ; u0|mm_interconnect_0|cpu_instruction_manager_rd_limiter                                                                                                  ; sys_altera_merlin_traffic_limiter_1921_7c7jj4q                        ; altera_merlin_traffic_limiter_1921 ;
;          |cpu_instruction_manager_wr_limiter|                                  ; 8.7 (8.7)            ; 9.4 (9.4)                        ; 1.0 (1.0)                                         ; 0.2 (0.2)                        ; 0.0 (0.0)            ; 14 (14)             ; 6 (6)                     ; 0 (0)         ; 0                 ; 0     ; 0                        ; 0                                      ; 0                                                 ; 0    ; 0            ; 0 (0)  ; u0|mm_interconnect_0|cpu_instruction_manager_wr_limiter                                                                                                  ; sys_altera_merlin_traffic_limiter_1921_7c7jj4q                        ; altera_merlin_traffic_limiter_1921 ;
;          |cpu_timer_sw_agent_agent|                                            ; 11.5 (1.7)           ; 11.5 (1.8)                       ; 0.0 (0.2)                                         ; 0.0 (0.0)                        ; 0.0 (0.0)            ; 22 (4)              ; 10 (0)                    ; 0 (0)         ; 0                 ; 0     ; 0                        ; 0                                      ; 0                                                 ; 0    ; 0            ; 0 (0)  ; u0|mm_interconnect_0|cpu_timer_sw_agent_agent                                                                                                            ; sys_altera_merlin_slave_agent_1921_b6r3djy                            ; altera_merlin_slave_agent_1921     ;
;             |uncompressor|                                                     ; 9.7 (9.7)            ; 9.7 (9.7)                        ; 0.0 (0.0)                                         ; 0.0 (0.0)                        ; 0.0 (0.0)            ; 18 (18)             ; 10 (10)                   ; 0 (0)         ; 0                 ; 0     ; 0                        ; 0                                      ; 0                                                 ; 0    ; 0            ; 0 (0)  ; u0|mm_interconnect_0|cpu_timer_sw_agent_agent|uncompressor                                                                                               ; altera_merlin_burst_uncompressor                                      ; altera_merlin_slave_agent_1921     ;
;          |cpu_timer_sw_agent_agent_rdata_fifo|                                 ; 26.8 (26.8)          ; 27.0 (27.0)                      ; 0.2 (0.2)                                         ; 0.0 (0.0)                        ; 0.0 (0.0)            ; 36 (36)             ; 66 (66)                   ; 0 (0)         ; 0                 ; 0     ; 0                        ; 0                                      ; 0                                                 ; 0    ; 0            ; 0 (0)  ; u0|mm_interconnect_0|cpu_timer_sw_agent_agent_rdata_fifo                                                                                                 ; sys_altera_avalon_sc_fifo_1932_5j7ufsq                                ; altera_avalon_sc_fifo_1932         ;
;          |cpu_timer_sw_agent_agent_rsp_fifo|                                   ; 11.7 (11.7)          ; 13.8 (13.8)                      ; 2.2 (2.2)                                         ; 0.0 (0.0)                        ; 0.0 (0.0)            ; 18 (18)             ; 28 (28)                   ; 0 (0)         ; 0                 ; 0     ; 0                        ; 0                                      ; 0                                                 ; 0    ; 0            ; 0 (0)  ; u0|mm_interconnect_0|cpu_timer_sw_agent_agent_rsp_fifo                                                                                                   ; sys_altera_avalon_sc_fifo_1932_5j7ufsq                                ; altera_avalon_sc_fifo_1932         ;
;          |cpu_timer_sw_agent_burst_adapter|                                    ; 55.5 (0.0)           ; 57.7 (0.0)                       ; 2.4 (0.0)                                         ; 0.2 (0.0)                        ; 0.0 (0.0)            ; 78 (0)              ; 81 (0)                    ; 0 (0)         ; 0                 ; 0     ; 0                        ; 0                                      ; 0                                                 ; 0    ; 0            ; 0 (0)  ; u0|mm_interconnect_0|cpu_timer_sw_agent_burst_adapter                                                                                                    ; sys_altera_merlin_burst_adapter_1932_yh5s4ha                          ; altera_merlin_burst_adapter_1932   ;
;             |altera_merlin_burst_adapter_13_1.burst_adapter|                   ; 55.5 (55.5)          ; 57.7 (57.7)                      ; 2.4 (2.4)                                         ; 0.2 (0.2)                        ; 0.0 (0.0)            ; 78 (78)             ; 81 (81)                   ; 0 (0)         ; 0                 ; 0     ; 0                        ; 0                                      ; 0                                                 ; 0    ; 0            ; 0 (0)  ; u0|mm_interconnect_0|cpu_timer_sw_agent_burst_adapter|altera_merlin_burst_adapter_13_1.burst_adapter                                                     ; altera_merlin_burst_adapter_13_1                                      ; altera_merlin_burst_adapter_1932   ;
;          |jtag_uart_avalon_jtag_slave_agent|                                   ; 12.1 (3.2)           ; 12.1 (3.2)                       ; 0.0 (0.0)                                         ; 0.0 (0.0)                        ; 0.0 (0.0)            ; 24 (6)              ; 10 (0)                    ; 0 (0)         ; 0                 ; 0     ; 0                        ; 0                                      ; 0                                                 ; 0    ; 0            ; 0 (0)  ; u0|mm_interconnect_0|jtag_uart_avalon_jtag_slave_agent                                                                                                   ; sys_altera_merlin_slave_agent_1921_b6r3djy                            ; altera_merlin_slave_agent_1921     ;
;             |uncompressor|                                                     ; 8.9 (8.9)            ; 8.9 (8.9)                        ; 0.0 (0.0)                                         ; 0.0 (0.0)                        ; 0.0 (0.0)            ; 18 (18)             ; 10 (10)                   ; 0 (0)         ; 0                 ; 0     ; 0                        ; 0                                      ; 0                                                 ; 0    ; 0            ; 0 (0)  ; u0|mm_interconnect_0|jtag_uart_avalon_jtag_slave_agent|uncompressor                                                                                      ; altera_merlin_burst_uncompressor                                      ; altera_merlin_slave_agent_1921     ;
;          |jtag_uart_avalon_jtag_slave_agent_rdata_fifo|                        ; 20.2 (20.2)          ; 21.2 (21.2)                      ; 1.0 (1.0)                                         ; 0.0 (0.0)                        ; 0.0 (0.0)            ; 26 (26)             ; 46 (46)                   ; 0 (0)         ; 0                 ; 0     ; 0                        ; 0                                      ; 0                                                 ; 0    ; 0            ; 0 (0)  ; u0|mm_interconnect_0|jtag_uart_avalon_jtag_slave_agent_rdata_fifo                                                                                        ; sys_altera_avalon_sc_fifo_1932_5j7ufsq                                ; altera_avalon_sc_fifo_1932         ;
;          |jtag_uart_avalon_jtag_slave_agent_rsp_fifo|                          ; 11.2 (11.2)          ; 13.6 (13.6)                      ; 2.3 (2.3)                                         ; 0.0 (0.0)                        ; 0.0 (0.0)            ; 18 (18)             ; 28 (28)                   ; 0 (0)         ; 0                 ; 0     ; 0                        ; 0                                      ; 0                                                 ; 0    ; 0            ; 0 (0)  ; u0|mm_interconnect_0|jtag_uart_avalon_jtag_slave_agent_rsp_fifo                                                                                          ; sys_altera_avalon_sc_fifo_1932_5j7ufsq                                ; altera_avalon_sc_fifo_1932         ;
;          |jtag_uart_avalon_jtag_slave_burst_adapter|                           ; 41.9 (0.0)           ; 44.2 (0.0)                       ; 2.2 (0.0)                                         ; 0.0 (0.0)                        ; 0.0 (0.0)            ; 64 (0)              ; 52 (0)                    ; 0 (0)         ; 0                 ; 0     ; 0                        ; 0                                      ; 0                                                 ; 0    ; 0            ; 0 (0)  ; u0|mm_interconnect_0|jtag_uart_avalon_jtag_slave_burst_adapter                                                                                           ; sys_altera_merlin_burst_adapter_1932_yh5s4ha                          ; altera_merlin_burst_adapter_1932   ;
;             |altera_merlin_burst_adapter_13_1.burst_adapter|                   ; 41.9 (41.9)          ; 44.2 (44.2)                      ; 2.2 (2.2)                                         ; 0.0 (0.0)                        ; 0.0 (0.0)            ; 64 (64)             ; 52 (52)                   ; 0 (0)         ; 0                 ; 0     ; 0                        ; 0                                      ; 0                                                 ; 0    ; 0            ; 0 (0)  ; u0|mm_interconnect_0|jtag_uart_avalon_jtag_slave_burst_adapter|altera_merlin_burst_adapter_13_1.burst_adapter                                            ; altera_merlin_burst_adapter_13_1                                      ; altera_merlin_burst_adapter_1932   ;
;          |jtag_uart_avalon_jtag_slave_translator|                              ; 7.3 (7.3)            ; 8.7 (8.7)                        ; 1.4 (1.4)                                         ; 0.0 (0.0)                        ; 0.0 (0.0)            ; 8 (8)               ; 24 (24)                   ; 0 (0)         ; 0                 ; 0     ; 0                        ; 0                                      ; 0                                                 ; 0    ; 0            ; 0 (0)  ; u0|mm_interconnect_0|jtag_uart_avalon_jtag_slave_translator                                                                                              ; sys_altera_merlin_slave_translator_191_x56fcki                        ; altera_merlin_slave_translator_191 ;
;          |ram_s1_agent|                                                        ; 12.4 (3.3)           ; 12.9 (3.3)                       ; 0.5 (0.0)                                         ; 0.0 (0.0)                        ; 0.0 (0.0)            ; 23 (5)              ; 10 (0)                    ; 0 (0)         ; 0                 ; 0     ; 0                        ; 0                                      ; 0                                                 ; 0    ; 0            ; 0 (0)  ; u0|mm_interconnect_0|ram_s1_agent                                                                                                                        ; sys_altera_merlin_slave_agent_1921_b6r3djy                            ; altera_merlin_slave_agent_1921     ;
;             |uncompressor|                                                     ; 9.1 (9.1)            ; 9.6 (9.6)                        ; 0.5 (0.5)                                         ; 0.0 (0.0)                        ; 0.0 (0.0)            ; 18 (18)             ; 10 (10)                   ; 0 (0)         ; 0                 ; 0     ; 0                        ; 0                                      ; 0                                                 ; 0    ; 0            ; 0 (0)  ; u0|mm_interconnect_0|ram_s1_agent|uncompressor                                                                                                           ; altera_merlin_burst_uncompressor                                      ; altera_merlin_slave_agent_1921     ;
;          |ram_s1_agent_rdata_fifo|                                             ; 30.5 (30.5)          ; 30.8 (30.8)                      ; 0.3 (0.3)                                         ; 0.0 (0.0)                        ; 0.0 (0.0)            ; 55 (55)             ; 66 (66)                   ; 0 (0)         ; 0                 ; 0     ; 0                        ; 0                                      ; 0                                                 ; 0    ; 0            ; 0 (0)  ; u0|mm_interconnect_0|ram_s1_agent_rdata_fifo                                                                                                             ; sys_altera_avalon_sc_fifo_1932_5j7ufsq                                ; altera_avalon_sc_fifo_1932         ;
;          |ram_s1_agent_rsp_fifo|                                               ; 13.1 (13.1)          ; 14.9 (14.9)                      ; 1.8 (1.8)                                         ; 0.0 (0.0)                        ; 0.0 (0.0)            ; 19 (19)             ; 30 (30)                   ; 0 (0)         ; 0                 ; 0     ; 0                        ; 0                                      ; 0                                                 ; 0    ; 0            ; 0 (0)  ; u0|mm_interconnect_0|ram_s1_agent_rsp_fifo                                                                                                               ; sys_altera_avalon_sc_fifo_1932_5j7ufsq                                ; altera_avalon_sc_fifo_1932         ;
;          |ram_s1_burst_adapter|                                                ; 83.3 (0.0)           ; 89.7 (0.0)                       ; 6.8 (0.0)                                         ; 0.4 (0.0)                        ; 0.0 (0.0)            ; 141 (0)             ; 106 (0)                   ; 0 (0)         ; 0                 ; 0     ; 0                        ; 0                                      ; 0                                                 ; 0    ; 0            ; 0 (0)  ; u0|mm_interconnect_0|ram_s1_burst_adapter                                                                                                                ; sys_altera_merlin_burst_adapter_1932_yh5s4ha                          ; altera_merlin_burst_adapter_1932   ;
;             |altera_merlin_burst_adapter_13_1.burst_adapter|                   ; 83.3 (83.3)          ; 89.7 (89.7)                      ; 6.8 (6.8)                                         ; 0.4 (0.4)                        ; 0.0 (0.0)            ; 141 (141)           ; 106 (106)                 ; 0 (0)         ; 0                 ; 0     ; 0                        ; 0                                      ; 0                                                 ; 0    ; 0            ; 0 (0)  ; u0|mm_interconnect_0|ram_s1_burst_adapter|altera_merlin_burst_adapter_13_1.burst_adapter                                                                 ; altera_merlin_burst_adapter_13_1                                      ; altera_merlin_burst_adapter_1932   ;
;          |ram_s1_translator|                                                   ; 0.5 (0.5)            ; 1.2 (1.2)                        ; 0.7 (0.7)                                         ; 0.0 (0.0)                        ; 0.0 (0.0)            ; 1 (1)               ; 2 (2)                     ; 0 (0)         ; 0                 ; 0     ; 0                        ; 0                                      ; 0                                                 ; 0    ; 0            ; 0 (0)  ; u0|mm_interconnect_0|ram_s1_translator                                                                                                                   ; sys_altera_merlin_slave_translator_191_x56fcki                        ; altera_merlin_slave_translator_191 ;
;          |router|                                                              ; 7.0 (7.0)            ; 7.5 (7.5)                        ; 0.5 (0.5)                                         ; 0.0 (0.0)                        ; 0.0 (0.0)            ; 8 (8)               ; 0 (0)                     ; 0 (0)         ; 0                 ; 0     ; 0                        ; 0                                      ; 0                                                 ; 0    ; 0            ; 0 (0)  ; u0|mm_interconnect_0|router                                                                                                                              ; sys_altera_merlin_router_1921_hemdkoi                                 ; altera_merlin_router_1921          ;
;          |router_001|                                                          ; 4.2 (4.2)            ; 5.5 (5.5)                        ; 1.3 (1.3)                                         ; 0.0 (0.0)                        ; 0.0 (0.0)            ; 8 (8)               ; 0 (0)                     ; 0 (0)         ; 0                 ; 0     ; 0                        ; 0                                      ; 0                                                 ; 0    ; 0            ; 0 (0)  ; u0|mm_interconnect_0|router_001                                                                                                                          ; sys_altera_merlin_router_1921_hemdkoi                                 ; altera_merlin_router_1921          ;
;          |router_002|                                                          ; 1.1 (1.1)            ; 1.4 (1.4)                        ; 0.3 (0.3)                                         ; 0.0 (0.0)                        ; 0.0 (0.0)            ; 3 (3)               ; 0 (0)                     ; 0 (0)         ; 0                 ; 0     ; 0                        ; 0                                      ; 0                                                 ; 0    ; 0            ; 0 (0)  ; u0|mm_interconnect_0|router_002                                                                                                                          ; sys_altera_merlin_router_1921_jqiow2y                                 ; altera_merlin_router_1921          ;
;          |router_003|                                                          ; 0.3 (0.3)            ; 0.5 (0.5)                        ; 0.2 (0.2)                                         ; 0.0 (0.0)                        ; 0.0 (0.0)            ; 1 (1)               ; 0 (0)                     ; 0 (0)         ; 0                 ; 0     ; 0                        ; 0                                      ; 0                                                 ; 0    ; 0            ; 0 (0)  ; u0|mm_interconnect_0|router_003                                                                                                                          ; sys_altera_merlin_router_1921_jqiow2y                                 ; altera_merlin_router_1921          ;
;          |rsp_demux|                                                           ; 1.3 (1.3)            ; 1.3 (1.3)                        ; 0.0 (0.0)                                         ; 0.0 (0.0)                        ; 0.0 (0.0)            ; 2 (2)               ; 0 (0)                     ; 0 (0)         ; 0                 ; 0     ; 0                        ; 0                                      ; 0                                                 ; 0    ; 0            ; 0 (0)  ; u0|mm_interconnect_0|rsp_demux                                                                                                                           ; sys_altera_merlin_demultiplexer_1921_7espnsi                          ; altera_merlin_demultiplexer_1921   ;
;          |rsp_demux_002|                                                       ; 3.5 (3.5)            ; 4.0 (4.0)                        ; 0.5 (0.5)                                         ; 0.0 (0.0)                        ; 0.0 (0.0)            ; 4 (4)               ; 0 (0)                     ; 0 (0)         ; 0                 ; 0     ; 0                        ; 0                                      ; 0                                                 ; 0    ; 0            ; 0 (0)  ; u0|mm_interconnect_0|rsp_demux_002                                                                                                                       ; sys_altera_merlin_demultiplexer_1921_imrd56i                          ; altera_merlin_demultiplexer_1921   ;
;          |rsp_demux_003|                                                       ; 1.4 (1.4)            ; 1.7 (1.7)                        ; 0.2 (0.2)                                         ; 0.0 (0.0)                        ; 0.0 (0.0)            ; 3 (3)               ; 0 (0)                     ; 0 (0)         ; 0                 ; 0     ; 0                        ; 0                                      ; 0                                                 ; 0    ; 0            ; 0 (0)  ; u0|mm_interconnect_0|rsp_demux_003                                                                                                                       ; sys_altera_merlin_demultiplexer_1921_imrd56i                          ; altera_merlin_demultiplexer_1921   ;
;          |rsp_demux_004|                                                       ; 1.2 (1.2)            ; 1.7 (1.7)                        ; 0.5 (0.5)                                         ; 0.0 (0.0)                        ; 0.0 (0.0)            ; 2 (2)               ; 0 (0)                     ; 0 (0)         ; 0                 ; 0     ; 0                        ; 0                                      ; 0                                                 ; 0    ; 0            ; 0 (0)  ; u0|mm_interconnect_0|rsp_demux_004                                                                                                                       ; sys_altera_merlin_demultiplexer_1921_7espnsi                          ; altera_merlin_demultiplexer_1921   ;
;          |rsp_mux|                                                             ; 3.4 (3.4)            ; 3.5 (3.5)                        ; 0.1 (0.1)                                         ; 0.0 (0.0)                        ; 0.0 (0.0)            ; 7 (7)               ; 0 (0)                     ; 0 (0)         ; 0                 ; 0     ; 0                        ; 0                                      ; 0                                                 ; 0    ; 0            ; 0 (0)  ; u0|mm_interconnect_0|rsp_mux                                                                                                                             ; sys_altera_merlin_multiplexer_1922_5yxsbci                            ; altera_merlin_multiplexer_1922     ;
;          |rsp_mux_001|                                                         ; 64.2 (64.2)          ; 65.1 (65.1)                      ; 0.9 (0.9)                                         ; 0.0 (0.0)                        ; 0.0 (0.0)            ; 111 (111)           ; 0 (0)                     ; 0 (0)         ; 0                 ; 0     ; 0                        ; 0                                      ; 0                                                 ; 0    ; 0            ; 0 (0)  ; u0|mm_interconnect_0|rsp_mux_001                                                                                                                         ; sys_altera_merlin_multiplexer_1922_5yxsbci                            ; altera_merlin_multiplexer_1922     ;
;          |rsp_mux_003|                                                         ; 17.8 (17.8)          ; 18.0 (18.0)                      ; 0.2 (0.2)                                         ; 0.0 (0.0)                        ; 0.0 (0.0)            ; 41 (41)             ; 0 (0)                     ; 0 (0)         ; 0                 ; 0     ; 0                        ; 0                                      ; 0                                                 ; 0    ; 0            ; 0 (0)  ; u0|mm_interconnect_0|rsp_mux_003                                                                                                                         ; sys_altera_merlin_multiplexer_1922_hobyaqy                            ; altera_merlin_multiplexer_1922     ;
;          |sysid_qsys_0_control_slave_agent|                                    ; 9.9 (0.8)            ; 9.9 (0.8)                        ; 0.0 (0.0)                                         ; 0.0 (0.0)                        ; 0.0 (0.0)            ; 20 (2)              ; 10 (0)                    ; 0 (0)         ; 0                 ; 0     ; 0                        ; 0                                      ; 0                                                 ; 0    ; 0            ; 0 (0)  ; u0|mm_interconnect_0|sysid_qsys_0_control_slave_agent                                                                                                    ; sys_altera_merlin_slave_agent_1921_b6r3djy                            ; altera_merlin_slave_agent_1921     ;
;             |uncompressor|                                                     ; 9.1 (9.1)            ; 9.1 (9.1)                        ; 0.0 (0.0)                                         ; 0.0 (0.0)                        ; 0.0 (0.0)            ; 18 (18)             ; 10 (10)                   ; 0 (0)         ; 0                 ; 0     ; 0                        ; 0                                      ; 0                                                 ; 0    ; 0            ; 0 (0)  ; u0|mm_interconnect_0|sysid_qsys_0_control_slave_agent|uncompressor                                                                                       ; altera_merlin_burst_uncompressor                                      ; altera_merlin_slave_agent_1921     ;
;          |sysid_qsys_0_control_slave_agent_rsp_fifo|                           ; 9.8 (9.8)            ; 10.7 (10.7)                      ; 1.0 (1.0)                                         ; 0.0 (0.0)                        ; 0.0 (0.0)            ; 15 (15)             ; 24 (24)                   ; 0 (0)         ; 0                 ; 0     ; 0                        ; 0                                      ; 0                                                 ; 0    ; 0            ; 0 (0)  ; u0|mm_interconnect_0|sysid_qsys_0_control_slave_agent_rsp_fifo                                                                                           ; sys_altera_avalon_sc_fifo_1932_5j7ufsq                                ; altera_avalon_sc_fifo_1932         ;
;          |sysid_qsys_0_control_slave_burst_adapter|                            ; 33.4 (0.0)           ; 34.5 (0.0)                       ; 1.5 (0.0)                                         ; 0.4 (0.0)                        ; 0.0 (0.0)            ; 56 (0)              ; 34 (0)                    ; 0 (0)         ; 0                 ; 0     ; 0                        ; 0                                      ; 0                                                 ; 0    ; 0            ; 0 (0)  ; u0|mm_interconnect_0|sysid_qsys_0_control_slave_burst_adapter                                                                                            ; sys_altera_merlin_burst_adapter_1932_yh5s4ha                          ; altera_merlin_burst_adapter_1932   ;
;             |altera_merlin_burst_adapter_13_1.burst_adapter|                   ; 33.4 (33.4)          ; 34.5 (34.5)                      ; 1.5 (1.5)                                         ; 0.4 (0.4)                        ; 0.0 (0.0)            ; 56 (56)             ; 34 (34)                   ; 0 (0)         ; 0                 ; 0     ; 0                        ; 0                                      ; 0                                                 ; 0    ; 0            ; 0 (0)  ; u0|mm_interconnect_0|sysid_qsys_0_control_slave_burst_adapter|altera_merlin_burst_adapter_13_1.burst_adapter                                             ; altera_merlin_burst_adapter_13_1                                      ; altera_merlin_burst_adapter_1932   ;
;          |sysid_qsys_0_control_slave_translator|                               ; 2.5 (2.5)            ; 3.2 (3.2)                        ; 0.7 (0.7)                                         ; 0.0 (0.0)                        ; 0.0 (0.0)            ; 5 (5)               ; 5 (5)                     ; 0 (0)         ; 0                 ; 0     ; 0                        ; 0                                      ; 0                                                 ; 0    ; 0            ; 0 (0)  ; u0|mm_interconnect_0|sysid_qsys_0_control_slave_translator                                                                                               ; sys_altera_merlin_slave_translator_191_x56fcki                        ; altera_merlin_slave_translator_191 ;
;       |ram|                                                                    ; 36.0 (0.0)           ; 35.2 (0.0)                       ; 0.2 (0.0)                                         ; 1.0 (0.0)                        ; 0.0 (0.0)            ; 38 (0)              ; 2 (0)                     ; 0 (0)         ; 2097152           ; 128   ; 0                        ; 0                                      ; 0                                                 ; 0    ; 0            ; 0 (0)  ; u0|ram                                                                                                                                                   ; sys_intel_onchip_memory_0                                             ; sys_intel_onchip_memory_0          ;
;          |intel_onchip_memory_0|                                               ; 36.0 (0.0)           ; 35.2 (0.0)                       ; 0.2 (0.0)                                         ; 1.0 (0.0)                        ; 0.0 (0.0)            ; 38 (0)              ; 2 (0)                     ; 0 (0)         ; 2097152           ; 128   ; 0                        ; 0                                      ; 0                                                 ; 0    ; 0            ; 0 (0)  ; u0|ram|intel_onchip_memory_0                                                                                                                             ; sys_intel_onchip_memory_0_intel_onchip_memory_148_pawszpi             ; intel_onchip_memory_148            ;
;             |altera_syncram_component|                                         ; 36.0 (0.0)           ; 35.2 (0.0)                       ; 0.2 (0.0)                                         ; 1.0 (0.0)                        ; 0.0 (0.0)            ; 38 (0)              ; 2 (0)                     ; 0 (0)         ; 2097152           ; 128   ; 0                        ; 0                                      ; 0                                                 ; 0    ; 0            ; 0 (0)  ; u0|ram|intel_onchip_memory_0|altera_syncram_component                                                                                                    ; altera_syncram                                                        ; altera_work                        ;
;                |auto_generated|                                                ; 36.0 (0.0)           ; 35.2 (0.0)                       ; 0.2 (0.0)                                         ; 1.0 (0.0)                        ; 0.0 (0.0)            ; 38 (0)              ; 2 (0)                     ; 0 (0)         ; 2097152           ; 128   ; 0                        ; 0                                      ; 0                                                 ; 0    ; 0            ; 0 (0)  ; u0|ram|intel_onchip_memory_0|altera_syncram_component|auto_generated                                                                                     ; altera_syncram_khej1                                                  ; altera_work                        ;
;                   |altsyncram1|                                                ; 36.0 (1.0)           ; 35.2 (1.0)                       ; 0.2 (0.0)                                         ; 1.0 (0.0)                        ; 0.0 (0.0)            ; 38 (1)              ; 2 (2)                     ; 0 (0)         ; 2097152           ; 128   ; 0                        ; 0                                      ; 0                                                 ; 0    ; 0            ; 0 (0)  ; u0|ram|intel_onchip_memory_0|altera_syncram_component|auto_generated|altsyncram1                                                                         ; altsyncram_58fn1                                                      ; altera_work                        ;
;                      |decode4|                                                 ; 2.5 (2.5)            ; 2.5 (2.5)                        ; 0.0 (0.0)                                         ; 0.0 (0.0)                        ; 0.0 (0.0)            ; 5 (5)               ; 0 (0)                     ; 0 (0)         ; 0                 ; 0     ; 0                        ; 0                                      ; 0                                                 ; 0    ; 0            ; 0 (0)  ; u0|ram|intel_onchip_memory_0|altera_syncram_component|auto_generated|altsyncram1|decode4                                                                 ; decode_na9d                                                           ; altera_work                        ;
;                      |mux3|                                                    ; 32.3 (32.3)          ; 31.7 (31.7)                      ; 0.3 (0.3)                                         ; 1.0 (1.0)                        ; 0.0 (0.0)            ; 32 (32)             ; 0 (0)                     ; 0 (0)         ; 0                 ; 0     ; 0                        ; 0                                      ; 0                                                 ; 0    ; 0            ; 0 (0)  ; u0|ram|intel_onchip_memory_0|altera_syncram_component|auto_generated|altsyncram1|mux3                                                                    ; mux_n5q91                                                             ; altera_work                        ;
;       |rst_controller|                                                         ; 3.0 (2.7)            ; 5.0 (3.3)                        ; 2.0 (0.7)                                         ; 0.0 (0.0)                        ; 0.0 (0.0)            ; 6 (5)               ; 16 (10)                   ; 0 (0)         ; 0                 ; 0     ; 0                        ; 0                                      ; 0                                                 ; 0    ; 0            ; 0 (0)  ; u0|rst_controller                                                                                                                                        ; altera_reset_controller                                               ; altera_reset_controller_1922       ;
;          |alt_rst_req_sync_uq1|                                                ; 0.3 (0.3)            ; 0.7 (0.7)                        ; 0.3 (0.3)                                         ; 0.0 (0.0)                        ; 0.0 (0.0)            ; 1 (1)               ; 3 (3)                     ; 0 (0)         ; 0                 ; 0     ; 0                        ; 0                                      ; 0                                                 ; 0    ; 0            ; 0 (0)  ; u0|rst_controller|alt_rst_req_sync_uq1                                                                                                                   ; altera_reset_synchronizer                                             ; altera_reset_controller_1922       ;
;          |alt_rst_sync_uq1|                                                    ; 0.0 (0.0)            ; 1.0 (1.0)                        ; 1.0 (1.0)                                         ; 0.0 (0.0)                        ; 0.0 (0.0)            ; 0 (0)               ; 3 (3)                     ; 0 (0)         ; 0                 ; 0     ; 0                        ; 0                                      ; 0                                                 ; 0    ; 0            ; 0 (0)  ; u0|rst_controller|alt_rst_sync_uq1                                                                                                                       ; altera_reset_synchronizer                                             ; altera_reset_controller_1922       ;
+--------------------------------------------------------------------------------+----------------------+----------------------------------+---------------------------------------------------+----------------------------------+----------------------+---------------------+---------------------------+---------------+-------------------+-------+--------------------------+----------------------------------------+---------------------------------------------------+------+--------------+--------+----------------------------------------------------------------------------------------------------------------------------------------------------------+-----------------------------------------------------------------------+------------------------------------+
Note: For table entries with two numbers listed, the numbers in parentheses indicate the number of resources of the given type used by the specific entity alone. The numbers listed outside of parentheses indicate the total resources of the given type used by the specific entity and all of its sub-entities in the hierarchy.


+------------------------------------------------------------------------------------------------------------+
; Fitter Partition Statistics                                                                                ;
+-------------------------------------------------------+--------------------------+-------------------------+
; Statistic                                             ; |                        ; auto_fab_0              ;
+-------------------------------------------------------+--------------------------+-------------------------+
; ALMs needed [=A-B+C]                                  ; 3609.5 / 251680 ( 1 % )  ; 85.0 / 251680 ( < 1 % ) ;
;     [A] ALMs used in final placement                  ; 4126.0 / 251680 ( 1 % )  ; 91.5 / 251680 ( < 1 % ) ;
;     [B] Estimate of ALMs recoverable by dense packing ; 526.5 / 251680 ( < 1 % ) ; 6.5 / 251680 ( < 1 % )  ;
;     [C] Estimate of ALMs unavailable                  ; 10.0 / 251680 ( < 1 % )  ; 0.0 / 251680 ( 0 % )    ;
; ALMs used for memory                                  ; 80.0                     ; 0.0                     ;
; Combinational ALUTs                                   ; 5529                     ; 142                     ;
; Dedicated Logic Registers                             ; 4605 / 1006720 ( < 1 % ) ; 99 / 1006720 ( < 1 % )  ;
; I/O Registers                                         ; 0                        ; 0                       ;
; Block Memory Bits                                     ; 2171648                  ; 0                       ;
; M20Ks                                                 ; 138 / 2131 ( 6 % )       ; 0 / 2131 ( 0 % )        ;
; DSP Blocks needed [=A-B]                              ; 2 / 1687 ( < 1 % )       ; 0 / 1687 ( 0 % )        ;
;     [A] DSP Blocks used in final placement            ; 3 / 1687 ( < 1 % )       ; 0 / 1687 ( 0 % )        ;
;     [B] Estimate of DSPs recoverable by dense merging ; 1 / 1687 ( < 1 % )       ; 0 / 1687 ( 0 % )        ;
; Pins                                                  ; 6                        ; 0                       ;
; Virtual Pins                                          ; 0                        ; 0                       ;
; IOPLLs                                                ; 0                        ; 0                       ;
;                                                       ;                          ;                         ;
; Region Placement                                      ; -                        ; -                       ;
;                                                       ;                          ;                         ;
; Partition Ports                                       ;                          ;                         ;
;     -- Input Ports                                    ; 4                        ; 19                      ;
;     -- Output Ports                                   ; 1                        ; 81                      ;
;                                                       ;                          ;                         ;
; Connections                                           ;                          ;                         ;
;     -- Input Connections                              ; 18                       ; 613                     ;
;     -- Registered Input Connections                   ; 1                        ; 255                     ;
;     -- Output Connections                             ; 613                      ; 18                      ;
;     -- Registered Output Connections                  ; 357                      ; 0                       ;
;                                                       ;                          ;                         ;
; Internal Connections                                  ;                          ;                         ;
;     -- Total Connections                              ; 47281                    ; 1505                    ;
;     -- Registered Connections                         ; 22360                    ; 751                     ;
;                                                       ;                          ;                         ;
; External Connections                                  ;                          ;                         ;
;     -- |                                              ; 0                        ; 631                     ;
;     -- auto_fab_0                                     ; 631                      ; 0                       ;
+-------------------------------------------------------+--------------------------+-------------------------+


+----------------------------------------------------------------------------------+
; Non-Global High Fan-Out Signals                                                  ;
+-----------------------------------------------------+---------+------------------+
; Name                                                ; Fan-Out ; Physical Fan-Out ;
+-----------------------------------------------------+---------+------------------+
; u0|rst_controller|r_sync_rst                        ; 1412    ; 234              ;
; u0|cpu|intel_niosv_g_inst|hart|core_inst|M0_ready~0 ; 512     ; 90               ;
+-----------------------------------------------------+---------+------------------+


+-----------------------------------------------------------------------------------------------------------------------------------------------------------------------------------------------------------------------------------------------------------------------------------------------------------------------------------------------------------------------------------------------------------------------------------------------------------------------------------------------------------------------------------------------------------------------------------------------------------------------------------------------------------------------------------------------------------------------------------------------------------------------------------------------------------------------------------------------------------------------------------------------------------------------------------------------------------------------------------------------------------------------------------------------------------------------------------------------------------------------------------------------------------------------------------------------------------------------------------------------------------------------------------------------------------------------------------------------------------------------------------------------------------------------------------------------------------------------------------------------------------------------------------------------------------------------------------------------------------------------------------------------------------------------------------------------------------------------------------------------------------------------------------------------------------------------------------------------------------------------------------------------------------------------------------------------------------------------------------------------------------------------------------------------------------------------------------------------------------------------------------------------------------------------------------------------------------------------------------------------------------------------------------------------------------------------------------------------------------------------------------------------------------------------------------------------------------------------------------------------------------------------------------------------------------------------------------------------------------------------------------------------------------------------------------------------------------------------------------------------------------------------------------------------------------------------------------------------------------------------------------------------------------------------------------------------------------------------------------------------------------------------------------------------------------------------------------------------------------------------+
; Fitter RAM Summary                                                                                                                                                                                                                                                                                                                                                                                                                                                                                                                                                                                                                                                                                                                                                                                                                                                                                                                                                                                                                                                                                                                                                                                                                                                                                                                                                                                                                                                                                                                                                                                                                                                                                                                                                                                                                                                                                                                                                                                                                                                                                                                                                                                                                                                                                                                                                                                                                                                                                                                                                                                                                                                                                                                                                                                                                                                                                                                                                                                                                                                                                                    ;
+------------------------------------------------------------------------------------------------------------------------------------------------------+------------+------------------+--------------+--------------+--------------+--------------+--------------+------------------------+-------------------------+------------------------+-------------------------+---------+-----------------------------+-----------------------------+-----------------------------+-----------------------------+---------------------+-------------+-------+--------------------------------------------------------------------------------------------------------------------+-----------------------------------------------------------------------------------------------------------------------------------------------------------------------------------------------------------------------------------------------------------------------------------------------------------------------------------------------------------------------------------------------------------------------------------------------------------------------------------------------------------------------------------------------------------------------------------------------------------------------------------------------------------------------------------------------------------------------------------------------------------------------------------------------------------------------------------------------------------------------------------------------------------------------------------------------------------------------------------------------------------------------------------------------------------------------------------------------------------------------------------------------------------------------------------------------------------------------------------------------------------------------------------------------------------------------------------------------------------------------------------------------------------------------------------------------------------------------------------------------------------------------------------------------------------------------------------------------------------------------------------------------------------------------------------------------------------------------------------------------------------------------------------------------------------------------------------------------------------------------------------------------------------------------------------------------------------------------------------------------------------------------------------------------------------------------------------------------------------------------------------------------------------------------------------------------------------------------------------------------------------------------------------------------------------+---------------------+-----------------+-----------------+----------+------------------------+----------------------------------+
; Name                                                                                                                                                 ; Type       ; Mode             ; Clock Mode   ; Port A Depth ; Port A Width ; Port B Depth ; Port B Width ; Port A Input Registers ; Port A Output Registers ; Port B Input Registers ; Port B Output Registers ; Size    ; Implementation Port A Depth ; Implementation Port A Width ; Implementation Port B Depth ; Implementation Port B Width ; Implementation Bits ; M20K blocks ; MLABs ; MIF                                                                                                                ; Location                                                                                                                                                                                                                                                                                                                                                                                                                                                                                                                                                                                                                                                                                                                                                                                                                                                                                                                                                                                                                                                                                                                                                                                                                                                                                                                                                                                                                                                                                                                                                                                                                                                                                                                                                                                                                                                                                                                                                                                                                                                                                                                                                                                                                                                                                                  ; Mixed Port RDW Mode ; Port A RDW Mode ; Port B RDW Mode ; ECC Mode ; ECC Pipeline Registers ; Fits in MLABs                    ;
+------------------------------------------------------------------------------------------------------------------------------------------------------+------------+------------------+--------------+--------------+--------------+--------------+--------------+------------------------+-------------------------+------------------------+-------------------------+---------+-----------------------------+-----------------------------+-----------------------------+-----------------------------+---------------------+-------------+-------+--------------------------------------------------------------------------------------------------------------------+-----------------------------------------------------------------------------------------------------------------------------------------------------------------------------------------------------------------------------------------------------------------------------------------------------------------------------------------------------------------------------------------------------------------------------------------------------------------------------------------------------------------------------------------------------------------------------------------------------------------------------------------------------------------------------------------------------------------------------------------------------------------------------------------------------------------------------------------------------------------------------------------------------------------------------------------------------------------------------------------------------------------------------------------------------------------------------------------------------------------------------------------------------------------------------------------------------------------------------------------------------------------------------------------------------------------------------------------------------------------------------------------------------------------------------------------------------------------------------------------------------------------------------------------------------------------------------------------------------------------------------------------------------------------------------------------------------------------------------------------------------------------------------------------------------------------------------------------------------------------------------------------------------------------------------------------------------------------------------------------------------------------------------------------------------------------------------------------------------------------------------------------------------------------------------------------------------------------------------------------------------------------------------------------------------------+---------------------+-----------------+-----------------+----------+------------------------+----------------------------------+
; u0|cpu|intel_niosv_g_inst|dbg_mod|dm_inst|dbg_rom_inst|ram_no_ecc.data_ram|auto_generated|ALTDPRAM_INSTANCE                                          ; AUTO       ; Simple Dual Port ; Single Clock ; 42           ; 32           ; 42           ; 32           ; yes                    ; no                      ; no                     ; no                      ; 1344    ; 42                          ; 32                          ; 42                          ; 32                          ; 1344                ; 0           ; 4     ; ip/sys/cpu/intel_niosv_dbg_mod_210/synth/debug_rom.mif                                                             ; LAB_X115_Y14_N0, LAB_X109_Y14_N0, LAB_X109_Y13_N0, LAB_X109_Y12_N0                                                                                                                                                                                                                                                                                                                                                                                                                                                                                                                                                                                                                                                                                                                                                                                                                                                                                                                                                                                                                                                                                                                                                                                                                                                                                                                                                                                                                                                                                                                                                                                                                                                                                                                                                                                                                                                                                                                                                                                                                                                                                                                                                                                                                                        ; New data            ;                 ;                 ;          ;                        ;                                  ;
; u0|cpu|intel_niosv_g_inst|dbg_mod|dm_inst|niosv_dm_csr_mem_inst|ram_no_ecc.data_ram|auto_generated|ALTDPRAM_INSTANCE                                 ; AUTO       ; Simple Dual Port ; Single Clock ; 10           ; 32           ; 10           ; 32           ; yes                    ; no                      ; no                     ; no                      ; 320     ; 10                          ; 32                          ; 10                          ; 32                          ; 320                 ; 0           ; 2     ; ip/sys/cpu/intel_niosv_dbg_mod_210/synth/csr_mlab.mif                                                              ; LAB_X109_Y10_N0, LAB_X109_Y9_N0                                                                                                                                                                                                                                                                                                                                                                                                                                                                                                                                                                                                                                                                                                                                                                                                                                                                                                                                                                                                                                                                                                                                                                                                                                                                                                                                                                                                                                                                                                                                                                                                                                                                                                                                                                                                                                                                                                                                                                                                                                                                                                                                                                                                                                                                           ; New data            ;                 ;                 ;          ;                        ;                                  ;
; u0|cpu|intel_niosv_g_inst|hart|core_inst|gp_reg_file_inst|reg_file_a|ram_no_ecc.data_ram|auto_generated|ALTSYNCRAM                                   ; M20K block ; Simple Dual Port ; Single Clock ; 32           ; 32           ; 32           ; 32           ; yes                    ; no                      ; yes                    ; no                      ; 1024    ; 32                          ; 32                          ; 32                          ; 32                          ; 1024                ; 1           ; 0     ; None                                                                                                               ; M20K_X90_Y14_N0                                                                                                                                                                                                                                                                                                                                                                                                                                                                                                                                                                                                                                                                                                                                                                                                                                                                                                                                                                                                                                                                                                                                                                                                                                                                                                                                                                                                                                                                                                                                                                                                                                                                                                                                                                                                                                                                                                                                                                                                                                                                                                                                                                                                                                                                                           ; Old data            ; New data        ; New data        ; Off      ; No                     ; No - Block Type Set to Block RAM ;
; u0|cpu|intel_niosv_g_inst|hart|core_inst|gp_reg_file_inst|reg_file_b|ram_no_ecc.data_ram|auto_generated|ALTSYNCRAM                                   ; M20K block ; Simple Dual Port ; Single Clock ; 32           ; 32           ; 32           ; 32           ; yes                    ; no                      ; yes                    ; no                      ; 1024    ; 32                          ; 32                          ; 32                          ; 32                          ; 1024                ; 1           ; 0     ; None                                                                                                               ; M20K_X90_Y13_N0                                                                                                                                                                                                                                                                                                                                                                                                                                                                                                                                                                                                                                                                                                                                                                                                                                                                                                                                                                                                                                                                                                                                                                                                                                                                                                                                                                                                                                                                                                                                                                                                                                                                                                                                                                                                                                                                                                                                                                                                                                                                                                                                                                                                                                                                                           ; Old data            ; New data        ; New data        ; Off      ; No                     ; No - Block Type Set to Block RAM ;
; u0|cpu|intel_niosv_g_inst|hart|core_inst|icache_inst|icache_iram|ram_no_ecc.data_ram|auto_generated|ALTSYNCRAM                                       ; M20K block ; Simple Dual Port ; Single Clock ; 1024         ; 32           ; 1024         ; 32           ; yes                    ; no                      ; yes                    ; no                      ; 32768   ; 1024                        ; 32                          ; 1024                        ; 32                          ; 32768               ; 2           ; 0     ; None                                                                                                               ; M20K_X90_Y22_N0, M20K_X90_Y24_N0                                                                                                                                                                                                                                                                                                                                                                                                                                                                                                                                                                                                                                                                                                                                                                                                                                                                                                                                                                                                                                                                                                                                                                                                                                                                                                                                                                                                                                                                                                                                                                                                                                                                                                                                                                                                                                                                                                                                                                                                                                                                                                                                                                                                                                                                          ; Old data            ; New data        ; New data        ; Off      ; No                     ; No - Address Too Wide            ;
; u0|cpu|intel_niosv_g_inst|hart|core_inst|icache_inst|icache_tag_ram|ram_no_ecc.data_ram|auto_generated|ALTSYNCRAM                                    ; M20K block ; Simple Dual Port ; Single Clock ; 128          ; 24           ; 128          ; 24           ; yes                    ; no                      ; yes                    ; no                      ; 3072    ; 128                         ; 24                          ; 128                         ; 24                          ; 3072                ; 1           ; 0     ; None                                                                                                               ; M20K_X90_Y25_N0                                                                                                                                                                                                                                                                                                                                                                                                                                                                                                                                                                                                                                                                                                                                                                                                                                                                                                                                                                                                                                                                                                                                                                                                                                                                                                                                                                                                                                                                                                                                                                                                                                                                                                                                                                                                                                                                                                                                                                                                                                                                                                                                                                                                                                                                                           ; Old data            ; New data        ; New data        ; Off      ; No                     ; No - Block Type Set to Block RAM ;
; u0|cpu|intel_niosv_g_inst|hart|core_inst|lsu_inst|dcache_data_inst|ram_no_ecc.data_ram|auto_generated|ALTSYNCRAM                                     ; M20K block ; Simple Dual Port ; Single Clock ; 1024         ; 32           ; 1024         ; 32           ; yes                    ; no                      ; yes                    ; no                      ; 32768   ; 1024                        ; 32                          ; 1024                        ; 32                          ; 32768               ; 2           ; 0     ; None                                                                                                               ; M20K_X102_Y15_N0, M20K_X102_Y14_N0                                                                                                                                                                                                                                                                                                                                                                                                                                                                                                                                                                                                                                                                                                                                                                                                                                                                                                                                                                                                                                                                                                                                                                                                                                                                                                                                                                                                                                                                                                                                                                                                                                                                                                                                                                                                                                                                                                                                                                                                                                                                                                                                                                                                                                                                        ; Old data            ; New data        ; New data        ; Off      ; No                     ; No - Address Too Wide            ;
; u0|cpu|intel_niosv_g_inst|hart|core_inst|lsu_inst|dcache_tag_ram|ram_no_ecc.data_ram|auto_generated|ALTSYNCRAM                                       ; M20K block ; Simple Dual Port ; Single Clock ; 128          ; 22           ; 128          ; 22           ; yes                    ; no                      ; yes                    ; no                      ; 2816    ; 128                         ; 22                          ; 128                         ; 22                          ; 2816                ; 1           ; 0     ; None                                                                                                               ; M20K_X90_Y18_N0                                                                                                                                                                                                                                                                                                                                                                                                                                                                                                                                                                                                                                                                                                                                                                                                                                                                                                                                                                                                                                                                                                                                                                                                                                                                                                                                                                                                                                                                                                                                                                                                                                                                                                                                                                                                                                                                                                                                                                                                                                                                                                                                                                                                                                                                                           ; Old data            ; New data        ; New data        ; Off      ; No                     ; No - Block Type Set to Block RAM ;
; u0|cpu|intel_niosv_g_inst|hart|core_inst|lsu_inst|niosv_victim_buffer_inst|victim_buffer|auto_generated|ALTDPRAM_INSTANCE                            ; AUTO       ; Simple Dual Port ; Single Clock ; 8            ; 34           ; 8            ; 34           ; yes                    ; no                      ; no                     ; no                      ; 272     ; 8                           ; 34                          ; 8                           ; 34                          ; 272                 ; 0           ; 2     ; None                                                                                                               ; LAB_X99_Y15_N0, LAB_X99_Y14_N0                                                                                                                                                                                                                                                                                                                                                                                                                                                                                                                                                                                                                                                                                                                                                                                                                                                                                                                                                                                                                                                                                                                                                                                                                                                                                                                                                                                                                                                                                                                                                                                                                                                                                                                                                                                                                                                                                                                                                                                                                                                                                                                                                                                                                                                                            ; Don't care          ;                 ;                 ;          ;                        ;                                  ;
; u0|jtag_uart|altera_avalon_jtag_uart_inst|the_jtag_uart_altera_avalon_jtag_uart_1924_dwkezqq_scfifo_r|rfifo|auto_generated|dpfifo|FIFOram|ALTSYNCRAM ; AUTO       ; Simple Dual Port ; Single Clock ; 64           ; 8            ; 64           ; 8            ; yes                    ; no                      ; yes                    ; no                      ; 512     ; 64                          ; 8                           ; 64                          ; 8                           ; 512                 ; 1           ; 0     ; None                                                                                                               ; M20K_X108_Y10_N0                                                                                                                                                                                                                                                                                                                                                                                                                                                                                                                                                                                                                                                                                                                                                                                                                                                                                                                                                                                                                                                                                                                                                                                                                                                                                                                                                                                                                                                                                                                                                                                                                                                                                                                                                                                                                                                                                                                                                                                                                                                                                                                                                                                                                                                                                          ; Don't care          ; New data        ; New data        ; Off      ; No                     ; No - Latch Type Behaviour        ;
; u0|jtag_uart|altera_avalon_jtag_uart_inst|the_jtag_uart_altera_avalon_jtag_uart_1924_dwkezqq_scfifo_w|wfifo|auto_generated|dpfifo|FIFOram|ALTSYNCRAM ; AUTO       ; Simple Dual Port ; Single Clock ; 64           ; 8            ; 64           ; 8            ; yes                    ; no                      ; yes                    ; yes                     ; 512     ; 64                          ; 8                           ; 64                          ; 8                           ; 512                 ; 1           ; 0     ; None                                                                                                               ; M20K_X108_Y8_N0                                                                                                                                                                                                                                                                                                                                                                                                                                                                                                                                                                                                                                                                                                                                                                                                                                                                                                                                                                                                                                                                                                                                                                                                                                                                                                                                                                                                                                                                                                                                                                                                                                                                                                                                                                                                                                                                                                                                                                                                                                                                                                                                                                                                                                                                                           ; Don't care          ; New data        ; New data        ; Off      ; No                     ; No - Latch Type Behaviour        ;
; u0|ram|intel_onchip_memory_0|altera_syncram_component|auto_generated|altsyncram1|ALTSYNCRAM                                                          ; AUTO       ; Single Port      ; Single Clock ; 65536        ; 32           ; --           ; --           ; yes                    ; no                      ; --                     ; --                      ; 2097152 ; 65536                       ; 32                          ; --                          ; --                          ; 2097152             ; 128         ; 0     ; ip/sys/sys_intel_onchip_memory_0/intel_onchip_memory_148/synth/sys_intel_onchip_memory_0_intel_onchip_memory_0.hex ; M20K_X102_Y30_N0, M20K_X102_Y29_N0, M20K_X102_Y31_N0, M20K_X102_Y28_N0, M20K_X90_Y6_N0, M20K_X102_Y7_N0, M20K_X90_Y5_N0, M20K_X84_Y5_N0, M20K_X102_Y13_N0, M20K_X90_Y15_N0, M20K_X84_Y16_N0, M20K_X84_Y13_N0, M20K_X108_Y21_N0, M20K_X108_Y20_N0, M20K_X108_Y19_N0, M20K_X102_Y19_N0, M20K_X102_Y23_N0, M20K_X102_Y22_N0, M20K_X102_Y21_N0, M20K_X102_Y24_N0, M20K_X84_Y32_N0, M20K_X90_Y31_N0, M20K_X84_Y29_N0, M20K_X84_Y31_N0, M20K_X84_Y27_N0, M20K_X84_Y28_N0, M20K_X90_Y28_N0, M20K_X84_Y26_N0, M20K_X102_Y35_N0, M20K_X102_Y34_N0, M20K_X102_Y36_N0, M20K_X102_Y37_N0, M20K_X108_Y35_N0, M20K_X108_Y33_N0, M20K_X108_Y31_N0, M20K_X108_Y32_N0, M20K_X84_Y37_N0, M20K_X84_Y33_N0, M20K_X90_Y35_N0, M20K_X90_Y37_N0, M20K_X90_Y30_N0, M20K_X90_Y32_N0, M20K_X90_Y33_N0, M20K_X90_Y29_N0, M20K_X84_Y11_N0, M20K_X90_Y10_N0, M20K_X90_Y12_N0, M20K_X84_Y12_N0, M20K_X90_Y19_N0, M20K_X84_Y14_N0, M20K_X84_Y15_N0, M20K_X84_Y18_N0, M20K_X84_Y17_N0, M20K_X84_Y24_N0, M20K_X84_Y25_N0, M20K_X84_Y23_N0, M20K_X84_Y6_N0, M20K_X90_Y8_N0, M20K_X102_Y3_N0, M20K_X84_Y8_N0, M20K_X84_Y36_N0, M20K_X84_Y30_N0, M20K_X84_Y34_N0, M20K_X90_Y38_N0, M20K_X108_Y23_N0, M20K_X108_Y30_N0, M20K_X108_Y29_N0, M20K_X108_Y22_N0, M20K_X84_Y22_N0, M20K_X84_Y19_N0, M20K_X84_Y21_N0, M20K_X84_Y20_N0, M20K_X108_Y13_N0, M20K_X108_Y14_N0, M20K_X108_Y15_N0, M20K_X108_Y16_N0, M20K_X102_Y39_N0, M20K_X108_Y34_N0, M20K_X108_Y36_N0, M20K_X108_Y38_N0, M20K_X102_Y11_N0, M20K_X90_Y11_N0, M20K_X90_Y9_N0, M20K_X90_Y7_N0, M20K_X102_Y10_N0, M20K_X102_Y9_N0, M20K_X102_Y6_N0, M20K_X102_Y5_N0, M20K_X102_Y25_N0, M20K_X108_Y24_N0, M20K_X102_Y26_N0, M20K_X108_Y25_N0, M20K_X108_Y17_N0, M20K_X108_Y18_N0, M20K_X102_Y20_N0, M20K_X102_Y18_N0, M20K_X84_Y35_N0, M20K_X102_Y33_N0, M20K_X90_Y34_N0, M20K_X90_Y27_N0, M20K_X102_Y12_N0, M20K_X90_Y17_N0, M20K_X90_Y16_N0, M20K_X102_Y17_N0, M20K_X90_Y21_N0, M20K_X90_Y23_N0, M20K_X90_Y26_N0, M20K_X90_Y20_N0, M20K_X108_Y26_N0, M20K_X102_Y27_N0, M20K_X108_Y28_N0, M20K_X108_Y27_N0, M20K_X108_Y6_N0, M20K_X102_Y8_N0, M20K_X108_Y4_N0, M20K_X102_Y4_N0, M20K_X102_Y16_N0, M20K_X108_Y12_N0, M20K_X108_Y11_N0, M20K_X108_Y9_N0, M20K_X90_Y39_N0, M20K_X102_Y32_N0, M20K_X90_Y36_N0, M20K_X102_Y38_N0, M20K_X84_Y9_N0, M20K_X84_Y7_N0, M20K_X90_Y3_N0, M20K_X90_Y4_N0 ; Don't care          ; Don't care      ; New data        ; Off      ; No                     ; No - Address Too Wide            ;
+------------------------------------------------------------------------------------------------------------------------------------------------------+------------+------------------+--------------+--------------+--------------+--------------+--------------+------------------------+-------------------------+------------------------+-------------------------+---------+-----------------------------+-----------------------------+-----------------------------+-----------------------------+---------------------+-------------+-------+--------------------------------------------------------------------------------------------------------------------+-----------------------------------------------------------------------------------------------------------------------------------------------------------------------------------------------------------------------------------------------------------------------------------------------------------------------------------------------------------------------------------------------------------------------------------------------------------------------------------------------------------------------------------------------------------------------------------------------------------------------------------------------------------------------------------------------------------------------------------------------------------------------------------------------------------------------------------------------------------------------------------------------------------------------------------------------------------------------------------------------------------------------------------------------------------------------------------------------------------------------------------------------------------------------------------------------------------------------------------------------------------------------------------------------------------------------------------------------------------------------------------------------------------------------------------------------------------------------------------------------------------------------------------------------------------------------------------------------------------------------------------------------------------------------------------------------------------------------------------------------------------------------------------------------------------------------------------------------------------------------------------------------------------------------------------------------------------------------------------------------------------------------------------------------------------------------------------------------------------------------------------------------------------------------------------------------------------------------------------------------------------------------------------------------------------+---------------------+-----------------+-----------------+----------+------------------------+----------------------------------+
Note: Fitter may spread logical memories into multiple blocks to improve timing. The actual required RAM blocks can be found in the Fitter Resource Usage section.


+----------------------------------------------------------------------------------------------------------------------------------------------------------------------------------------------------------------------------------------+
; Fitter Physical RAM Information                                                                                                                                                                                                        ;
+-----------------------+-------------------------+-------------------------------+------------------------------------------------------------------------------------------------------------------------------------------------------+
; Physical RAM Location ; Physical RAM Usage Bits ; Physical RAM Usage Percentage ; Logical RAM Name                                                                                                                                     ;
+-----------------------+-------------------------+-------------------------------+------------------------------------------------------------------------------------------------------------------------------------------------------+
; M20K_X108_Y10_N0      ; 512                     ; 2.5                           ; u0|jtag_uart|altera_avalon_jtag_uart_inst|the_jtag_uart_altera_avalon_jtag_uart_1924_dwkezqq_scfifo_r|rfifo|auto_generated|dpfifo|FIFOram|ALTSYNCRAM ;
; M20K_X108_Y8_N0       ; 512                     ; 2.5                           ; u0|jtag_uart|altera_avalon_jtag_uart_inst|the_jtag_uart_altera_avalon_jtag_uart_1924_dwkezqq_scfifo_w|wfifo|auto_generated|dpfifo|FIFOram|ALTSYNCRAM ;
; M20K_X90_Y13_N0       ; 1024                    ; 5.0                           ; u0|cpu|intel_niosv_g_inst|hart|core_inst|gp_reg_file_inst|reg_file_b|ram_no_ecc.data_ram|auto_generated|ALTSYNCRAM                                   ;
; M20K_X90_Y14_N0       ; 1024                    ; 5.0                           ; u0|cpu|intel_niosv_g_inst|hart|core_inst|gp_reg_file_inst|reg_file_a|ram_no_ecc.data_ram|auto_generated|ALTSYNCRAM                                   ;
; M20K_X90_Y18_N0       ; 2816                    ; 13.8                          ; u0|cpu|intel_niosv_g_inst|hart|core_inst|lsu_inst|dcache_tag_ram|ram_no_ecc.data_ram|auto_generated|ALTSYNCRAM                                       ;
; M20K_X90_Y25_N0       ; 3072                    ; 15.0                          ; u0|cpu|intel_niosv_g_inst|hart|core_inst|icache_inst|icache_tag_ram|ram_no_ecc.data_ram|auto_generated|ALTSYNCRAM                                    ;
; M20K_X90_Y24_N0       ; 12288                   ; 60.0                          ; u0|cpu|intel_niosv_g_inst|hart|core_inst|icache_inst|icache_iram|ram_no_ecc.data_ram|auto_generated|ALTSYNCRAM                                       ;
; M20K_X102_Y10_N0      ; 16384                   ; 80.0                          ; u0|ram|intel_onchip_memory_0|altera_syncram_component|auto_generated|altsyncram1|ALTSYNCRAM                                                          ;
; M20K_X102_Y11_N0      ; 16384                   ; 80.0                          ; u0|ram|intel_onchip_memory_0|altera_syncram_component|auto_generated|altsyncram1|ALTSYNCRAM                                                          ;
; M20K_X102_Y12_N0      ; 16384                   ; 80.0                          ; u0|ram|intel_onchip_memory_0|altera_syncram_component|auto_generated|altsyncram1|ALTSYNCRAM                                                          ;
; M20K_X102_Y13_N0      ; 16384                   ; 80.0                          ; u0|ram|intel_onchip_memory_0|altera_syncram_component|auto_generated|altsyncram1|ALTSYNCRAM                                                          ;
; M20K_X102_Y14_N0      ; 16384                   ; 80.0                          ; u0|cpu|intel_niosv_g_inst|hart|core_inst|lsu_inst|dcache_data_inst|ram_no_ecc.data_ram|auto_generated|ALTSYNCRAM                                     ;
; M20K_X102_Y15_N0      ; 16384                   ; 80.0                          ; u0|cpu|intel_niosv_g_inst|hart|core_inst|lsu_inst|dcache_data_inst|ram_no_ecc.data_ram|auto_generated|ALTSYNCRAM                                     ;
; M20K_X102_Y16_N0      ; 16384                   ; 80.0                          ; u0|ram|intel_onchip_memory_0|altera_syncram_component|auto_generated|altsyncram1|ALTSYNCRAM                                                          ;
; M20K_X102_Y17_N0      ; 16384                   ; 80.0                          ; u0|ram|intel_onchip_memory_0|altera_syncram_component|auto_generated|altsyncram1|ALTSYNCRAM                                                          ;
; M20K_X102_Y18_N0      ; 16384                   ; 80.0                          ; u0|ram|intel_onchip_memory_0|altera_syncram_component|auto_generated|altsyncram1|ALTSYNCRAM                                                          ;
; M20K_X102_Y19_N0      ; 16384                   ; 80.0                          ; u0|ram|intel_onchip_memory_0|altera_syncram_component|auto_generated|altsyncram1|ALTSYNCRAM                                                          ;
; M20K_X102_Y20_N0      ; 16384                   ; 80.0                          ; u0|ram|intel_onchip_memory_0|altera_syncram_component|auto_generated|altsyncram1|ALTSYNCRAM                                                          ;
; M20K_X102_Y21_N0      ; 16384                   ; 80.0                          ; u0|ram|intel_onchip_memory_0|altera_syncram_component|auto_generated|altsyncram1|ALTSYNCRAM                                                          ;
; M20K_X102_Y22_N0      ; 16384                   ; 80.0                          ; u0|ram|intel_onchip_memory_0|altera_syncram_component|auto_generated|altsyncram1|ALTSYNCRAM                                                          ;
; M20K_X102_Y23_N0      ; 16384                   ; 80.0                          ; u0|ram|intel_onchip_memory_0|altera_syncram_component|auto_generated|altsyncram1|ALTSYNCRAM                                                          ;
; M20K_X102_Y24_N0      ; 16384                   ; 80.0                          ; u0|ram|intel_onchip_memory_0|altera_syncram_component|auto_generated|altsyncram1|ALTSYNCRAM                                                          ;
; M20K_X102_Y25_N0      ; 16384                   ; 80.0                          ; u0|ram|intel_onchip_memory_0|altera_syncram_component|auto_generated|altsyncram1|ALTSYNCRAM                                                          ;
; M20K_X102_Y26_N0      ; 16384                   ; 80.0                          ; u0|ram|intel_onchip_memory_0|altera_syncram_component|auto_generated|altsyncram1|ALTSYNCRAM                                                          ;
; M20K_X102_Y27_N0      ; 16384                   ; 80.0                          ; u0|ram|intel_onchip_memory_0|altera_syncram_component|auto_generated|altsyncram1|ALTSYNCRAM                                                          ;
; M20K_X102_Y28_N0      ; 16384                   ; 80.0                          ; u0|ram|intel_onchip_memory_0|altera_syncram_component|auto_generated|altsyncram1|ALTSYNCRAM                                                          ;
; M20K_X102_Y29_N0      ; 16384                   ; 80.0                          ; u0|ram|intel_onchip_memory_0|altera_syncram_component|auto_generated|altsyncram1|ALTSYNCRAM                                                          ;
; M20K_X102_Y30_N0      ; 16384                   ; 80.0                          ; u0|ram|intel_onchip_memory_0|altera_syncram_component|auto_generated|altsyncram1|ALTSYNCRAM                                                          ;
; M20K_X102_Y31_N0      ; 16384                   ; 80.0                          ; u0|ram|intel_onchip_memory_0|altera_syncram_component|auto_generated|altsyncram1|ALTSYNCRAM                                                          ;
; M20K_X102_Y32_N0      ; 16384                   ; 80.0                          ; u0|ram|intel_onchip_memory_0|altera_syncram_component|auto_generated|altsyncram1|ALTSYNCRAM                                                          ;
; M20K_X102_Y33_N0      ; 16384                   ; 80.0                          ; u0|ram|intel_onchip_memory_0|altera_syncram_component|auto_generated|altsyncram1|ALTSYNCRAM                                                          ;
; M20K_X102_Y34_N0      ; 16384                   ; 80.0                          ; u0|ram|intel_onchip_memory_0|altera_syncram_component|auto_generated|altsyncram1|ALTSYNCRAM                                                          ;
; M20K_X102_Y35_N0      ; 16384                   ; 80.0                          ; u0|ram|intel_onchip_memory_0|altera_syncram_component|auto_generated|altsyncram1|ALTSYNCRAM                                                          ;
; M20K_X102_Y36_N0      ; 16384                   ; 80.0                          ; u0|ram|intel_onchip_memory_0|altera_syncram_component|auto_generated|altsyncram1|ALTSYNCRAM                                                          ;
; M20K_X102_Y37_N0      ; 16384                   ; 80.0                          ; u0|ram|intel_onchip_memory_0|altera_syncram_component|auto_generated|altsyncram1|ALTSYNCRAM                                                          ;
; M20K_X102_Y38_N0      ; 16384                   ; 80.0                          ; u0|ram|intel_onchip_memory_0|altera_syncram_component|auto_generated|altsyncram1|ALTSYNCRAM                                                          ;
; M20K_X102_Y39_N0      ; 16384                   ; 80.0                          ; u0|ram|intel_onchip_memory_0|altera_syncram_component|auto_generated|altsyncram1|ALTSYNCRAM                                                          ;
; M20K_X102_Y3_N0       ; 16384                   ; 80.0                          ; u0|ram|intel_onchip_memory_0|altera_syncram_component|auto_generated|altsyncram1|ALTSYNCRAM                                                          ;
; M20K_X102_Y4_N0       ; 16384                   ; 80.0                          ; u0|ram|intel_onchip_memory_0|altera_syncram_component|auto_generated|altsyncram1|ALTSYNCRAM                                                          ;
; M20K_X102_Y5_N0       ; 16384                   ; 80.0                          ; u0|ram|intel_onchip_memory_0|altera_syncram_component|auto_generated|altsyncram1|ALTSYNCRAM                                                          ;
; M20K_X102_Y6_N0       ; 16384                   ; 80.0                          ; u0|ram|intel_onchip_memory_0|altera_syncram_component|auto_generated|altsyncram1|ALTSYNCRAM                                                          ;
; M20K_X102_Y7_N0       ; 16384                   ; 80.0                          ; u0|ram|intel_onchip_memory_0|altera_syncram_component|auto_generated|altsyncram1|ALTSYNCRAM                                                          ;
; M20K_X102_Y8_N0       ; 16384                   ; 80.0                          ; u0|ram|intel_onchip_memory_0|altera_syncram_component|auto_generated|altsyncram1|ALTSYNCRAM                                                          ;
; M20K_X102_Y9_N0       ; 16384                   ; 80.0                          ; u0|ram|intel_onchip_memory_0|altera_syncram_component|auto_generated|altsyncram1|ALTSYNCRAM                                                          ;
; M20K_X108_Y11_N0      ; 16384                   ; 80.0                          ; u0|ram|intel_onchip_memory_0|altera_syncram_component|auto_generated|altsyncram1|ALTSYNCRAM                                                          ;
; M20K_X108_Y12_N0      ; 16384                   ; 80.0                          ; u0|ram|intel_onchip_memory_0|altera_syncram_component|auto_generated|altsyncram1|ALTSYNCRAM                                                          ;
; M20K_X108_Y13_N0      ; 16384                   ; 80.0                          ; u0|ram|intel_onchip_memory_0|altera_syncram_component|auto_generated|altsyncram1|ALTSYNCRAM                                                          ;
; M20K_X108_Y14_N0      ; 16384                   ; 80.0                          ; u0|ram|intel_onchip_memory_0|altera_syncram_component|auto_generated|altsyncram1|ALTSYNCRAM                                                          ;
; M20K_X108_Y15_N0      ; 16384                   ; 80.0                          ; u0|ram|intel_onchip_memory_0|altera_syncram_component|auto_generated|altsyncram1|ALTSYNCRAM                                                          ;
; M20K_X108_Y16_N0      ; 16384                   ; 80.0                          ; u0|ram|intel_onchip_memory_0|altera_syncram_component|auto_generated|altsyncram1|ALTSYNCRAM                                                          ;
; M20K_X108_Y17_N0      ; 16384                   ; 80.0                          ; u0|ram|intel_onchip_memory_0|altera_syncram_component|auto_generated|altsyncram1|ALTSYNCRAM                                                          ;
; M20K_X108_Y18_N0      ; 16384                   ; 80.0                          ; u0|ram|intel_onchip_memory_0|altera_syncram_component|auto_generated|altsyncram1|ALTSYNCRAM                                                          ;
; M20K_X108_Y19_N0      ; 16384                   ; 80.0                          ; u0|ram|intel_onchip_memory_0|altera_syncram_component|auto_generated|altsyncram1|ALTSYNCRAM                                                          ;
; M20K_X108_Y20_N0      ; 16384                   ; 80.0                          ; u0|ram|intel_onchip_memory_0|altera_syncram_component|auto_generated|altsyncram1|ALTSYNCRAM                                                          ;
; M20K_X108_Y21_N0      ; 16384                   ; 80.0                          ; u0|ram|intel_onchip_memory_0|altera_syncram_component|auto_generated|altsyncram1|ALTSYNCRAM                                                          ;
; M20K_X108_Y22_N0      ; 16384                   ; 80.0                          ; u0|ram|intel_onchip_memory_0|altera_syncram_component|auto_generated|altsyncram1|ALTSYNCRAM                                                          ;
; M20K_X108_Y23_N0      ; 16384                   ; 80.0                          ; u0|ram|intel_onchip_memory_0|altera_syncram_component|auto_generated|altsyncram1|ALTSYNCRAM                                                          ;
; M20K_X108_Y24_N0      ; 16384                   ; 80.0                          ; u0|ram|intel_onchip_memory_0|altera_syncram_component|auto_generated|altsyncram1|ALTSYNCRAM                                                          ;
; M20K_X108_Y25_N0      ; 16384                   ; 80.0                          ; u0|ram|intel_onchip_memory_0|altera_syncram_component|auto_generated|altsyncram1|ALTSYNCRAM                                                          ;
; M20K_X108_Y26_N0      ; 16384                   ; 80.0                          ; u0|ram|intel_onchip_memory_0|altera_syncram_component|auto_generated|altsyncram1|ALTSYNCRAM                                                          ;
; M20K_X108_Y27_N0      ; 16384                   ; 80.0                          ; u0|ram|intel_onchip_memory_0|altera_syncram_component|auto_generated|altsyncram1|ALTSYNCRAM                                                          ;
; M20K_X108_Y28_N0      ; 16384                   ; 80.0                          ; u0|ram|intel_onchip_memory_0|altera_syncram_component|auto_generated|altsyncram1|ALTSYNCRAM                                                          ;
; M20K_X108_Y29_N0      ; 16384                   ; 80.0                          ; u0|ram|intel_onchip_memory_0|altera_syncram_component|auto_generated|altsyncram1|ALTSYNCRAM                                                          ;
; M20K_X108_Y30_N0      ; 16384                   ; 80.0                          ; u0|ram|intel_onchip_memory_0|altera_syncram_component|auto_generated|altsyncram1|ALTSYNCRAM                                                          ;
; M20K_X108_Y31_N0      ; 16384                   ; 80.0                          ; u0|ram|intel_onchip_memory_0|altera_syncram_component|auto_generated|altsyncram1|ALTSYNCRAM                                                          ;
; M20K_X108_Y32_N0      ; 16384                   ; 80.0                          ; u0|ram|intel_onchip_memory_0|altera_syncram_component|auto_generated|altsyncram1|ALTSYNCRAM                                                          ;
; M20K_X108_Y33_N0      ; 16384                   ; 80.0                          ; u0|ram|intel_onchip_memory_0|altera_syncram_component|auto_generated|altsyncram1|ALTSYNCRAM                                                          ;
; M20K_X108_Y34_N0      ; 16384                   ; 80.0                          ; u0|ram|intel_onchip_memory_0|altera_syncram_component|auto_generated|altsyncram1|ALTSYNCRAM                                                          ;
; M20K_X108_Y35_N0      ; 16384                   ; 80.0                          ; u0|ram|intel_onchip_memory_0|altera_syncram_component|auto_generated|altsyncram1|ALTSYNCRAM                                                          ;
; M20K_X108_Y36_N0      ; 16384                   ; 80.0                          ; u0|ram|intel_onchip_memory_0|altera_syncram_component|auto_generated|altsyncram1|ALTSYNCRAM                                                          ;
; M20K_X108_Y38_N0      ; 16384                   ; 80.0                          ; u0|ram|intel_onchip_memory_0|altera_syncram_component|auto_generated|altsyncram1|ALTSYNCRAM                                                          ;
; M20K_X108_Y4_N0       ; 16384                   ; 80.0                          ; u0|ram|intel_onchip_memory_0|altera_syncram_component|auto_generated|altsyncram1|ALTSYNCRAM                                                          ;
; M20K_X108_Y6_N0       ; 16384                   ; 80.0                          ; u0|ram|intel_onchip_memory_0|altera_syncram_component|auto_generated|altsyncram1|ALTSYNCRAM                                                          ;
; M20K_X108_Y9_N0       ; 16384                   ; 80.0                          ; u0|ram|intel_onchip_memory_0|altera_syncram_component|auto_generated|altsyncram1|ALTSYNCRAM                                                          ;
; M20K_X84_Y11_N0       ; 16384                   ; 80.0                          ; u0|ram|intel_onchip_memory_0|altera_syncram_component|auto_generated|altsyncram1|ALTSYNCRAM                                                          ;
; M20K_X84_Y12_N0       ; 16384                   ; 80.0                          ; u0|ram|intel_onchip_memory_0|altera_syncram_component|auto_generated|altsyncram1|ALTSYNCRAM                                                          ;
; M20K_X84_Y13_N0       ; 16384                   ; 80.0                          ; u0|ram|intel_onchip_memory_0|altera_syncram_component|auto_generated|altsyncram1|ALTSYNCRAM                                                          ;
; M20K_X84_Y14_N0       ; 16384                   ; 80.0                          ; u0|ram|intel_onchip_memory_0|altera_syncram_component|auto_generated|altsyncram1|ALTSYNCRAM                                                          ;
; M20K_X84_Y15_N0       ; 16384                   ; 80.0                          ; u0|ram|intel_onchip_memory_0|altera_syncram_component|auto_generated|altsyncram1|ALTSYNCRAM                                                          ;
; M20K_X84_Y16_N0       ; 16384                   ; 80.0                          ; u0|ram|intel_onchip_memory_0|altera_syncram_component|auto_generated|altsyncram1|ALTSYNCRAM                                                          ;
; M20K_X84_Y17_N0       ; 16384                   ; 80.0                          ; u0|ram|intel_onchip_memory_0|altera_syncram_component|auto_generated|altsyncram1|ALTSYNCRAM                                                          ;
; M20K_X84_Y18_N0       ; 16384                   ; 80.0                          ; u0|ram|intel_onchip_memory_0|altera_syncram_component|auto_generated|altsyncram1|ALTSYNCRAM                                                          ;
; M20K_X84_Y19_N0       ; 16384                   ; 80.0                          ; u0|ram|intel_onchip_memory_0|altera_syncram_component|auto_generated|altsyncram1|ALTSYNCRAM                                                          ;
; M20K_X84_Y20_N0       ; 16384                   ; 80.0                          ; u0|ram|intel_onchip_memory_0|altera_syncram_component|auto_generated|altsyncram1|ALTSYNCRAM                                                          ;
; M20K_X84_Y21_N0       ; 16384                   ; 80.0                          ; u0|ram|intel_onchip_memory_0|altera_syncram_component|auto_generated|altsyncram1|ALTSYNCRAM                                                          ;
; M20K_X84_Y22_N0       ; 16384                   ; 80.0                          ; u0|ram|intel_onchip_memory_0|altera_syncram_component|auto_generated|altsyncram1|ALTSYNCRAM                                                          ;
; M20K_X84_Y23_N0       ; 16384                   ; 80.0                          ; u0|ram|intel_onchip_memory_0|altera_syncram_component|auto_generated|altsyncram1|ALTSYNCRAM                                                          ;
; M20K_X84_Y24_N0       ; 16384                   ; 80.0                          ; u0|ram|intel_onchip_memory_0|altera_syncram_component|auto_generated|altsyncram1|ALTSYNCRAM                                                          ;
; M20K_X84_Y25_N0       ; 16384                   ; 80.0                          ; u0|ram|intel_onchip_memory_0|altera_syncram_component|auto_generated|altsyncram1|ALTSYNCRAM                                                          ;
; M20K_X84_Y26_N0       ; 16384                   ; 80.0                          ; u0|ram|intel_onchip_memory_0|altera_syncram_component|auto_generated|altsyncram1|ALTSYNCRAM                                                          ;
; M20K_X84_Y27_N0       ; 16384                   ; 80.0                          ; u0|ram|intel_onchip_memory_0|altera_syncram_component|auto_generated|altsyncram1|ALTSYNCRAM                                                          ;
; M20K_X84_Y28_N0       ; 16384                   ; 80.0                          ; u0|ram|intel_onchip_memory_0|altera_syncram_component|auto_generated|altsyncram1|ALTSYNCRAM                                                          ;
; M20K_X84_Y29_N0       ; 16384                   ; 80.0                          ; u0|ram|intel_onchip_memory_0|altera_syncram_component|auto_generated|altsyncram1|ALTSYNCRAM                                                          ;
; M20K_X84_Y30_N0       ; 16384                   ; 80.0                          ; u0|ram|intel_onchip_memory_0|altera_syncram_component|auto_generated|altsyncram1|ALTSYNCRAM                                                          ;
; M20K_X84_Y31_N0       ; 16384                   ; 80.0                          ; u0|ram|intel_onchip_memory_0|altera_syncram_component|auto_generated|altsyncram1|ALTSYNCRAM                                                          ;
; M20K_X84_Y32_N0       ; 16384                   ; 80.0                          ; u0|ram|intel_onchip_memory_0|altera_syncram_component|auto_generated|altsyncram1|ALTSYNCRAM                                                          ;
; M20K_X84_Y33_N0       ; 16384                   ; 80.0                          ; u0|ram|intel_onchip_memory_0|altera_syncram_component|auto_generated|altsyncram1|ALTSYNCRAM                                                          ;
; M20K_X84_Y34_N0       ; 16384                   ; 80.0                          ; u0|ram|intel_onchip_memory_0|altera_syncram_component|auto_generated|altsyncram1|ALTSYNCRAM                                                          ;
; M20K_X84_Y35_N0       ; 16384                   ; 80.0                          ; u0|ram|intel_onchip_memory_0|altera_syncram_component|auto_generated|altsyncram1|ALTSYNCRAM                                                          ;
; M20K_X84_Y36_N0       ; 16384                   ; 80.0                          ; u0|ram|intel_onchip_memory_0|altera_syncram_component|auto_generated|altsyncram1|ALTSYNCRAM                                                          ;
; M20K_X84_Y37_N0       ; 16384                   ; 80.0                          ; u0|ram|intel_onchip_memory_0|altera_syncram_component|auto_generated|altsyncram1|ALTSYNCRAM                                                          ;
; M20K_X84_Y5_N0        ; 16384                   ; 80.0                          ; u0|ram|intel_onchip_memory_0|altera_syncram_component|auto_generated|altsyncram1|ALTSYNCRAM                                                          ;
; M20K_X84_Y6_N0        ; 16384                   ; 80.0                          ; u0|ram|intel_onchip_memory_0|altera_syncram_component|auto_generated|altsyncram1|ALTSYNCRAM                                                          ;
; M20K_X84_Y7_N0        ; 16384                   ; 80.0                          ; u0|ram|intel_onchip_memory_0|altera_syncram_component|auto_generated|altsyncram1|ALTSYNCRAM                                                          ;
; M20K_X84_Y8_N0        ; 16384                   ; 80.0                          ; u0|ram|intel_onchip_memory_0|altera_syncram_component|auto_generated|altsyncram1|ALTSYNCRAM                                                          ;
; M20K_X84_Y9_N0        ; 16384                   ; 80.0                          ; u0|ram|intel_onchip_memory_0|altera_syncram_component|auto_generated|altsyncram1|ALTSYNCRAM                                                          ;
; M20K_X90_Y10_N0       ; 16384                   ; 80.0                          ; u0|ram|intel_onchip_memory_0|altera_syncram_component|auto_generated|altsyncram1|ALTSYNCRAM                                                          ;
; M20K_X90_Y11_N0       ; 16384                   ; 80.0                          ; u0|ram|intel_onchip_memory_0|altera_syncram_component|auto_generated|altsyncram1|ALTSYNCRAM                                                          ;
; M20K_X90_Y12_N0       ; 16384                   ; 80.0                          ; u0|ram|intel_onchip_memory_0|altera_syncram_component|auto_generated|altsyncram1|ALTSYNCRAM                                                          ;
; M20K_X90_Y15_N0       ; 16384                   ; 80.0                          ; u0|ram|intel_onchip_memory_0|altera_syncram_component|auto_generated|altsyncram1|ALTSYNCRAM                                                          ;
; M20K_X90_Y16_N0       ; 16384                   ; 80.0                          ; u0|ram|intel_onchip_memory_0|altera_syncram_component|auto_generated|altsyncram1|ALTSYNCRAM                                                          ;
; M20K_X90_Y17_N0       ; 16384                   ; 80.0                          ; u0|ram|intel_onchip_memory_0|altera_syncram_component|auto_generated|altsyncram1|ALTSYNCRAM                                                          ;
; M20K_X90_Y19_N0       ; 16384                   ; 80.0                          ; u0|ram|intel_onchip_memory_0|altera_syncram_component|auto_generated|altsyncram1|ALTSYNCRAM                                                          ;
; M20K_X90_Y20_N0       ; 16384                   ; 80.0                          ; u0|ram|intel_onchip_memory_0|altera_syncram_component|auto_generated|altsyncram1|ALTSYNCRAM                                                          ;
; M20K_X90_Y21_N0       ; 16384                   ; 80.0                          ; u0|ram|intel_onchip_memory_0|altera_syncram_component|auto_generated|altsyncram1|ALTSYNCRAM                                                          ;
; M20K_X90_Y23_N0       ; 16384                   ; 80.0                          ; u0|ram|intel_onchip_memory_0|altera_syncram_component|auto_generated|altsyncram1|ALTSYNCRAM                                                          ;
; M20K_X90_Y26_N0       ; 16384                   ; 80.0                          ; u0|ram|intel_onchip_memory_0|altera_syncram_component|auto_generated|altsyncram1|ALTSYNCRAM                                                          ;
; M20K_X90_Y27_N0       ; 16384                   ; 80.0                          ; u0|ram|intel_onchip_memory_0|altera_syncram_component|auto_generated|altsyncram1|ALTSYNCRAM                                                          ;
; M20K_X90_Y28_N0       ; 16384                   ; 80.0                          ; u0|ram|intel_onchip_memory_0|altera_syncram_component|auto_generated|altsyncram1|ALTSYNCRAM                                                          ;
; M20K_X90_Y29_N0       ; 16384                   ; 80.0                          ; u0|ram|intel_onchip_memory_0|altera_syncram_component|auto_generated|altsyncram1|ALTSYNCRAM                                                          ;
; M20K_X90_Y30_N0       ; 16384                   ; 80.0                          ; u0|ram|intel_onchip_memory_0|altera_syncram_component|auto_generated|altsyncram1|ALTSYNCRAM                                                          ;
; M20K_X90_Y31_N0       ; 16384                   ; 80.0                          ; u0|ram|intel_onchip_memory_0|altera_syncram_component|auto_generated|altsyncram1|ALTSYNCRAM                                                          ;
; M20K_X90_Y32_N0       ; 16384                   ; 80.0                          ; u0|ram|intel_onchip_memory_0|altera_syncram_component|auto_generated|altsyncram1|ALTSYNCRAM                                                          ;
; M20K_X90_Y33_N0       ; 16384                   ; 80.0                          ; u0|ram|intel_onchip_memory_0|altera_syncram_component|auto_generated|altsyncram1|ALTSYNCRAM                                                          ;
; M20K_X90_Y34_N0       ; 16384                   ; 80.0                          ; u0|ram|intel_onchip_memory_0|altera_syncram_component|auto_generated|altsyncram1|ALTSYNCRAM                                                          ;
; M20K_X90_Y35_N0       ; 16384                   ; 80.0                          ; u0|ram|intel_onchip_memory_0|altera_syncram_component|auto_generated|altsyncram1|ALTSYNCRAM                                                          ;
; M20K_X90_Y36_N0       ; 16384                   ; 80.0                          ; u0|ram|intel_onchip_memory_0|altera_syncram_component|auto_generated|altsyncram1|ALTSYNCRAM                                                          ;
; M20K_X90_Y37_N0       ; 16384                   ; 80.0                          ; u0|ram|intel_onchip_memory_0|altera_syncram_component|auto_generated|altsyncram1|ALTSYNCRAM                                                          ;
; M20K_X90_Y38_N0       ; 16384                   ; 80.0                          ; u0|ram|intel_onchip_memory_0|altera_syncram_component|auto_generated|altsyncram1|ALTSYNCRAM                                                          ;
; M20K_X90_Y39_N0       ; 16384                   ; 80.0                          ; u0|ram|intel_onchip_memory_0|altera_syncram_component|auto_generated|altsyncram1|ALTSYNCRAM                                                          ;
; M20K_X90_Y3_N0        ; 16384                   ; 80.0                          ; u0|ram|intel_onchip_memory_0|altera_syncram_component|auto_generated|altsyncram1|ALTSYNCRAM                                                          ;
; M20K_X90_Y4_N0        ; 16384                   ; 80.0                          ; u0|ram|intel_onchip_memory_0|altera_syncram_component|auto_generated|altsyncram1|ALTSYNCRAM                                                          ;
; M20K_X90_Y5_N0        ; 16384                   ; 80.0                          ; u0|ram|intel_onchip_memory_0|altera_syncram_component|auto_generated|altsyncram1|ALTSYNCRAM                                                          ;
; M20K_X90_Y6_N0        ; 16384                   ; 80.0                          ; u0|ram|intel_onchip_memory_0|altera_syncram_component|auto_generated|altsyncram1|ALTSYNCRAM                                                          ;
; M20K_X90_Y7_N0        ; 16384                   ; 80.0                          ; u0|ram|intel_onchip_memory_0|altera_syncram_component|auto_generated|altsyncram1|ALTSYNCRAM                                                          ;
; M20K_X90_Y8_N0        ; 16384                   ; 80.0                          ; u0|ram|intel_onchip_memory_0|altera_syncram_component|auto_generated|altsyncram1|ALTSYNCRAM                                                          ;
; M20K_X90_Y9_N0        ; 16384                   ; 80.0                          ; u0|ram|intel_onchip_memory_0|altera_syncram_component|auto_generated|altsyncram1|ALTSYNCRAM                                                          ;
; M20K_X90_Y22_N0       ; 20480                   ; 100.0                         ; u0|cpu|intel_niosv_g_inst|hart|core_inst|icache_inst|icache_iram|ram_no_ecc.data_ram|auto_generated|ALTSYNCRAM                                       ;
+-----------------------+-------------------------+-------------------------------+------------------------------------------------------------------------------------------------------------------------------------------------------+
Note: This table shows up to 500 physical rams that are least utilized. You can change this number by setting PHYSICAL_RAM_RPT_MAX_ROW in qsf file.


+-------------------------------------------------+
; Fitter DSP Block Usage Summary                  ;
+-----------------------------------+-------------+
; Statistic                         ; Number Used ;
+-----------------------------------+-------------+
; Two Independent 18x18             ; 2           ;
; Sum of Two 18x18                  ; 1           ;
; Total number of DSP blocks        ; 3           ;
; Fixed Point Signed Multiplier     ; 1           ;
; Fixed Point Unsigned Multiplier   ; 1           ;
; Fixed Point Mixed Sign Multiplier ; 2           ;
+-----------------------------------+-------------+


+----------------+
; Place Messages ;
+----------------+
Info (20032): Parallel compilation is enabled and will use up to 2 processors
Info: *******************************************************************
Info: Running Quartus Prime Fitter
    Info: Version 24.1.0 Internal Build 106 03/10/2024 SC Pro Edition
    Info: Copyright (C) 2024  Intel Corporation. All rights reserved.
    Info: Your use of Intel Corporation's design tools, logic functions 
    Info: and other software and tools, and any partner logic 
    Info: functions, and any output files from any of the foregoing 
    Info: (including device programming or simulation files), and any 
    Info: associated documentation or information are expressly subject 
    Info: to the terms and conditions of the Intel Program License 
    Info: Subscription Agreement, the Intel Quartus Prime License Agreement,
    Info: the Intel FPGA IP License Agreement, or other applicable license
    Info: agreement, including, without limitation, that your use is for
    Info: the sole purpose of programming logic devices manufactured by
    Info: Intel and sold by Intel or its authorized distributors.  Please
    Info: refer to the Intel FPGA Software License Subscription Agreements 
    Info: on the Quartus Prime software download page.
    Info: Processing started: Mon Mar 11 04:22:14 2024
    Info: System process ID: 5700
Info: Command: quartus_fit top.qpf
Info: qfit2_default_script.tcl version: #1
Info: Project  = top
Info: Revision = top
Info (11165): Fitter preparation operations ending: elapsed time is 00:00:51
Info (22300): Design uses Placement Effort Multiplier = 1.0.
Info (170189): Fitter placement preparation operations beginning
Info: Following instance found in the design -  u0|rst_controller|*
Info: Following instance found in the design -  
Info: Following instance found in the design -  u0|rst_controller|*
Info (14951): The Fitter is using Advanced Physical Optimization.
Info (170190): Fitter placement preparation operations ending: elapsed time is 00:00:36
Info (11888): Total time spent on timing analysis during Global Placement is 3.87 seconds.
Info (22300): Design uses Placement Effort Multiplier = 1.0.
Info (170189): Fitter placement preparation operations beginning
Info (170190): Fitter placement preparation operations ending: elapsed time is 00:00:23
Info (170191): Fitter placement operations beginning
Info (170137): Fitter placement was successful
Info (170192): Fitter placement operations ending: elapsed time is 00:00:38
Info: Following instance found in the design -  u0|rst_controller|*
Info: Following instance found in the design -  
Info: Following instance found in the design -  u0|rst_controller|*
Info (11888): Total time spent on timing analysis during Placement is 0.01 seconds.


