Synthesis Analysis & Elaboration Stage Report for top
Tue Sep 16 15:23:29 2025
Quartus Prime Version 24.1.0 Build 115 03/21/2024 SC Pro Edition


---------------------
; Table of Contents ;
---------------------
  1. Legal Notice
  2. Ignored Source Level Assignments for User Entity altsource_probe Instance: issp_inst
  3. Source Assignments for User Entity altera_std_synchronizer Instance: reset_gen|power_on_reset_std_sync_inst
  4. Source Assignments for User Entity altera_reset_controller Instance: u0|rst_controller
  5. Source Assignments for User Entity jtag_uart_altera_avalon_jtag_uart_1924_dwkezqq Instance: u0|jtag_uart|altera_avalon_jtag_uart_inst
  6. Ignored Source Level Assignments for User Entity jtag_uart_altera_avalon_jtag_uart_1924_dwkezqq Instance: u0|jtag_uart|altera_avalon_jtag_uart_inst
  7. Ignored Source Level Assignments for User Entity altera_avalon_sysid_qsys Instance: u0|sysid_qsys_0|sysid_qsys_0
  8. Source Assignments for User Entity sys_altera_merlin_demultiplexer_1921_k7pyk6y Instance: u0|mm_interconnect_0|cmd_demux_001
  9. Source Assignments for User Entity sys_altera_merlin_demultiplexer_1921_zzwenmi Instance: u0|mm_interconnect_0|cmd_demux_003
 10. Source Assignments for User Entity sys_altera_merlin_demultiplexer_1921_7espnsi Instance: u0|mm_interconnect_0|rsp_demux_004
 11. Source Assignments for User Entity sys_altera_merlin_demultiplexer_1921_imrd56i Instance: u0|mm_interconnect_0|rsp_demux_003
 12. Source Assignments for User Entity altera_reset_synchronizer Instance: u0|rst_controller|alt_rst_sync_uq1
 13. Source Assignments for User Entity altera_reset_synchronizer_1 Instance: u0|rst_controller|alt_rst_req_sync_uq1
 14. Ignored Source Level Assignments for User Entity jtag_uart_altera_avalon_jtag_uart_1924_dwkezqq_scfifo_w Instance: u0|jtag_uart|altera_avalon_jtag_uart_inst|the_jtag_uart_altera_avalon_jtag_uart_1924_dwkezqq_scfifo_w
 15. Ignored Source Level Assignments for User Entity jtag_uart_altera_avalon_jtag_uart_1924_dwkezqq_scfifo_r Instance: u0|jtag_uart|altera_avalon_jtag_uart_inst|the_jtag_uart_altera_avalon_jtag_uart_1924_dwkezqq_scfifo_r
 16. Parameter Settings for User Entity altsource_probe Instance: issp_inst
 17. Parameter Settings for User Entity power_on_reset Instance: reset_gen
 18. Parameter Settings for User Entity altera_std_synchronizer Instance: reset_gen|power_on_reset_std_sync_inst
 19. Parameter Settings for User Entity sys_nvmm_0 Instance: u0|nvmm_0
 20. Parameter Settings for User Entity altera_reset_controller Instance: u0|rst_controller
 21. Parameter Settings for User Entity nvmm Instance: u0|nvmm_0|nvmm_0
 22. Parameter Settings for User Entity sys_intel_onchip_memory_0_intel_onchip_memory_148_55zpfxi Instance: u0|ram|intel_onchip_memory_0
 23. Parameter Settings for User Entity altera_avalon_sysid_qsys Instance: u0|sysid_qsys_0|sysid_qsys_0
 24. Parameter Settings for User Entity sys_altera_merlin_axi_translator_1950_sjnedva Instance: u0|mm_interconnect_0|cpu_data_manager_translator
 25. Parameter Settings for User Entity sys_altera_merlin_axi_translator_1950_sjnedva_1 Instance: u0|mm_interconnect_0|cpu_instruction_manager_translator
 26. Parameter Settings for User Entity sys_altera_merlin_slave_translator_191_x56fcki Instance: u0|mm_interconnect_0|jtag_uart_avalon_jtag_slave_translator
 27. Parameter Settings for User Entity sys_altera_merlin_slave_translator_191_x56fcki_1 Instance: u0|mm_interconnect_0|sysid_qsys_0_control_slave_translator
 28. Parameter Settings for User Entity sys_altera_merlin_slave_translator_191_x56fcki_2 Instance: u0|mm_interconnect_0|cpu_dm_agent_translator
 29. Parameter Settings for User Entity sys_altera_merlin_slave_translator_191_x56fcki_3 Instance: u0|mm_interconnect_0|ram_s1_translator
 30. Parameter Settings for User Entity sys_altera_merlin_slave_translator_191_x56fcki_4 Instance: u0|mm_interconnect_0|cpu_timer_sw_agent_translator
 31. Parameter Settings for User Entity sys_altera_merlin_axi_master_ni_1980_4qd7sla Instance: u0|mm_interconnect_0|cpu_data_manager_agent
 32. Parameter Settings for User Entity sys_altera_merlin_axi_master_ni_1980_4qd7sla_1 Instance: u0|mm_interconnect_0|cpu_instruction_manager_agent
 33. Parameter Settings for User Entity sys_altera_merlin_slave_agent_1921_b6r3djy Instance: u0|mm_interconnect_0|cpu_timer_sw_agent_agent
 34. Parameter Settings for User Entity sys_altera_avalon_sc_fifo_1932_5j7ufsq Instance: u0|mm_interconnect_0|cpu_timer_sw_agent_agent_rsp_fifo
 35. Parameter Settings for User Entity sys_altera_avalon_sc_fifo_1932_5j7ufsq_1 Instance: u0|mm_interconnect_0|cpu_timer_sw_agent_agent_rdata_fifo
 36. Parameter Settings for User Entity sys_altera_avalon_sc_fifo_1932_5j7ufsq_2 Instance: u0|mm_interconnect_0|cpu_dm_agent_agent_rsp_fifo
 37. Parameter Settings for User Entity sys_altera_avalon_sc_fifo_1932_5j7ufsq_3 Instance: u0|mm_interconnect_0|cpu_dm_agent_agent_rdata_fifo
 38. Parameter Settings for User Entity sys_altera_merlin_traffic_limiter_1921_7c7jj4q Instance: u0|mm_interconnect_0|cpu_instruction_manager_rd_limiter
 39. Parameter Settings for User Entity sys_altera_merlin_burst_adapter_1932_yh5s4ha Instance: u0|mm_interconnect_0|cpu_timer_sw_agent_burst_adapter
 40. Parameter Settings for User Entity altera_reset_synchronizer Instance: u0|rst_controller|alt_rst_sync_uq1
 41. Parameter Settings for User Entity altera_reset_synchronizer_1 Instance: u0|rst_controller|alt_rst_req_sync_uq1
 42. Parameter Settings for User Entity cpu_intel_niosv_g_unit_220_ydggj7q Instance: u0|cpu|intel_niosv_g_inst|hart
 43. Parameter Settings for User Entity SysArray Instance: u0|nvmm_0|nvmm_0|SYS
 44. Parameter Settings for User Entity altera_syncram Instance: u0|ram|intel_onchip_memory_0|altera_syncram_component
 45. Parameter Settings for User Entity altera_merlin_address_alignment Instance: u0|mm_interconnect_0|cpu_instruction_manager_agent|align_address_to_size
 46. Parameter Settings for User Entity altera_merlin_burst_uncompressor Instance: u0|mm_interconnect_0|cpu_timer_sw_agent_agent|uncompressor
 47. Parameter Settings for User Entity sys_altera_merlin_router_1921_fnpjlia_default_decode Instance: u0|mm_interconnect_0|router_001|the_default_decode
 48. Parameter Settings for User Entity sys_altera_merlin_router_1921_vakuffa_default_decode Instance: u0|mm_interconnect_0|router_003|the_default_decode
 49. Parameter Settings for User Entity sys_altera_merlin_router_1921_7fls4eq_default_decode Instance: u0|mm_interconnect_0|router_008|the_default_decode
 50. Parameter Settings for User Entity sys_altera_merlin_router_1921_42yp2zy_default_decode Instance: u0|mm_interconnect_0|router_007|the_default_decode
 51. Parameter Settings for User Entity altera_merlin_burst_adapter_13_1 Instance: u0|mm_interconnect_0|cpu_timer_sw_agent_burst_adapter|altera_merlin_burst_adapter_13_1.burst_adapter
 52. Parameter Settings for User Entity altera_merlin_arbitrator Instance: u0|mm_interconnect_0|cmd_mux_004|arb
 53. Parameter Settings for User Entity altera_merlin_arbitrator_1 Instance: u0|mm_interconnect_0|cmd_mux_003|arb
 54. Parameter Settings for User Entity altera_merlin_arbitrator_2 Instance: u0|mm_interconnect_0|rsp_mux_001|arb
 55. Parameter Settings for User Entity altera_merlin_arbitrator_3 Instance: u0|mm_interconnect_0|rsp_mux_003|arb
 56. Parameter Settings for User Entity niosv_g_core_cpu_intel_niosv_g_unit_220_ydggj7q Instance: u0|cpu|intel_niosv_g_inst|hart|core_inst
 57. Parameter Settings for User Entity scfifo Instance: u0|jtag_uart|altera_avalon_jtag_uart_inst|the_jtag_uart_altera_avalon_jtag_uart_1924_dwkezqq_scfifo_w|wfifo
 58. Parameter Settings for User Entity altera_merlin_address_alignment_1 Instance: u0|mm_interconnect_0|cpu_timer_sw_agent_burst_adapter|altera_merlin_burst_adapter_13_1.burst_adapter|align_address_to_size
 59. Parameter Settings for User Entity altera_merlin_burst_adapter_burstwrap_increment Instance: u0|mm_interconnect_0|cpu_timer_sw_agent_burst_adapter|altera_merlin_burst_adapter_13_1.burst_adapter|the_burstwrap_increment
 60. Parameter Settings for User Entity altera_merlin_burst_adapter_min Instance: u0|mm_interconnect_0|cpu_timer_sw_agent_burst_adapter|altera_merlin_burst_adapter_13_1.burst_adapter|the_min
 61. Parameter Settings for User Entity altera_merlin_arb_adder Instance: u0|mm_interconnect_0|rsp_mux_003|arb|adder
 62. Parameter Settings for User Entity altera_merlin_arb_adder_1 Instance: u0|mm_interconnect_0|cmd_mux_003|arb|adder
 63. Parameter Settings for User Entity altera_merlin_arb_adder_2 Instance: u0|mm_interconnect_0|rsp_mux_001|arb|adder
 64. Parameter Settings for User Entity instr_decoder_cpu_intel_niosv_g_unit_220_ydggj7q Instance: u0|cpu|intel_niosv_g_inst|hart|core_inst|instr_decoder_inst
 65. Parameter Settings for User Entity altera_merlin_burst_adapter_subtractor Instance: u0|mm_interconnect_0|cpu_timer_sw_agent_burst_adapter|altera_merlin_burst_adapter_13_1.burst_adapter|the_min|dc_sub
 66. Parameter Settings for User Entity altera_merlin_burst_adapter_adder Instance: u0|mm_interconnect_0|cpu_timer_sw_agent_burst_adapter|altera_merlin_burst_adapter_13_1.burst_adapter|the_min|dc_sub|subtract
 67. System Level Debug Agent Report
 68. Top Causes of Logic Optimized Away During Sweep
 69. Analysis & Elaboration Messages



----------------
; Legal Notice ;
----------------
Copyright (C) 2024  Intel Corporation. All rights reserved.
Your use of Intel Corporation's design tools, logic functions 
and other software and tools, and any partner logic 
functions, and any output files from any of the foregoing 
(including device programming or simulation files), and any 
associated documentation or information are expressly subject 
to the terms and conditions of the Intel Program License 
Subscription Agreement, the Intel Quartus Prime License Agreement,
the Intel FPGA IP License Agreement, or other applicable license
agreement, including, without limitation, that your use is for
the sole purpose of programming logic devices manufactured by
Intel and sold by Intel or its authorized distributors.  Please
refer to the Intel FPGA Software License Subscription Agreements 
on the Quartus Prime software download page.



+--------------------------------------------------------------------------------------------------------------------------------------------------------------+
; Ignored Source Level Assignments for User Entity altsource_probe Instance: issp_inst                                                                         ;
+-----------------------+-------+----+-------------------------+-----------------------------------------------------------------------------------------------+
; Assignment            ; Value ; To ; Reason                  ; Source Location                                                                               ;
+-----------------------+-------+----+-------------------------+-----------------------------------------------------------------------------------------------+
; VERILOG_2001          ; 1     ; -  ; Invalid assignment name ; /home/ubuntuaspiretank/intelFPGA_pro/24.1/quartus/libraries/megafunctions/altsource_probe.v:1 ;
; VERILOG_INPUT_VERSION ; 1     ; -  ; Invalid assignment name ; /home/ubuntuaspiretank/intelFPGA_pro/24.1/quartus/libraries/megafunctions/altsource_probe.v:1 ;
+-----------------------+-------+----+-------------------------+-----------------------------------------------------------------------------------------------+
All Instances:
issp_inst



+---------------------------------------------------------------------------------------------------------------------------------------------------+
; Source Assignments for User Entity altera_std_synchronizer Instance: reset_gen|power_on_reset_std_sync_inst                                       ;
+-----------------------------+----------------------------------------------------------------------+------+--------+------------------------------+
; Assignment                  ; Value                                                                ; From ; To     ; Source Location              ;
+-----------------------------+----------------------------------------------------------------------+------+--------+------------------------------+
; ADV_NETLIST_OPT_ALLOWED     ; NEVER_ALLOW                                                          ; -    ; din_s1 ; altera_std_synchronizer.v:59 ;
; SYNCHRONIZER_IDENTIFICATION ; FORCED_IF_ASYNCHRONOUS                                               ; -    ; din_s1 ; altera_std_synchronizer.v:59 ;
; DONT_MERGE_REGISTER         ; ON                                                                   ; -    ; din_s1 ; altera_std_synchronizer.v:59 ;
; PRESERVE_REGISTER           ; ON                                                                   ; -    ; din_s1 ; altera_std_synchronizer.v:59 ;
; SDC_STATEMENT               ; set_false_path -to [get_keepers {*altera_std_synchronizer:*|din_s1}] ; -    ; din_s1 ; altera_std_synchronizer.v:59 ;
; ADV_NETLIST_OPT_ALLOWED     ; NEVER_ALLOW                                                          ; -    ; dreg   ; altera_std_synchronizer.v:61 ;
; SYNCHRONIZER_IDENTIFICATION ; FORCED_IF_ASYNCHRONOUS                                               ; -    ; dreg   ; altera_std_synchronizer.v:61 ;
; DONT_MERGE_REGISTER         ; ON                                                                   ; -    ; dreg   ; altera_std_synchronizer.v:61 ;
; PRESERVE_REGISTER           ; ON                                                                   ; -    ; dreg   ; altera_std_synchronizer.v:61 ;
+-----------------------------+----------------------------------------------------------------------+------+--------+------------------------------+
All Instances:
reset_gen|power_on_reset_std_sync_inst



+--------------------------------------------------------------------------------------------------------+
; Source Assignments for User Entity altera_reset_controller Instance: u0|rst_controller                 ;
+-------------------+-------+------+-------------------------------------+-------------------------------+
; Assignment        ; Value ; From ; To                                  ; Source Location               ;
+-------------------+-------+------+-------------------------------------+-------------------------------+
; PRESERVE_REGISTER ; ON    ; -    ; altera_reset_synchronizer_int_chain ; altera_reset_controller.v:139 ;
+-------------------+-------+------+-------------------------------------+-------------------------------+
All Instances:
u0|rst_controller



+---------------------------------------------------------------------------------------------------------------------------------------+
; Source Assignments for User Entity jtag_uart_altera_avalon_jtag_uart_1924_dwkezqq Instance: u0|jtag_uart|altera_avalon_jtag_uart_inst ;
+---------------------------+---------------------+------+----+-------------------------------------------------------------------------+
; Assignment                ; Value               ; From ; To ; Source Location                                                         ;
+---------------------------+---------------------+------+----+-------------------------------------------------------------------------+
; SUPPRESS_DA_RULE_INTERNAL ; R101,C106,D101,D103 ; -    ; -  ; jtag_uart_altera_avalon_jtag_uart_1924_dwkezqq.v:386                    ;
+---------------------------+---------------------+------+----+-------------------------------------------------------------------------+
All Instances:
u0|jtag_uart|altera_avalon_jtag_uart_inst



+-----------------------------------------------------------------------------------------------------------------------------------------------------------------+
; Ignored Source Level Assignments for User Entity jtag_uart_altera_avalon_jtag_uart_1924_dwkezqq Instance: u0|jtag_uart|altera_avalon_jtag_uart_inst             ;
+---------------+-------+----+-------------------------+----------------------------------------------------------------------------------------------------------+
; Assignment    ; Value ; To ; Reason                  ; Source Location                                                                                          ;
+---------------+-------+----+-------------------------+----------------------------------------------------------------------------------------------------------+
; Level1        ; 1     ; -  ; Invalid assignment name ; ip/sys/jtag_uart/altera_avalon_jtag_uart_1924/synth/jtag_uart_altera_avalon_jtag_uart_1924_dwkezqq.v:383 ;
; message_level ; 1     ; -  ; Invalid assignment name ; ip/sys/jtag_uart/altera_avalon_jtag_uart_1924/synth/jtag_uart_altera_avalon_jtag_uart_1924_dwkezqq.v:383 ;
+---------------+-------+----+-------------------------+----------------------------------------------------------------------------------------------------------+
All Instances:
u0|jtag_uart|altera_avalon_jtag_uart_inst



+--------------------------------------------------------------------------------------------------------------------------------------------------+
; Ignored Source Level Assignments for User Entity altera_avalon_sysid_qsys Instance: u0|sysid_qsys_0|sysid_qsys_0                                 ;
+---------------+-------+----+-------------------------+-------------------------------------------------------------------------------------------+
; Assignment    ; Value ; To ; Reason                  ; Source Location                                                                           ;
+---------------+-------+----+-------------------------+-------------------------------------------------------------------------------------------+
; Level1        ; 1     ; -  ; Invalid assignment name ; ip/sys/sys_sysid_qsys_0/altera_avalon_sysid_qsys_1916/synth/altera_avalon_sysid_qsys.v:19 ;
; message_level ; 1     ; -  ; Invalid assignment name ; ip/sys/sys_sysid_qsys_0/altera_avalon_sysid_qsys_1916/synth/altera_avalon_sysid_qsys.v:19 ;
+---------------+-------+----+-------------------------+-------------------------------------------------------------------------------------------+
All Instances:
u0|sysid_qsys_0|sysid_qsys_0



+------------------------------------------------------------------------------------------------------------------------------+
; Source Assignments for User Entity sys_altera_merlin_demultiplexer_1921_k7pyk6y Instance: u0|mm_interconnect_0|cmd_demux_001 ;
+-----------------+-------+------+-------+-------------------------------------------------------------------------------------+
; Assignment      ; Value ; From ; To    ; Source Location                                                                     ;
+-----------------+-------+------+-------+-------------------------------------------------------------------------------------+
; MESSAGE_DISABLE ; 15610 ; -    ; clk   ; sys_altera_merlin_demultiplexer_1921_k7pyk6y.sv:98                                  ;
; MESSAGE_DISABLE ; 15610 ; -    ; reset ; sys_altera_merlin_demultiplexer_1921_k7pyk6y.sv:100                                 ;
+-----------------+-------+------+-------+-------------------------------------------------------------------------------------+
All Instances:
u0|mm_interconnect_0|cmd_demux
u0|mm_interconnect_0|cmd_demux_001



+------------------------------------------------------------------------------------------------------------------------------+
; Source Assignments for User Entity sys_altera_merlin_demultiplexer_1921_zzwenmi Instance: u0|mm_interconnect_0|cmd_demux_003 ;
+-----------------+-------+------+-------+-------------------------------------------------------------------------------------+
; Assignment      ; Value ; From ; To    ; Source Location                                                                     ;
+-----------------+-------+------+-------+-------------------------------------------------------------------------------------+
; MESSAGE_DISABLE ; 15610 ; -    ; clk   ; sys_altera_merlin_demultiplexer_1921_zzwenmi.sv:77                                  ;
; MESSAGE_DISABLE ; 15610 ; -    ; reset ; sys_altera_merlin_demultiplexer_1921_zzwenmi.sv:79                                  ;
+-----------------+-------+------+-------+-------------------------------------------------------------------------------------+
All Instances:
u0|mm_interconnect_0|cmd_demux_002
u0|mm_interconnect_0|cmd_demux_003



+------------------------------------------------------------------------------------------------------------------------------+
; Source Assignments for User Entity sys_altera_merlin_demultiplexer_1921_7espnsi Instance: u0|mm_interconnect_0|rsp_demux_004 ;
+-----------------+-------+------+-------+-------------------------------------------------------------------------------------+
; Assignment      ; Value ; From ; To    ; Source Location                                                                     ;
+-----------------+-------+------+-------+-------------------------------------------------------------------------------------+
; MESSAGE_DISABLE ; 15610 ; -    ; clk   ; sys_altera_merlin_demultiplexer_1921_7espnsi.sv:77                                  ;
; MESSAGE_DISABLE ; 15610 ; -    ; reset ; sys_altera_merlin_demultiplexer_1921_7espnsi.sv:79                                  ;
+-----------------+-------+------+-------+-------------------------------------------------------------------------------------+
All Instances:
u0|mm_interconnect_0|rsp_demux
u0|mm_interconnect_0|rsp_demux_001
u0|mm_interconnect_0|rsp_demux_004



+------------------------------------------------------------------------------------------------------------------------------+
; Source Assignments for User Entity sys_altera_merlin_demultiplexer_1921_imrd56i Instance: u0|mm_interconnect_0|rsp_demux_003 ;
+-----------------+-------+------+-------+-------------------------------------------------------------------------------------+
; Assignment      ; Value ; From ; To    ; Source Location                                                                     ;
+-----------------+-------+------+-------+-------------------------------------------------------------------------------------+
; MESSAGE_DISABLE ; 15610 ; -    ; clk   ; sys_altera_merlin_demultiplexer_1921_imrd56i.sv:91                                  ;
; MESSAGE_DISABLE ; 15610 ; -    ; reset ; sys_altera_merlin_demultiplexer_1921_imrd56i.sv:93                                  ;
+-----------------+-------+------+-------+-------------------------------------------------------------------------------------+
All Instances:
u0|mm_interconnect_0|rsp_demux_002
u0|mm_interconnect_0|rsp_demux_003



+-----------------------------------------------------------------------------------------------------------------+
; Source Assignments for User Entity altera_reset_synchronizer Instance: u0|rst_controller|alt_rst_sync_uq1       ;
+---------------------------+-------+------+-------------------------------------+--------------------------------+
; Assignment                ; Value ; From ; To                                  ; Source Location                ;
+---------------------------+-------+------+-------------------------------------+--------------------------------+
; SUPPRESS_DA_RULE_INTERNAL ; R101  ; -    ; reset_in                            ; altera_reset_synchronizer.v:29 ;
; PRESERVE_REGISTER         ; ON    ; -    ; altera_reset_synchronizer_int_chain ; altera_reset_synchronizer.v:47 ;
+---------------------------+-------+------+-------------------------------------+--------------------------------+
All Instances:
u0|rst_controller|alt_rst_sync_uq1



+-----------------------------------------------------------------------------------------------------------------+
; Source Assignments for User Entity altera_reset_synchronizer_1 Instance: u0|rst_controller|alt_rst_req_sync_uq1 ;
+---------------------------+-------+------+-------------------------------------+--------------------------------+
; Assignment                ; Value ; From ; To                                  ; Source Location                ;
+---------------------------+-------+------+-------------------------------------+--------------------------------+
; SUPPRESS_DA_RULE_INTERNAL ; R101  ; -    ; reset_in                            ; altera_reset_synchronizer.v:29 ;
; PRESERVE_REGISTER         ; ON    ; -    ; altera_reset_synchronizer_int_chain ; altera_reset_synchronizer.v:47 ;
+---------------------------+-------+------+-------------------------------------+--------------------------------+
All Instances:
u0|rst_controller|alt_rst_req_sync_uq1



+--------------------------------------------------------------------------------------------------------------------------------------------------------------------------------------------------------------------------+
; Ignored Source Level Assignments for User Entity jtag_uart_altera_avalon_jtag_uart_1924_dwkezqq_scfifo_w Instance: u0|jtag_uart|altera_avalon_jtag_uart_inst|the_jtag_uart_altera_avalon_jtag_uart_1924_dwkezqq_scfifo_w ;
+---------------+-------+----+-------------------------+-------------------------------------------------------------------------------------------------------------------------------------------------------------------+
; Assignment    ; Value ; To ; Reason                  ; Source Location                                                                                                                                                   ;
+---------------+-------+----+-------------------------+-------------------------------------------------------------------------------------------------------------------------------------------------------------------+
; Level1        ; 1     ; -  ; Invalid assignment name ; ip/sys/jtag_uart/altera_avalon_jtag_uart_1924/synth/jtag_uart_altera_avalon_jtag_uart_1924_dwkezqq.v:130                                                          ;
; message_level ; 1     ; -  ; Invalid assignment name ; ip/sys/jtag_uart/altera_avalon_jtag_uart_1924/synth/jtag_uart_altera_avalon_jtag_uart_1924_dwkezqq.v:130                                                          ;
+---------------+-------+----+-------------------------+-------------------------------------------------------------------------------------------------------------------------------------------------------------------+
All Instances:
u0|jtag_uart|altera_avalon_jtag_uart_inst|the_jtag_uart_altera_avalon_jtag_uart_1924_dwkezqq_scfifo_w



+--------------------------------------------------------------------------------------------------------------------------------------------------------------------------------------------------------------------------+
; Ignored Source Level Assignments for User Entity jtag_uart_altera_avalon_jtag_uart_1924_dwkezqq_scfifo_r Instance: u0|jtag_uart|altera_avalon_jtag_uart_inst|the_jtag_uart_altera_avalon_jtag_uart_1924_dwkezqq_scfifo_r ;
+---------------+-------+----+-------------------------+-------------------------------------------------------------------------------------------------------------------------------------------------------------------+
; Assignment    ; Value ; To ; Reason                  ; Source Location                                                                                                                                                   ;
+---------------+-------+----+-------------------------+-------------------------------------------------------------------------------------------------------------------------------------------------------------------+
; Level1        ; 1     ; -  ; Invalid assignment name ; ip/sys/jtag_uart/altera_avalon_jtag_uart_1924/synth/jtag_uart_altera_avalon_jtag_uart_1924_dwkezqq.v:295                                                          ;
; message_level ; 1     ; -  ; Invalid assignment name ; ip/sys/jtag_uart/altera_avalon_jtag_uart_1924/synth/jtag_uart_altera_avalon_jtag_uart_1924_dwkezqq.v:295                                                          ;
+---------------+-------+----+-------------------------+-------------------------------------------------------------------------------------------------------------------------------------------------------------------+
All Instances:
u0|jtag_uart|altera_avalon_jtag_uart_inst|the_jtag_uart_altera_avalon_jtag_uart_1924_dwkezqq_scfifo_r



+------------------------------------------------------------------------+
; Parameter Settings for User Entity altsource_probe Instance: issp_inst ;
+-------------------------+-----------------+----------------------------+
; Parameter Name          ; Value           ; Type                       ;
+-------------------------+-----------------+----------------------------+
; SLD_NODE_INFO           ; 4746752         ; Signed Integer             ;
; enable_metastability    ; NO              ; String                     ;
; instance_id             ; UNUSED          ; String                     ;
; lpm_hint                ; UNUSED          ; String                     ;
; lpm_type                ; altsource_probe ; String                     ;
; probe_width             ; 0               ; Signed Integer             ;
; sld_auto_instance_index ; YES             ; String                     ;
; sld_instance_index      ; 0               ; Signed Integer             ;
; sld_ir_width            ; 4               ; Signed Integer             ;
; source_initial_value    ; 0               ; String                     ;
; source_width            ; 1               ; Signed Integer             ;
; sync_source_clk         ; NO              ; String                     ;
+-------------------------+-----------------+----------------------------+
All Instances:
issp_inst



+-----------------------------------------------------------------------+
; Parameter Settings for User Entity power_on_reset Instance: reset_gen ;
+----------------+-------+----------------------------------------------+
; Parameter Name ; Value ; Type                                         ;
+----------------+-------+----------------------------------------------+
; POR_COUNT      ; 20    ; Signed Integer                               ;
+----------------+-------+----------------------------------------------+
All Instances:
reset_gen



+-------------------------------------------------------------------------------------------------------------+
; Parameter Settings for User Entity altera_std_synchronizer Instance: reset_gen|power_on_reset_std_sync_inst ;
+----------------+-------+------------------------------------------------------------------------------------+
; Parameter Name ; Value ; Type                                                                               ;
+----------------+-------+------------------------------------------------------------------------------------+
; depth          ; 20    ; Signed Integer                                                                     ;
+----------------+-------+------------------------------------------------------------------------------------+
All Instances:
reset_gen|power_on_reset_std_sync_inst



+-------------------------------------------------------------------+
; Parameter Settings for User Entity sys_nvmm_0 Instance: u0|nvmm_0 ;
+----------------+-------+------------------------------------------+
; Parameter Name ; Value ; Type                                     ;
+----------------+-------+------------------------------------------+
; N              ; 4     ; Untyped                                  ;
+----------------+-------+------------------------------------------+
All Instances:
u0|nvmm_0



+----------------------------------------------------------------------------------------+
; Parameter Settings for User Entity altera_reset_controller Instance: u0|rst_controller ;
+---------------------------+----------+-------------------------------------------------+
; Parameter Name            ; Value    ; Type                                            ;
+---------------------------+----------+-------------------------------------------------+
; ADAPT_RESET_REQUEST       ; 0        ; Signed Integer                                  ;
; MIN_RST_ASSERTION_TIME    ; 3        ; Signed Integer                                  ;
; NUM_RESET_INPUTS          ; 1        ; Signed Integer                                  ;
; OUTPUT_RESET_SYNC_EDGES   ; deassert ; String                                          ;
; RESET_REQUEST_PRESENT     ; 1        ; Signed Integer                                  ;
; RESET_REQ_EARLY_DSRT_TIME ; 1        ; Signed Integer                                  ;
; RESET_REQ_WAIT_TIME       ; 1        ; Signed Integer                                  ;
; SYNC_DEPTH                ; 2        ; Signed Integer                                  ;
; USE_RESET_REQUEST_IN0     ; 0        ; Signed Integer                                  ;
; USE_RESET_REQUEST_IN1     ; 0        ; Signed Integer                                  ;
; USE_RESET_REQUEST_IN10    ; 0        ; Signed Integer                                  ;
; USE_RESET_REQUEST_IN11    ; 0        ; Signed Integer                                  ;
; USE_RESET_REQUEST_IN12    ; 0        ; Signed Integer                                  ;
; USE_RESET_REQUEST_IN13    ; 0        ; Signed Integer                                  ;
; USE_RESET_REQUEST_IN14    ; 0        ; Signed Integer                                  ;
; USE_RESET_REQUEST_IN15    ; 0        ; Signed Integer                                  ;
; USE_RESET_REQUEST_IN2     ; 0        ; Signed Integer                                  ;
; USE_RESET_REQUEST_IN3     ; 0        ; Signed Integer                                  ;
; USE_RESET_REQUEST_IN4     ; 0        ; Signed Integer                                  ;
; USE_RESET_REQUEST_IN5     ; 0        ; Signed Integer                                  ;
; USE_RESET_REQUEST_IN6     ; 0        ; Signed Integer                                  ;
; USE_RESET_REQUEST_IN7     ; 0        ; Signed Integer                                  ;
; USE_RESET_REQUEST_IN8     ; 0        ; Signed Integer                                  ;
; USE_RESET_REQUEST_IN9     ; 0        ; Signed Integer                                  ;
+---------------------------+----------+-------------------------------------------------+
All Instances:
u0|rst_controller



+--------------------------------------------------------------------+
; Parameter Settings for User Entity nvmm Instance: u0|nvmm_0|nvmm_0 ;
+----------------+-------+-------------------------------------------+
; Parameter Name ; Value ; Type                                      ;
+----------------+-------+-------------------------------------------+
; N              ; 4     ; Untyped                                   ;
+----------------+-------+-------------------------------------------+
All Instances:
u0|nvmm_0|nvmm_0



+-------------------------------------------------------------------------------------------------------------------------------------+
; Parameter Settings for User Entity sys_intel_onchip_memory_0_intel_onchip_memory_148_55zpfxi Instance: u0|ram|intel_onchip_memory_0 ;
+----------------+-----------------------------------------------------+--------------------------------------------------------------+
; Parameter Name ; Value                                               ; Type                                                         ;
+----------------+-----------------------------------------------------+--------------------------------------------------------------+
; INIT_FILE      ; sys_intel_onchip_memory_0_intel_onchip_memory_0.hex ; String                                                       ;
+----------------+-----------------------------------------------------+--------------------------------------------------------------+
All Instances:
u0|ram|intel_onchip_memory_0



+----------------------------------------------------------------------------------------------------+
; Parameter Settings for User Entity altera_avalon_sysid_qsys Instance: u0|sysid_qsys_0|sysid_qsys_0 ;
+----------------+-------+---------------------------------------------------------------------------+
; Parameter Name ; Value ; Type                                                                      ;
+----------------+-------+---------------------------------------------------------------------------+
; ID_VALUE       ; 9     ; Signed Integer                                                            ;
; TIMESTAMP      ; 0     ; Signed Integer                                                            ;
+----------------+-------+---------------------------------------------------------------------------+
All Instances:
u0|sysid_qsys_0|sysid_qsys_0



+---------------------------------------------------------------------------------------------------------------------------------------------+
; Parameter Settings for User Entity sys_altera_merlin_axi_translator_1950_sjnedva Instance: u0|mm_interconnect_0|cpu_data_manager_translator ;
+-----------------------------------+-------+-------------------------------------------------------------------------------------------------+
; Parameter Name                    ; Value ; Type                                                                                            ;
+-----------------------------------+-------+-------------------------------------------------------------------------------------------------+
; ACE_LITE_SUPPORT                  ; 0     ; Signed Integer                                                                                  ;
; BURST_SIZE                        ; 2     ; Signed Integer                                                                                  ;
; CALCULATE_ARUSER_ADDRCHK          ; 0     ; Unsigned Binary                                                                                 ;
; CALCULATE_AWUSER_ADDRCHK          ; 0     ; Unsigned Binary                                                                                 ;
; CALCULATE_RUSER_DATACHK           ; 0     ; Unsigned Binary                                                                                 ;
; CALCULATE_WUSER_DATACHK           ; 0     ; Unsigned Binary                                                                                 ;
; DATACHK_WIDTH                     ; 4     ; Signed Integer                                                                                  ;
; DATA_WIDTH                        ; 32    ; Signed Integer                                                                                  ;
; M0_ADDR_WIDTH                     ; 32    ; Signed Integer                                                                                  ;
; M0_AXI_VERSION                    ; AXI4  ; String                                                                                          ;
; M0_BURST_LENGTH_WIDTH             ; 8     ; Signed Integer                                                                                  ;
; M0_ID_WIDTH                       ; 1     ; Signed Integer                                                                                  ;
; M0_LOCK_WIDTH                     ; 1     ; Signed Integer                                                                                  ;
; M0_PADDING_ZERO                   ; 0     ; Signed Integer                                                                                  ;
; M0_PARITY_ADDR_WIDTH              ; 32    ; Signed Integer                                                                                  ;
; M0_READ_ADDR_USER_WIDTH           ; 1     ; Signed Integer                                                                                  ;
; M0_READ_DATA_USER_WIDTH           ; 1     ; Signed Integer                                                                                  ;
; M0_SAI_WIDTH                      ; 4     ; Signed Integer                                                                                  ;
; M0_USER_ADDRCHK_WIDTH             ; 4     ; Signed Integer                                                                                  ;
; M0_WRITE_ADDR_USER_WIDTH          ; 1     ; Signed Integer                                                                                  ;
; M0_WRITE_DATA_USER_WIDTH          ; 1     ; Signed Integer                                                                                  ;
; M0_WRITE_RESPONSE_DATA_USER_WIDTH ; 1     ; Signed Integer                                                                                  ;
; POISON_WIDTH                      ; 1     ; Signed Integer                                                                                  ;
; REGENERATE_ADDRCHK                ; 0     ; Signed Integer                                                                                  ;
; ROLE_BASED_USER                   ; 0     ; Signed Integer                                                                                  ;
; S0_ADDR_WIDTH                     ; 32    ; Signed Integer                                                                                  ;
; S0_AXI_VERSION                    ; AXI4  ; String                                                                                          ;
; S0_BURST_LENGTH_WIDTH             ; 8     ; Signed Integer                                                                                  ;
; S0_ID_WIDTH                       ; 1     ; Signed Integer                                                                                  ;
; S0_LOCK_WIDTH                     ; 1     ; Signed Integer                                                                                  ;
; S0_PADDING_ZERO                   ; 0     ; Signed Integer                                                                                  ;
; S0_READ_ADDR_USER_WIDTH           ; 1     ; Signed Integer                                                                                  ;
; S0_READ_DATA_USER_WIDTH           ; 1     ; Signed Integer                                                                                  ;
; S0_SAI_WIDTH                      ; 4     ; Signed Integer                                                                                  ;
; S0_USER_ADDRCHK_WIDTH             ; 4     ; Signed Integer                                                                                  ;
; S0_WRITE_ADDR_USER_WIDTH          ; 1     ; Signed Integer                                                                                  ;
; S0_WRITE_DATA_USER_WIDTH          ; 1     ; Signed Integer                                                                                  ;
; S0_WRITE_RESPONSE_DATA_USER_WIDTH ; 1     ; Signed Integer                                                                                  ;
; SKIP_USER_ADDRCHK_CAL             ; 0     ; Unsigned Binary                                                                                 ;
; STROBE_WIDTH                      ; 4     ; Signed Integer                                                                                  ;
; USER_DATA_WIDTH                   ; 4     ; Signed Integer                                                                                  ;
; USE_M0_ARCACHE                    ; 1     ; Signed Integer                                                                                  ;
; USE_M0_ARLOCK                     ; 1     ; Signed Integer                                                                                  ;
; USE_M0_ARPROT                     ; 1     ; Signed Integer                                                                                  ;
; USE_M0_ARQOS                      ; 1     ; Signed Integer                                                                                  ;
; USE_M0_ARREGION                   ; 1     ; Signed Integer                                                                                  ;
; USE_M0_ARUSER                     ; 1     ; Signed Integer                                                                                  ;
; USE_M0_ARUSER_ADDRCHK             ; 0     ; Signed Integer                                                                                  ;
; USE_M0_ARUSER_SAI                 ; 0     ; Signed Integer                                                                                  ;
; USE_M0_AWCACHE                    ; 1     ; Signed Integer                                                                                  ;
; USE_M0_AWLOCK                     ; 1     ; Signed Integer                                                                                  ;
; USE_M0_AWPROT                     ; 1     ; Signed Integer                                                                                  ;
; USE_M0_AWQOS                      ; 1     ; Signed Integer                                                                                  ;
; USE_M0_AWREGION                   ; 1     ; Signed Integer                                                                                  ;
; USE_M0_AWUSER                     ; 1     ; Signed Integer                                                                                  ;
; USE_M0_AWUSER_ADDRCHK             ; 0     ; Signed Integer                                                                                  ;
; USE_M0_AWUSER_SAI                 ; 0     ; Signed Integer                                                                                  ;
; USE_M0_BRESP                      ; 1     ; Signed Integer                                                                                  ;
; USE_M0_BUSER                      ; 1     ; Signed Integer                                                                                  ;
; USE_M0_RRESP                      ; 1     ; Signed Integer                                                                                  ;
; USE_M0_RUSER                      ; 1     ; Signed Integer                                                                                  ;
; USE_M0_RUSER_DATA                 ; 0     ; Signed Integer                                                                                  ;
; USE_M0_RUSER_DATACHK              ; 0     ; Signed Integer                                                                                  ;
; USE_M0_RUSER_POISON               ; 0     ; Signed Integer                                                                                  ;
; USE_M0_WLAST                      ; 1     ; Signed Integer                                                                                  ;
; USE_M0_WUSER                      ; 1     ; Signed Integer                                                                                  ;
; USE_M0_WUSER_DATA                 ; 0     ; Signed Integer                                                                                  ;
; USE_M0_WUSER_DATACHK              ; 0     ; Signed Integer                                                                                  ;
; USE_M0_WUSER_POISON               ; 0     ; Signed Integer                                                                                  ;
; USE_S0_ARBURST                    ; 0     ; Signed Integer                                                                                  ;
; USE_S0_ARCACHE                    ; 0     ; Signed Integer                                                                                  ;
; USE_S0_ARID                       ; 0     ; Signed Integer                                                                                  ;
; USE_S0_ARLEN                      ; 1     ; Signed Integer                                                                                  ;
; USE_S0_ARLOCK                     ; 0     ; Signed Integer                                                                                  ;
; USE_S0_ARQOS                      ; 0     ; Signed Integer                                                                                  ;
; USE_S0_ARREGION                   ; 0     ; Signed Integer                                                                                  ;
; USE_S0_ARSIZE                     ; 1     ; Signed Integer                                                                                  ;
; USE_S0_ARUSER                     ; 0     ; Signed Integer                                                                                  ;
; USE_S0_ARUSER_ADDRCHK             ; 0     ; Signed Integer                                                                                  ;
; USE_S0_ARUSER_SAI                 ; 0     ; Signed Integer                                                                                  ;
; USE_S0_AWBURST                    ; 0     ; Signed Integer                                                                                  ;
; USE_S0_AWCACHE                    ; 0     ; Signed Integer                                                                                  ;
; USE_S0_AWID                       ; 0     ; Signed Integer                                                                                  ;
; USE_S0_AWLEN                      ; 1     ; Signed Integer                                                                                  ;
; USE_S0_AWLOCK                     ; 0     ; Signed Integer                                                                                  ;
; USE_S0_AWQOS                      ; 0     ; Signed Integer                                                                                  ;
; USE_S0_AWREGION                   ; 0     ; Signed Integer                                                                                  ;
; USE_S0_AWSIZE                     ; 1     ; Signed Integer                                                                                  ;
; USE_S0_AWUSER                     ; 0     ; Signed Integer                                                                                  ;
; USE_S0_AWUSER_ADDRCHK             ; 0     ; Signed Integer                                                                                  ;
; USE_S0_AWUSER_SAI                 ; 0     ; Signed Integer                                                                                  ;
; USE_S0_BID                        ; 0     ; Signed Integer                                                                                  ;
; USE_S0_BRESP                      ; 1     ; Signed Integer                                                                                  ;
; USE_S0_BUSER                      ; 0     ; Signed Integer                                                                                  ;
; USE_S0_RID                        ; 0     ; Signed Integer                                                                                  ;
; USE_S0_RLAST                      ; 1     ; Signed Integer                                                                                  ;
; USE_S0_RRESP                      ; 1     ; Signed Integer                                                                                  ;
; USE_S0_RUSER                      ; 0     ; Signed Integer                                                                                  ;
; USE_S0_RUSER_DATA                 ; 0     ; Signed Integer                                                                                  ;
; USE_S0_RUSER_DATACHK              ; 0     ; Signed Integer                                                                                  ;
; USE_S0_RUSER_POISON               ; 0     ; Signed Integer                                                                                  ;
; USE_S0_WSTRB                      ; 1     ; Signed Integer                                                                                  ;
; USE_S0_WUSER                      ; 0     ; Signed Integer                                                                                  ;
; USE_S0_WUSER_DATA                 ; 0     ; Signed Integer                                                                                  ;
; USE_S0_WUSER_DATACHK              ; 0     ; Signed Integer                                                                                  ;
; USE_S0_WUSER_POISON               ; 0     ; Signed Integer                                                                                  ;
+-----------------------------------+-------+-------------------------------------------------------------------------------------------------+
All Instances:
u0|mm_interconnect_0|cpu_data_manager_translator



+------------------------------------------------------------------------------------------------------------------------------------------------------+
; Parameter Settings for User Entity sys_altera_merlin_axi_translator_1950_sjnedva_1 Instance: u0|mm_interconnect_0|cpu_instruction_manager_translator ;
+-----------------------------------+-------+----------------------------------------------------------------------------------------------------------+
; Parameter Name                    ; Value ; Type                                                                                                     ;
+-----------------------------------+-------+----------------------------------------------------------------------------------------------------------+
; ACE_LITE_SUPPORT                  ; 0     ; Signed Integer                                                                                           ;
; BURST_SIZE                        ; 2     ; Signed Integer                                                                                           ;
; CALCULATE_ARUSER_ADDRCHK          ; 0     ; Unsigned Binary                                                                                          ;
; CALCULATE_AWUSER_ADDRCHK          ; 0     ; Unsigned Binary                                                                                          ;
; CALCULATE_RUSER_DATACHK           ; 0     ; Unsigned Binary                                                                                          ;
; CALCULATE_WUSER_DATACHK           ; 0     ; Unsigned Binary                                                                                          ;
; DATACHK_WIDTH                     ; 4     ; Signed Integer                                                                                           ;
; DATA_WIDTH                        ; 32    ; Signed Integer                                                                                           ;
; M0_ADDR_WIDTH                     ; 32    ; Signed Integer                                                                                           ;
; M0_AXI_VERSION                    ; AXI4  ; String                                                                                                   ;
; M0_BURST_LENGTH_WIDTH             ; 8     ; Signed Integer                                                                                           ;
; M0_ID_WIDTH                       ; 1     ; Signed Integer                                                                                           ;
; M0_LOCK_WIDTH                     ; 1     ; Signed Integer                                                                                           ;
; M0_PADDING_ZERO                   ; 0     ; Signed Integer                                                                                           ;
; M0_PARITY_ADDR_WIDTH              ; 32    ; Signed Integer                                                                                           ;
; M0_READ_ADDR_USER_WIDTH           ; 1     ; Signed Integer                                                                                           ;
; M0_READ_DATA_USER_WIDTH           ; 1     ; Signed Integer                                                                                           ;
; M0_SAI_WIDTH                      ; 4     ; Signed Integer                                                                                           ;
; M0_USER_ADDRCHK_WIDTH             ; 4     ; Signed Integer                                                                                           ;
; M0_WRITE_ADDR_USER_WIDTH          ; 1     ; Signed Integer                                                                                           ;
; M0_WRITE_DATA_USER_WIDTH          ; 1     ; Signed Integer                                                                                           ;
; M0_WRITE_RESPONSE_DATA_USER_WIDTH ; 1     ; Signed Integer                                                                                           ;
; POISON_WIDTH                      ; 1     ; Signed Integer                                                                                           ;
; REGENERATE_ADDRCHK                ; 0     ; Signed Integer                                                                                           ;
; ROLE_BASED_USER                   ; 0     ; Signed Integer                                                                                           ;
; S0_ADDR_WIDTH                     ; 32    ; Signed Integer                                                                                           ;
; S0_AXI_VERSION                    ; AXI4  ; String                                                                                                   ;
; S0_BURST_LENGTH_WIDTH             ; 8     ; Signed Integer                                                                                           ;
; S0_ID_WIDTH                       ; 1     ; Signed Integer                                                                                           ;
; S0_LOCK_WIDTH                     ; 1     ; Signed Integer                                                                                           ;
; S0_PADDING_ZERO                   ; 0     ; Signed Integer                                                                                           ;
; S0_READ_ADDR_USER_WIDTH           ; 1     ; Signed Integer                                                                                           ;
; S0_READ_DATA_USER_WIDTH           ; 1     ; Signed Integer                                                                                           ;
; S0_SAI_WIDTH                      ; 4     ; Signed Integer                                                                                           ;
; S0_USER_ADDRCHK_WIDTH             ; 4     ; Signed Integer                                                                                           ;
; S0_WRITE_ADDR_USER_WIDTH          ; 1     ; Signed Integer                                                                                           ;
; S0_WRITE_DATA_USER_WIDTH          ; 1     ; Signed Integer                                                                                           ;
; S0_WRITE_RESPONSE_DATA_USER_WIDTH ; 1     ; Signed Integer                                                                                           ;
; SKIP_USER_ADDRCHK_CAL             ; 0     ; Unsigned Binary                                                                                          ;
; STROBE_WIDTH                      ; 4     ; Signed Integer                                                                                           ;
; USER_DATA_WIDTH                   ; 4     ; Signed Integer                                                                                           ;
; USE_M0_ARCACHE                    ; 1     ; Signed Integer                                                                                           ;
; USE_M0_ARLOCK                     ; 1     ; Signed Integer                                                                                           ;
; USE_M0_ARPROT                     ; 1     ; Signed Integer                                                                                           ;
; USE_M0_ARQOS                      ; 1     ; Signed Integer                                                                                           ;
; USE_M0_ARREGION                   ; 1     ; Signed Integer                                                                                           ;
; USE_M0_ARUSER                     ; 1     ; Signed Integer                                                                                           ;
; USE_M0_ARUSER_ADDRCHK             ; 0     ; Signed Integer                                                                                           ;
; USE_M0_ARUSER_SAI                 ; 0     ; Signed Integer                                                                                           ;
; USE_M0_AWCACHE                    ; 1     ; Signed Integer                                                                                           ;
; USE_M0_AWLOCK                     ; 1     ; Signed Integer                                                                                           ;
; USE_M0_AWPROT                     ; 1     ; Signed Integer                                                                                           ;
; USE_M0_AWQOS                      ; 1     ; Signed Integer                                                                                           ;
; USE_M0_AWREGION                   ; 1     ; Signed Integer                                                                                           ;
; USE_M0_AWUSER                     ; 1     ; Signed Integer                                                                                           ;
; USE_M0_AWUSER_ADDRCHK             ; 0     ; Signed Integer                                                                                           ;
; USE_M0_AWUSER_SAI                 ; 0     ; Signed Integer                                                                                           ;
; USE_M0_BRESP                      ; 1     ; Signed Integer                                                                                           ;
; USE_M0_BUSER                      ; 1     ; Signed Integer                                                                                           ;
; USE_M0_RRESP                      ; 1     ; Signed Integer                                                                                           ;
; USE_M0_RUSER                      ; 1     ; Signed Integer                                                                                           ;
; USE_M0_RUSER_DATA                 ; 0     ; Signed Integer                                                                                           ;
; USE_M0_RUSER_DATACHK              ; 0     ; Signed Integer                                                                                           ;
; USE_M0_RUSER_POISON               ; 0     ; Signed Integer                                                                                           ;
; USE_M0_WLAST                      ; 1     ; Signed Integer                                                                                           ;
; USE_M0_WUSER                      ; 1     ; Signed Integer                                                                                           ;
; USE_M0_WUSER_DATA                 ; 0     ; Signed Integer                                                                                           ;
; USE_M0_WUSER_DATACHK              ; 0     ; Signed Integer                                                                                           ;
; USE_M0_WUSER_POISON               ; 0     ; Signed Integer                                                                                           ;
; USE_S0_ARBURST                    ; 1     ; Signed Integer                                                                                           ;
; USE_S0_ARCACHE                    ; 0     ; Signed Integer                                                                                           ;
; USE_S0_ARID                       ; 0     ; Signed Integer                                                                                           ;
; USE_S0_ARLEN                      ; 1     ; Signed Integer                                                                                           ;
; USE_S0_ARLOCK                     ; 0     ; Signed Integer                                                                                           ;
; USE_S0_ARQOS                      ; 0     ; Signed Integer                                                                                           ;
; USE_S0_ARREGION                   ; 0     ; Signed Integer                                                                                           ;
; USE_S0_ARSIZE                     ; 1     ; Signed Integer                                                                                           ;
; USE_S0_ARUSER                     ; 0     ; Signed Integer                                                                                           ;
; USE_S0_ARUSER_ADDRCHK             ; 0     ; Signed Integer                                                                                           ;
; USE_S0_ARUSER_SAI                 ; 0     ; Signed Integer                                                                                           ;
; USE_S0_AWBURST                    ; 1     ; Signed Integer                                                                                           ;
; USE_S0_AWCACHE                    ; 0     ; Signed Integer                                                                                           ;
; USE_S0_AWID                       ; 0     ; Signed Integer                                                                                           ;
; USE_S0_AWLEN                      ; 1     ; Signed Integer                                                                                           ;
; USE_S0_AWLOCK                     ; 0     ; Signed Integer                                                                                           ;
; USE_S0_AWQOS                      ; 0     ; Signed Integer                                                                                           ;
; USE_S0_AWREGION                   ; 0     ; Signed Integer                                                                                           ;
; USE_S0_AWSIZE                     ; 1     ; Signed Integer                                                                                           ;
; USE_S0_AWUSER                     ; 0     ; Signed Integer                                                                                           ;
; USE_S0_AWUSER_ADDRCHK             ; 0     ; Signed Integer                                                                                           ;
; USE_S0_AWUSER_SAI                 ; 0     ; Signed Integer                                                                                           ;
; USE_S0_BID                        ; 0     ; Signed Integer                                                                                           ;
; USE_S0_BRESP                      ; 1     ; Signed Integer                                                                                           ;
; USE_S0_BUSER                      ; 0     ; Signed Integer                                                                                           ;
; USE_S0_RID                        ; 0     ; Signed Integer                                                                                           ;
; USE_S0_RLAST                      ; 1     ; Signed Integer                                                                                           ;
; USE_S0_RRESP                      ; 1     ; Signed Integer                                                                                           ;
; USE_S0_RUSER                      ; 0     ; Signed Integer                                                                                           ;
; USE_S0_RUSER_DATA                 ; 0     ; Signed Integer                                                                                           ;
; USE_S0_RUSER_DATACHK              ; 0     ; Signed Integer                                                                                           ;
; USE_S0_RUSER_POISON               ; 0     ; Signed Integer                                                                                           ;
; USE_S0_WSTRB                      ; 1     ; Signed Integer                                                                                           ;
; USE_S0_WUSER                      ; 0     ; Signed Integer                                                                                           ;
; USE_S0_WUSER_DATA                 ; 0     ; Signed Integer                                                                                           ;
; USE_S0_WUSER_DATACHK              ; 0     ; Signed Integer                                                                                           ;
; USE_S0_WUSER_POISON               ; 0     ; Signed Integer                                                                                           ;
+-----------------------------------+-------+----------------------------------------------------------------------------------------------------------+
All Instances:
u0|mm_interconnect_0|cpu_instruction_manager_translator



+---------------------------------------------------------------------------------------------------------------------------------------------------------+
; Parameter Settings for User Entity sys_altera_merlin_slave_translator_191_x56fcki Instance: u0|mm_interconnect_0|jtag_uart_avalon_jtag_slave_translator ;
+--------------------------------+-------+----------------------------------------------------------------------------------------------------------------+
; Parameter Name                 ; Value ; Type                                                                                                           ;
+--------------------------------+-------+----------------------------------------------------------------------------------------------------------------+
; AV_ADDRESS_SYMBOLS             ; 0     ; Signed Integer                                                                                                 ;
; AV_ADDRESS_W                   ; 1     ; Signed Integer                                                                                                 ;
; AV_BURSTCOUNT_SYMBOLS          ; 0     ; Signed Integer                                                                                                 ;
; AV_BURSTCOUNT_W                ; 1     ; Signed Integer                                                                                                 ;
; AV_BYTEENABLE_W                ; 1     ; Signed Integer                                                                                                 ;
; AV_CONSTANT_BURST_BEHAVIOR     ; 0     ; Signed Integer                                                                                                 ;
; AV_DATA_HOLD_CYCLES            ; 0     ; Signed Integer                                                                                                 ;
; AV_DATA_W                      ; 32    ; Signed Integer                                                                                                 ;
; AV_READLATENCY                 ; 0     ; Signed Integer                                                                                                 ;
; AV_READ_WAIT_CYCLES            ; 1     ; Signed Integer                                                                                                 ;
; AV_REQUIRE_UNALIGNED_ADDRESSES ; 0     ; Signed Integer                                                                                                 ;
; AV_SETUP_WAIT_CYCLES           ; 0     ; Signed Integer                                                                                                 ;
; AV_SYMBOLS_PER_WORD            ; 4     ; Signed Integer                                                                                                 ;
; AV_WRITE_WAIT_CYCLES           ; 0     ; Signed Integer                                                                                                 ;
; BITS_PER_WORD                  ; 2     ; Signed Integer                                                                                                 ;
; CHIPSELECT_THROUGH_READLATENCY ; 0     ; Signed Integer                                                                                                 ;
; SYNC_RESET                     ; 0     ; Signed Integer                                                                                                 ;
; UAV_ADDRESS_W                  ; 32    ; Signed Integer                                                                                                 ;
; UAV_BURSTCOUNT_W               ; 3     ; Signed Integer                                                                                                 ;
; UAV_BYTEENABLE_W               ; 4     ; Signed Integer                                                                                                 ;
; UAV_CONSTANT_BURST_BEHAVIOR    ; 0     ; Signed Integer                                                                                                 ;
; UAV_DATA_W                     ; 32    ; Signed Integer                                                                                                 ;
; USE_READDATAVALID              ; 0     ; Signed Integer                                                                                                 ;
; USE_READRESPONSE               ; 0     ; Signed Integer                                                                                                 ;
; USE_UAV_CLKEN                  ; 0     ; Signed Integer                                                                                                 ;
; USE_WAITREQUEST                ; 1     ; Signed Integer                                                                                                 ;
; USE_WRITERESPONSE              ; 0     ; Signed Integer                                                                                                 ;
; WAITREQUEST_ALLOWANCE          ; 0     ; Signed Integer                                                                                                 ;
+--------------------------------+-------+----------------------------------------------------------------------------------------------------------------+
All Instances:
u0|mm_interconnect_0|jtag_uart_avalon_jtag_slave_translator



+----------------------------------------------------------------------------------------------------------------------------------------------------------+
; Parameter Settings for User Entity sys_altera_merlin_slave_translator_191_x56fcki_1 Instance: u0|mm_interconnect_0|sysid_qsys_0_control_slave_translator ;
+--------------------------------+-------+-----------------------------------------------------------------------------------------------------------------+
; Parameter Name                 ; Value ; Type                                                                                                            ;
+--------------------------------+-------+-----------------------------------------------------------------------------------------------------------------+
; AV_ADDRESS_SYMBOLS             ; 0     ; Signed Integer                                                                                                  ;
; AV_ADDRESS_W                   ; 1     ; Signed Integer                                                                                                  ;
; AV_BURSTCOUNT_SYMBOLS          ; 0     ; Signed Integer                                                                                                  ;
; AV_BURSTCOUNT_W                ; 1     ; Signed Integer                                                                                                  ;
; AV_BYTEENABLE_W                ; 4     ; Signed Integer                                                                                                  ;
; AV_CONSTANT_BURST_BEHAVIOR     ; 0     ; Signed Integer                                                                                                  ;
; AV_DATA_HOLD_CYCLES            ; 0     ; Signed Integer                                                                                                  ;
; AV_DATA_W                      ; 32    ; Signed Integer                                                                                                  ;
; AV_READLATENCY                 ; 0     ; Signed Integer                                                                                                  ;
; AV_READ_WAIT_CYCLES            ; 1     ; Signed Integer                                                                                                  ;
; AV_REQUIRE_UNALIGNED_ADDRESSES ; 0     ; Signed Integer                                                                                                  ;
; AV_SETUP_WAIT_CYCLES           ; 0     ; Signed Integer                                                                                                  ;
; AV_SYMBOLS_PER_WORD            ; 4     ; Signed Integer                                                                                                  ;
; AV_WRITE_WAIT_CYCLES           ; 0     ; Signed Integer                                                                                                  ;
; BITS_PER_WORD                  ; 2     ; Signed Integer                                                                                                  ;
; CHIPSELECT_THROUGH_READLATENCY ; 0     ; Signed Integer                                                                                                  ;
; SYNC_RESET                     ; 0     ; Signed Integer                                                                                                  ;
; UAV_ADDRESS_W                  ; 32    ; Signed Integer                                                                                                  ;
; UAV_BURSTCOUNT_W               ; 3     ; Signed Integer                                                                                                  ;
; UAV_BYTEENABLE_W               ; 4     ; Signed Integer                                                                                                  ;
; UAV_CONSTANT_BURST_BEHAVIOR    ; 0     ; Signed Integer                                                                                                  ;
; UAV_DATA_W                     ; 32    ; Signed Integer                                                                                                  ;
; USE_READDATAVALID              ; 0     ; Signed Integer                                                                                                  ;
; USE_READRESPONSE               ; 0     ; Signed Integer                                                                                                  ;
; USE_UAV_CLKEN                  ; 0     ; Signed Integer                                                                                                  ;
; USE_WAITREQUEST                ; 0     ; Signed Integer                                                                                                  ;
; USE_WRITERESPONSE              ; 0     ; Signed Integer                                                                                                  ;
; WAITREQUEST_ALLOWANCE          ; 0     ; Signed Integer                                                                                                  ;
+--------------------------------+-------+-----------------------------------------------------------------------------------------------------------------+
All Instances:
u0|mm_interconnect_0|sysid_qsys_0_control_slave_translator



+--------------------------------------------------------------------------------------------------------------------------------------------+
; Parameter Settings for User Entity sys_altera_merlin_slave_translator_191_x56fcki_2 Instance: u0|mm_interconnect_0|cpu_dm_agent_translator ;
+--------------------------------+-------+---------------------------------------------------------------------------------------------------+
; Parameter Name                 ; Value ; Type                                                                                              ;
+--------------------------------+-------+---------------------------------------------------------------------------------------------------+
; AV_ADDRESS_SYMBOLS             ; 1     ; Signed Integer                                                                                    ;
; AV_ADDRESS_W                   ; 16    ; Signed Integer                                                                                    ;
; AV_BURSTCOUNT_SYMBOLS          ; 0     ; Signed Integer                                                                                    ;
; AV_BURSTCOUNT_W                ; 1     ; Signed Integer                                                                                    ;
; AV_BYTEENABLE_W                ; 4     ; Signed Integer                                                                                    ;
; AV_CONSTANT_BURST_BEHAVIOR     ; 0     ; Signed Integer                                                                                    ;
; AV_DATA_HOLD_CYCLES            ; 0     ; Signed Integer                                                                                    ;
; AV_DATA_W                      ; 32    ; Signed Integer                                                                                    ;
; AV_READLATENCY                 ; 0     ; Signed Integer                                                                                    ;
; AV_READ_WAIT_CYCLES            ; 1     ; Signed Integer                                                                                    ;
; AV_REQUIRE_UNALIGNED_ADDRESSES ; 0     ; Signed Integer                                                                                    ;
; AV_SETUP_WAIT_CYCLES           ; 0     ; Signed Integer                                                                                    ;
; AV_SYMBOLS_PER_WORD            ; 4     ; Signed Integer                                                                                    ;
; AV_WRITE_WAIT_CYCLES           ; 0     ; Signed Integer                                                                                    ;
; BITS_PER_WORD                  ; 2     ; Signed Integer                                                                                    ;
; CHIPSELECT_THROUGH_READLATENCY ; 0     ; Signed Integer                                                                                    ;
; SYNC_RESET                     ; 0     ; Signed Integer                                                                                    ;
; UAV_ADDRESS_W                  ; 32    ; Signed Integer                                                                                    ;
; UAV_BURSTCOUNT_W               ; 3     ; Signed Integer                                                                                    ;
; UAV_BYTEENABLE_W               ; 4     ; Signed Integer                                                                                    ;
; UAV_CONSTANT_BURST_BEHAVIOR    ; 0     ; Signed Integer                                                                                    ;
; UAV_DATA_W                     ; 32    ; Signed Integer                                                                                    ;
; USE_READDATAVALID              ; 1     ; Signed Integer                                                                                    ;
; USE_READRESPONSE               ; 0     ; Signed Integer                                                                                    ;
; USE_UAV_CLKEN                  ; 0     ; Signed Integer                                                                                    ;
; USE_WAITREQUEST                ; 1     ; Signed Integer                                                                                    ;
; USE_WRITERESPONSE              ; 0     ; Signed Integer                                                                                    ;
; WAITREQUEST_ALLOWANCE          ; 0     ; Signed Integer                                                                                    ;
+--------------------------------+-------+---------------------------------------------------------------------------------------------------+
All Instances:
u0|mm_interconnect_0|cpu_dm_agent_translator



+--------------------------------------------------------------------------------------------------------------------------------------+
; Parameter Settings for User Entity sys_altera_merlin_slave_translator_191_x56fcki_3 Instance: u0|mm_interconnect_0|ram_s1_translator ;
+--------------------------------+-------+---------------------------------------------------------------------------------------------+
; Parameter Name                 ; Value ; Type                                                                                        ;
+--------------------------------+-------+---------------------------------------------------------------------------------------------+
; AV_ADDRESS_SYMBOLS             ; 0     ; Signed Integer                                                                              ;
; AV_ADDRESS_W                   ; 20    ; Signed Integer                                                                              ;
; AV_BURSTCOUNT_SYMBOLS          ; 0     ; Signed Integer                                                                              ;
; AV_BURSTCOUNT_W                ; 1     ; Signed Integer                                                                              ;
; AV_BYTEENABLE_W                ; 4     ; Signed Integer                                                                              ;
; AV_CONSTANT_BURST_BEHAVIOR     ; 0     ; Signed Integer                                                                              ;
; AV_DATA_HOLD_CYCLES            ; 0     ; Signed Integer                                                                              ;
; AV_DATA_W                      ; 32    ; Signed Integer                                                                              ;
; AV_READLATENCY                 ; 1     ; Signed Integer                                                                              ;
; AV_READ_WAIT_CYCLES            ; 0     ; Signed Integer                                                                              ;
; AV_REQUIRE_UNALIGNED_ADDRESSES ; 0     ; Signed Integer                                                                              ;
; AV_SETUP_WAIT_CYCLES           ; 0     ; Signed Integer                                                                              ;
; AV_SYMBOLS_PER_WORD            ; 4     ; Signed Integer                                                                              ;
; AV_WRITE_WAIT_CYCLES           ; 0     ; Signed Integer                                                                              ;
; BITS_PER_WORD                  ; 2     ; Signed Integer                                                                              ;
; CHIPSELECT_THROUGH_READLATENCY ; 0     ; Signed Integer                                                                              ;
; SYNC_RESET                     ; 0     ; Signed Integer                                                                              ;
; UAV_ADDRESS_W                  ; 32    ; Signed Integer                                                                              ;
; UAV_BURSTCOUNT_W               ; 3     ; Signed Integer                                                                              ;
; UAV_BYTEENABLE_W               ; 4     ; Signed Integer                                                                              ;
; UAV_CONSTANT_BURST_BEHAVIOR    ; 0     ; Signed Integer                                                                              ;
; UAV_DATA_W                     ; 32    ; Signed Integer                                                                              ;
; USE_READDATAVALID              ; 0     ; Signed Integer                                                                              ;
; USE_READRESPONSE               ; 0     ; Signed Integer                                                                              ;
; USE_UAV_CLKEN                  ; 0     ; Signed Integer                                                                              ;
; USE_WAITREQUEST                ; 0     ; Signed Integer                                                                              ;
; USE_WRITERESPONSE              ; 0     ; Signed Integer                                                                              ;
; WAITREQUEST_ALLOWANCE          ; 0     ; Signed Integer                                                                              ;
+--------------------------------+-------+---------------------------------------------------------------------------------------------+
All Instances:
u0|mm_interconnect_0|ram_s1_translator



+--------------------------------------------------------------------------------------------------------------------------------------------------+
; Parameter Settings for User Entity sys_altera_merlin_slave_translator_191_x56fcki_4 Instance: u0|mm_interconnect_0|cpu_timer_sw_agent_translator ;
+--------------------------------+-------+---------------------------------------------------------------------------------------------------------+
; Parameter Name                 ; Value ; Type                                                                                                    ;
+--------------------------------+-------+---------------------------------------------------------------------------------------------------------+
; AV_ADDRESS_SYMBOLS             ; 1     ; Signed Integer                                                                                          ;
; AV_ADDRESS_W                   ; 6     ; Signed Integer                                                                                          ;
; AV_BURSTCOUNT_SYMBOLS          ; 0     ; Signed Integer                                                                                          ;
; AV_BURSTCOUNT_W                ; 1     ; Signed Integer                                                                                          ;
; AV_BYTEENABLE_W                ; 4     ; Signed Integer                                                                                          ;
; AV_CONSTANT_BURST_BEHAVIOR     ; 0     ; Signed Integer                                                                                          ;
; AV_DATA_HOLD_CYCLES            ; 0     ; Signed Integer                                                                                          ;
; AV_DATA_W                      ; 32    ; Signed Integer                                                                                          ;
; AV_READLATENCY                 ; 0     ; Signed Integer                                                                                          ;
; AV_READ_WAIT_CYCLES            ; 1     ; Signed Integer                                                                                          ;
; AV_REQUIRE_UNALIGNED_ADDRESSES ; 0     ; Signed Integer                                                                                          ;
; AV_SETUP_WAIT_CYCLES           ; 0     ; Signed Integer                                                                                          ;
; AV_SYMBOLS_PER_WORD            ; 4     ; Signed Integer                                                                                          ;
; AV_WRITE_WAIT_CYCLES           ; 0     ; Signed Integer                                                                                          ;
; BITS_PER_WORD                  ; 2     ; Signed Integer                                                                                          ;
; CHIPSELECT_THROUGH_READLATENCY ; 0     ; Signed Integer                                                                                          ;
; SYNC_RESET                     ; 0     ; Signed Integer                                                                                          ;
; UAV_ADDRESS_W                  ; 32    ; Signed Integer                                                                                          ;
; UAV_BURSTCOUNT_W               ; 3     ; Signed Integer                                                                                          ;
; UAV_BYTEENABLE_W               ; 4     ; Signed Integer                                                                                          ;
; UAV_CONSTANT_BURST_BEHAVIOR    ; 0     ; Signed Integer                                                                                          ;
; UAV_DATA_W                     ; 32    ; Signed Integer                                                                                          ;
; USE_READDATAVALID              ; 1     ; Signed Integer                                                                                          ;
; USE_READRESPONSE               ; 0     ; Signed Integer                                                                                          ;
; USE_UAV_CLKEN                  ; 0     ; Signed Integer                                                                                          ;
; USE_WAITREQUEST                ; 1     ; Signed Integer                                                                                          ;
; USE_WRITERESPONSE              ; 0     ; Signed Integer                                                                                          ;
; WAITREQUEST_ALLOWANCE          ; 0     ; Signed Integer                                                                                          ;
+--------------------------------+-------+---------------------------------------------------------------------------------------------------------+
All Instances:
u0|mm_interconnect_0|cpu_timer_sw_agent_translator



+---------------------------------------------------------------------------------------------------------------------------------------+
; Parameter Settings for User Entity sys_altera_merlin_axi_master_ni_1980_4qd7sla Instance: u0|mm_interconnect_0|cpu_data_manager_agent ;
+---------------------------+-------+---------------------------------------------------------------------------------------------------+
; Parameter Name            ; Value ; Type                                                                                              ;
+---------------------------+-------+---------------------------------------------------------------------------------------------------+
; ACE_LITE_SUPPORT          ; 0     ; Signed Integer                                                                                    ;
; ADDRCHK_WIDTH             ; 1     ; Signed Integer                                                                                    ;
; ADDR_USER_WIDTH           ; 1     ; Signed Integer                                                                                    ;
; ADDR_WIDTH                ; 32    ; Signed Integer                                                                                    ;
; AXI_BURST_LENGTH_WIDTH    ; 8     ; Signed Integer                                                                                    ;
; AXI_LOCK_WIDTH            ; 1     ; Signed Integer                                                                                    ;
; AXI_VERSION               ; AXI4  ; String                                                                                            ;
; DATACHK_WIDTH             ; 4     ; Signed Integer                                                                                    ;
; DATA_USER_WIDTH           ; 1     ; Signed Integer                                                                                    ;
; ID                        ; 0     ; Signed Integer                                                                                    ;
; ID_WIDTH                  ; 1     ; Signed Integer                                                                                    ;
; PADDING_ZERO              ; -24   ; Untyped                                                                                           ;
; PARITY_ADDR_WIDTH         ; 8     ; Signed Integer                                                                                    ;
; PKT_ADDRCHK_H             ; 136   ; Signed Integer                                                                                    ;
; PKT_ADDRCHK_L             ; 135   ; Signed Integer                                                                                    ;
; PKT_ADDR_H                ; 67    ; Signed Integer                                                                                    ;
; PKT_ADDR_L                ; 36    ; Signed Integer                                                                                    ;
; PKT_ADDR_SIDEBAND_H       ; 97    ; Signed Integer                                                                                    ;
; PKT_ADDR_SIDEBAND_L       ; 97    ; Signed Integer                                                                                    ;
; PKT_ADDR_W                ; 32    ; Signed Integer                                                                                    ;
; PKT_BARRIER_H             ; 124   ; Signed Integer                                                                                    ;
; PKT_BARRIER_L             ; 123   ; Signed Integer                                                                                    ;
; PKT_BEGIN_BURST           ; 99    ; Signed Integer                                                                                    ;
; PKT_BURSTWRAP_H           ; 91    ; Signed Integer                                                                                    ;
; PKT_BURSTWRAP_L           ; 85    ; Signed Integer                                                                                    ;
; PKT_BURSTWRAP_W           ; 7     ; Signed Integer                                                                                    ;
; PKT_BURST_SIZE_H          ; 94    ; Signed Integer                                                                                    ;
; PKT_BURST_SIZE_L          ; 92    ; Signed Integer                                                                                    ;
; PKT_BURST_TYPE_H          ; 96    ; Signed Integer                                                                                    ;
; PKT_BURST_TYPE_L          ; 95    ; Signed Integer                                                                                    ;
; PKT_BYTEEN_H              ; 35    ; Signed Integer                                                                                    ;
; PKT_BYTEEN_L              ; 32    ; Signed Integer                                                                                    ;
; PKT_BYTEEN_W              ; 4     ; Signed Integer                                                                                    ;
; PKT_BYTE_CNT_H            ; 84    ; Signed Integer                                                                                    ;
; PKT_BYTE_CNT_L            ; 74    ; Signed Integer                                                                                    ;
; PKT_BYTE_CNT_W            ; 11    ; Signed Integer                                                                                    ;
; PKT_CACHE_H               ; 117   ; Signed Integer                                                                                    ;
; PKT_CACHE_L               ; 114   ; Signed Integer                                                                                    ;
; PKT_DATACHK_H             ; 133   ; Signed Integer                                                                                    ;
; PKT_DATACHK_L             ; 133   ; Signed Integer                                                                                    ;
; PKT_DATACHK_W             ; 1     ; Signed Integer                                                                                    ;
; PKT_DATA_H                ; 31    ; Signed Integer                                                                                    ;
; PKT_DATA_L                ; 0     ; Signed Integer                                                                                    ;
; PKT_DATA_SIDEBAND_H       ; 98    ; Signed Integer                                                                                    ;
; PKT_DATA_SIDEBAND_L       ; 98    ; Signed Integer                                                                                    ;
; PKT_DATA_W                ; 32    ; Signed Integer                                                                                    ;
; PKT_DEST_ID_H             ; 109   ; Signed Integer                                                                                    ;
; PKT_DEST_ID_L             ; 107   ; Signed Integer                                                                                    ;
; PKT_DEST_ID_W             ; 3     ; Signed Integer                                                                                    ;
; PKT_DOMAIN_H              ; 130   ; Signed Integer                                                                                    ;
; PKT_DOMAIN_L              ; 129   ; Signed Integer                                                                                    ;
; PKT_EOP_OOO               ; 138   ; Signed Integer                                                                                    ;
; PKT_ORI_BURST_SIZE_H      ; 122   ; Signed Integer                                                                                    ;
; PKT_ORI_BURST_SIZE_L      ; 120   ; Signed Integer                                                                                    ;
; PKT_POISON_H              ; 132   ; Signed Integer                                                                                    ;
; PKT_POISON_L              ; 132   ; Signed Integer                                                                                    ;
; PKT_PROTECTION_H          ; 113   ; Signed Integer                                                                                    ;
; PKT_PROTECTION_L          ; 111   ; Signed Integer                                                                                    ;
; PKT_QOS_H                 ; 103   ; Signed Integer                                                                                    ;
; PKT_QOS_L                 ; 100   ; Signed Integer                                                                                    ;
; PKT_RESPONSE_STATUS_H     ; 119   ; Signed Integer                                                                                    ;
; PKT_RESPONSE_STATUS_L     ; 118   ; Signed Integer                                                                                    ;
; PKT_SAI_H                 ; 137   ; Signed Integer                                                                                    ;
; PKT_SAI_L                 ; 137   ; Signed Integer                                                                                    ;
; PKT_SNOOP_H               ; 128   ; Signed Integer                                                                                    ;
; PKT_SNOOP_L               ; 125   ; Signed Integer                                                                                    ;
; PKT_SOP_OOO               ; 139   ; Signed Integer                                                                                    ;
; PKT_SRC_ID_H              ; 106   ; Signed Integer                                                                                    ;
; PKT_SRC_ID_L              ; 104   ; Signed Integer                                                                                    ;
; PKT_SRC_ID_W              ; 3     ; Signed Integer                                                                                    ;
; PKT_THREAD_ID_H           ; 110   ; Signed Integer                                                                                    ;
; PKT_THREAD_ID_L           ; 110   ; Signed Integer                                                                                    ;
; PKT_TRANS_COMPRESSED_READ ; 68    ; Signed Integer                                                                                    ;
; PKT_TRANS_EXCLUSIVE       ; 73    ; Signed Integer                                                                                    ;
; PKT_TRANS_LOCK            ; 72    ; Signed Integer                                                                                    ;
; PKT_TRANS_POSTED          ; 69    ; Signed Integer                                                                                    ;
; PKT_TRANS_READ            ; 71    ; Signed Integer                                                                                    ;
; PKT_TRANS_WRITE           ; 70    ; Signed Integer                                                                                    ;
; PKT_USER_DATA_H           ; 134   ; Signed Integer                                                                                    ;
; PKT_USER_DATA_L           ; 134   ; Signed Integer                                                                                    ;
; PKT_WUNIQUE               ; 131   ; Signed Integer                                                                                    ;
; POISON_WIDTH              ; 1     ; Signed Integer                                                                                    ;
; RDATA_WIDTH               ; 32    ; Signed Integer                                                                                    ;
; READ_ISSUING_CAPABILITY   ; 1     ; Signed Integer                                                                                    ;
; ROLE_BASED_USER           ; 0     ; Signed Integer                                                                                    ;
; SAI_WIDTH                 ; 1     ; Signed Integer                                                                                    ;
; SKIP_USER_ADDRCHK_CAL     ; 1     ; Unsigned Binary                                                                                   ;
; ST_CHANNEL_W              ; 5     ; Signed Integer                                                                                    ;
; ST_DATA_W                 ; 144   ; Signed Integer                                                                                    ;
; SYNC_RESET                ; 0     ; Signed Integer                                                                                    ;
; USER_DATA_WIDTH           ; 1     ; Signed Integer                                                                                    ;
; USE_PKT_ADDRCHK           ; 0     ; Signed Integer                                                                                    ;
; USE_PKT_DATACHK           ; 0     ; Signed Integer                                                                                    ;
; WDATA_WIDTH               ; 32    ; Signed Integer                                                                                    ;
; WRITE_ISSUING_CAPABILITY  ; 1     ; Signed Integer                                                                                    ;
+---------------------------+-------+---------------------------------------------------------------------------------------------------+
All Instances:
u0|mm_interconnect_0|cpu_data_manager_agent



+------------------------------------------------------------------------------------------------------------------------------------------------+
; Parameter Settings for User Entity sys_altera_merlin_axi_master_ni_1980_4qd7sla_1 Instance: u0|mm_interconnect_0|cpu_instruction_manager_agent ;
+---------------------------+-------+------------------------------------------------------------------------------------------------------------+
; Parameter Name            ; Value ; Type                                                                                                       ;
+---------------------------+-------+------------------------------------------------------------------------------------------------------------+
; ACE_LITE_SUPPORT          ; 0     ; Signed Integer                                                                                             ;
; ADDRCHK_WIDTH             ; 1     ; Signed Integer                                                                                             ;
; ADDR_USER_WIDTH           ; 1     ; Signed Integer                                                                                             ;
; ADDR_WIDTH                ; 32    ; Signed Integer                                                                                             ;
; AXI_BURST_LENGTH_WIDTH    ; 8     ; Signed Integer                                                                                             ;
; AXI_LOCK_WIDTH            ; 1     ; Signed Integer                                                                                             ;
; AXI_VERSION               ; AXI4  ; String                                                                                                     ;
; DATACHK_WIDTH             ; 4     ; Signed Integer                                                                                             ;
; DATA_USER_WIDTH           ; 1     ; Signed Integer                                                                                             ;
; ID                        ; 1     ; Signed Integer                                                                                             ;
; ID_WIDTH                  ; 1     ; Signed Integer                                                                                             ;
; PADDING_ZERO              ; -24   ; Untyped                                                                                                    ;
; PARITY_ADDR_WIDTH         ; 8     ; Signed Integer                                                                                             ;
; PKT_ADDRCHK_H             ; 136   ; Signed Integer                                                                                             ;
; PKT_ADDRCHK_L             ; 135   ; Signed Integer                                                                                             ;
; PKT_ADDR_H                ; 67    ; Signed Integer                                                                                             ;
; PKT_ADDR_L                ; 36    ; Signed Integer                                                                                             ;
; PKT_ADDR_SIDEBAND_H       ; 97    ; Signed Integer                                                                                             ;
; PKT_ADDR_SIDEBAND_L       ; 97    ; Signed Integer                                                                                             ;
; PKT_ADDR_W                ; 32    ; Signed Integer                                                                                             ;
; PKT_BARRIER_H             ; 124   ; Signed Integer                                                                                             ;
; PKT_BARRIER_L             ; 123   ; Signed Integer                                                                                             ;
; PKT_BEGIN_BURST           ; 99    ; Signed Integer                                                                                             ;
; PKT_BURSTWRAP_H           ; 91    ; Signed Integer                                                                                             ;
; PKT_BURSTWRAP_L           ; 85    ; Signed Integer                                                                                             ;
; PKT_BURSTWRAP_W           ; 7     ; Signed Integer                                                                                             ;
; PKT_BURST_SIZE_H          ; 94    ; Signed Integer                                                                                             ;
; PKT_BURST_SIZE_L          ; 92    ; Signed Integer                                                                                             ;
; PKT_BURST_TYPE_H          ; 96    ; Signed Integer                                                                                             ;
; PKT_BURST_TYPE_L          ; 95    ; Signed Integer                                                                                             ;
; PKT_BYTEEN_H              ; 35    ; Signed Integer                                                                                             ;
; PKT_BYTEEN_L              ; 32    ; Signed Integer                                                                                             ;
; PKT_BYTEEN_W              ; 4     ; Signed Integer                                                                                             ;
; PKT_BYTE_CNT_H            ; 84    ; Signed Integer                                                                                             ;
; PKT_BYTE_CNT_L            ; 74    ; Signed Integer                                                                                             ;
; PKT_BYTE_CNT_W            ; 11    ; Signed Integer                                                                                             ;
; PKT_CACHE_H               ; 117   ; Signed Integer                                                                                             ;
; PKT_CACHE_L               ; 114   ; Signed Integer                                                                                             ;
; PKT_DATACHK_H             ; 133   ; Signed Integer                                                                                             ;
; PKT_DATACHK_L             ; 133   ; Signed Integer                                                                                             ;
; PKT_DATACHK_W             ; 1     ; Signed Integer                                                                                             ;
; PKT_DATA_H                ; 31    ; Signed Integer                                                                                             ;
; PKT_DATA_L                ; 0     ; Signed Integer                                                                                             ;
; PKT_DATA_SIDEBAND_H       ; 98    ; Signed Integer                                                                                             ;
; PKT_DATA_SIDEBAND_L       ; 98    ; Signed Integer                                                                                             ;
; PKT_DATA_W                ; 32    ; Signed Integer                                                                                             ;
; PKT_DEST_ID_H             ; 109   ; Signed Integer                                                                                             ;
; PKT_DEST_ID_L             ; 107   ; Signed Integer                                                                                             ;
; PKT_DEST_ID_W             ; 3     ; Signed Integer                                                                                             ;
; PKT_DOMAIN_H              ; 130   ; Signed Integer                                                                                             ;
; PKT_DOMAIN_L              ; 129   ; Signed Integer                                                                                             ;
; PKT_EOP_OOO               ; 138   ; Signed Integer                                                                                             ;
; PKT_ORI_BURST_SIZE_H      ; 122   ; Signed Integer                                                                                             ;
; PKT_ORI_BURST_SIZE_L      ; 120   ; Signed Integer                                                                                             ;
; PKT_POISON_H              ; 132   ; Signed Integer                                                                                             ;
; PKT_POISON_L              ; 132   ; Signed Integer                                                                                             ;
; PKT_PROTECTION_H          ; 113   ; Signed Integer                                                                                             ;
; PKT_PROTECTION_L          ; 111   ; Signed Integer                                                                                             ;
; PKT_QOS_H                 ; 103   ; Signed Integer                                                                                             ;
; PKT_QOS_L                 ; 100   ; Signed Integer                                                                                             ;
; PKT_RESPONSE_STATUS_H     ; 119   ; Signed Integer                                                                                             ;
; PKT_RESPONSE_STATUS_L     ; 118   ; Signed Integer                                                                                             ;
; PKT_SAI_H                 ; 137   ; Signed Integer                                                                                             ;
; PKT_SAI_L                 ; 137   ; Signed Integer                                                                                             ;
; PKT_SNOOP_H               ; 128   ; Signed Integer                                                                                             ;
; PKT_SNOOP_L               ; 125   ; Signed Integer                                                                                             ;
; PKT_SOP_OOO               ; 139   ; Signed Integer                                                                                             ;
; PKT_SRC_ID_H              ; 106   ; Signed Integer                                                                                             ;
; PKT_SRC_ID_L              ; 104   ; Signed Integer                                                                                             ;
; PKT_SRC_ID_W              ; 3     ; Signed Integer                                                                                             ;
; PKT_THREAD_ID_H           ; 110   ; Signed Integer                                                                                             ;
; PKT_THREAD_ID_L           ; 110   ; Signed Integer                                                                                             ;
; PKT_TRANS_COMPRESSED_READ ; 68    ; Signed Integer                                                                                             ;
; PKT_TRANS_EXCLUSIVE       ; 73    ; Signed Integer                                                                                             ;
; PKT_TRANS_LOCK            ; 72    ; Signed Integer                                                                                             ;
; PKT_TRANS_POSTED          ; 69    ; Signed Integer                                                                                             ;
; PKT_TRANS_READ            ; 71    ; Signed Integer                                                                                             ;
; PKT_TRANS_WRITE           ; 70    ; Signed Integer                                                                                             ;
; PKT_USER_DATA_H           ; 134   ; Signed Integer                                                                                             ;
; PKT_USER_DATA_L           ; 134   ; Signed Integer                                                                                             ;
; PKT_WUNIQUE               ; 131   ; Signed Integer                                                                                             ;
; POISON_WIDTH              ; 1     ; Signed Integer                                                                                             ;
; RDATA_WIDTH               ; 32    ; Signed Integer                                                                                             ;
; READ_ISSUING_CAPABILITY   ; 8     ; Signed Integer                                                                                             ;
; ROLE_BASED_USER           ; 0     ; Signed Integer                                                                                             ;
; SAI_WIDTH                 ; 1     ; Signed Integer                                                                                             ;
; SKIP_USER_ADDRCHK_CAL     ; 1     ; Unsigned Binary                                                                                            ;
; ST_CHANNEL_W              ; 5     ; Signed Integer                                                                                             ;
; ST_DATA_W                 ; 144   ; Signed Integer                                                                                             ;
; SYNC_RESET                ; 0     ; Signed Integer                                                                                             ;
; USER_DATA_WIDTH           ; 1     ; Signed Integer                                                                                             ;
; USE_PKT_ADDRCHK           ; 0     ; Signed Integer                                                                                             ;
; USE_PKT_DATACHK           ; 0     ; Signed Integer                                                                                             ;
; WDATA_WIDTH               ; 32    ; Signed Integer                                                                                             ;
; WRITE_ISSUING_CAPABILITY  ; 1     ; Signed Integer                                                                                             ;
+---------------------------+-------+------------------------------------------------------------------------------------------------------------+
All Instances:
u0|mm_interconnect_0|cpu_instruction_manager_agent



+---------------------------------------------------------------------------------------------------------------------------------------+
; Parameter Settings for User Entity sys_altera_merlin_slave_agent_1921_b6r3djy Instance: u0|mm_interconnect_0|cpu_timer_sw_agent_agent ;
+---------------------------+-------+---------------------------------------------------------------------------------------------------+
; Parameter Name            ; Value ; Type                                                                                              ;
+---------------------------+-------+---------------------------------------------------------------------------------------------------+
; ADDR_W                    ; 32    ; Signed Integer                                                                                    ;
; AVS_BE_W                  ; 4     ; Signed Integer                                                                                    ;
; AVS_BURSTCOUNT_W          ; 3     ; Signed Integer                                                                                    ;
; AVS_DATA_W                ; 32    ; Signed Integer                                                                                    ;
; BURST_SIZE_W              ; 3     ; Signed Integer                                                                                    ;
; ECC_ENABLE                ; 0     ; Signed Integer                                                                                    ;
; FIFO_DATA_W               ; 145   ; Signed Integer                                                                                    ;
; PKT_ADDRCHK_H             ; 136   ; Signed Integer                                                                                    ;
; PKT_ADDRCHK_L             ; 135   ; Signed Integer                                                                                    ;
; PKT_ADDR_H                ; 67    ; Signed Integer                                                                                    ;
; PKT_ADDR_L                ; 36    ; Signed Integer                                                                                    ;
; PKT_BEGIN_BURST           ; 99    ; Signed Integer                                                                                    ;
; PKT_BURSTWRAP_H           ; 91    ; Signed Integer                                                                                    ;
; PKT_BURSTWRAP_L           ; 85    ; Signed Integer                                                                                    ;
; PKT_BURST_SIZE_H          ; 94    ; Signed Integer                                                                                    ;
; PKT_BURST_SIZE_L          ; 92    ; Signed Integer                                                                                    ;
; PKT_BYTEEN_H              ; 35    ; Signed Integer                                                                                    ;
; PKT_BYTEEN_L              ; 32    ; Signed Integer                                                                                    ;
; PKT_BYTE_CNT_H            ; 84    ; Signed Integer                                                                                    ;
; PKT_BYTE_CNT_L            ; 74    ; Signed Integer                                                                                    ;
; PKT_DATACHK_H             ; 133   ; Signed Integer                                                                                    ;
; PKT_DATACHK_L             ; 133   ; Signed Integer                                                                                    ;
; PKT_DATA_H                ; 31    ; Signed Integer                                                                                    ;
; PKT_DATA_L                ; 0     ; Signed Integer                                                                                    ;
; PKT_DEST_ID_H             ; 109   ; Signed Integer                                                                                    ;
; PKT_DEST_ID_L             ; 107   ; Signed Integer                                                                                    ;
; PKT_ORI_BURST_SIZE_H      ; 122   ; Signed Integer                                                                                    ;
; PKT_ORI_BURST_SIZE_L      ; 120   ; Signed Integer                                                                                    ;
; PKT_POISON_H              ; 132   ; Signed Integer                                                                                    ;
; PKT_POISON_L              ; 132   ; Signed Integer                                                                                    ;
; PKT_PROTECTION_H          ; 113   ; Signed Integer                                                                                    ;
; PKT_PROTECTION_L          ; 111   ; Signed Integer                                                                                    ;
; PKT_RESPONSE_STATUS_H     ; 119   ; Signed Integer                                                                                    ;
; PKT_RESPONSE_STATUS_L     ; 118   ; Signed Integer                                                                                    ;
; PKT_SAI_H                 ; 137   ; Signed Integer                                                                                    ;
; PKT_SAI_L                 ; 137   ; Signed Integer                                                                                    ;
; PKT_SRC_ID_H              ; 106   ; Signed Integer                                                                                    ;
; PKT_SRC_ID_L              ; 104   ; Signed Integer                                                                                    ;
; PKT_SYMBOLS               ; 4     ; Signed Integer                                                                                    ;
; PKT_SYMBOL_W              ; 8     ; Signed Integer                                                                                    ;
; PKT_TRANS_COMPRESSED_READ ; 68    ; Signed Integer                                                                                    ;
; PKT_TRANS_LOCK            ; 72    ; Signed Integer                                                                                    ;
; PKT_TRANS_POSTED          ; 69    ; Signed Integer                                                                                    ;
; PKT_TRANS_READ            ; 71    ; Signed Integer                                                                                    ;
; PKT_TRANS_WRITE           ; 70    ; Signed Integer                                                                                    ;
; PKT_USER_DATA_H           ; 134   ; Signed Integer                                                                                    ;
; PKT_USER_DATA_L           ; 134   ; Signed Integer                                                                                    ;
; PREVENT_FIFO_OVERFLOW     ; 1     ; Signed Integer                                                                                    ;
; ROLE_BASED_USER           ; 0     ; Signed Integer                                                                                    ;
; ST_CHANNEL_W              ; 5     ; Signed Integer                                                                                    ;
; ST_DATA_W                 ; 144   ; Signed Integer                                                                                    ;
; SUPPRESS_0_BYTEEN_CMD     ; 1     ; Signed Integer                                                                                    ;
; SYNC_RESET                ; 0     ; Signed Integer                                                                                    ;
; USE_MEMORY_BLOCKS         ; 0     ; Signed Integer                                                                                    ;
; USE_PKT_DATACHK           ; 0     ; Signed Integer                                                                                    ;
; USE_READRESPONSE          ; 0     ; Signed Integer                                                                                    ;
; USE_WRITERESPONSE         ; 0     ; Signed Integer                                                                                    ;
+---------------------------+-------+---------------------------------------------------------------------------------------------------+
All Instances:
u0|mm_interconnect_0|jtag_uart_avalon_jtag_slave_agent
u0|mm_interconnect_0|sysid_qsys_0_control_slave_agent
u0|mm_interconnect_0|cpu_dm_agent_agent
u0|mm_interconnect_0|ram_s1_agent
u0|mm_interconnect_0|cpu_timer_sw_agent_agent



+--------------------------------------------------------------------------------------------------------------------------------------------+
; Parameter Settings for User Entity sys_altera_avalon_sc_fifo_1932_5j7ufsq Instance: u0|mm_interconnect_0|cpu_timer_sw_agent_agent_rsp_fifo ;
+-----------------------+-------+------------------------------------------------------------------------------------------------------------+
; Parameter Name        ; Value ; Type                                                                                                       ;
+-----------------------+-------+------------------------------------------------------------------------------------------------------------+
; ALMOST_FULL_THRESHOLD ; 1     ; Signed Integer                                                                                             ;
; BITS_PER_SYMBOL       ; 145   ; Signed Integer                                                                                             ;
; CHANNEL_WIDTH         ; 0     ; Signed Integer                                                                                             ;
; DATA_WIDTH            ; 145   ; Signed Integer                                                                                             ;
; EMPTY_LATENCY         ; 1     ; Signed Integer                                                                                             ;
; EMPTY_WIDTH           ; 1     ; Signed Integer                                                                                             ;
; ERROR_WIDTH           ; 0     ; Signed Integer                                                                                             ;
; FIFO_DEPTH            ; 2     ; Signed Integer                                                                                             ;
; MEM_TYPE              ; M20K  ; String                                                                                                     ;
; SYMBOLS_PER_BEAT      ; 1     ; Signed Integer                                                                                             ;
; SYNC_RESET            ; 0     ; Signed Integer                                                                                             ;
; USE_ALMOST_EMPTY_IF   ; 0     ; Signed Integer                                                                                             ;
; USE_ALMOST_FULL_IF    ; 0     ; Signed Integer                                                                                             ;
; USE_FILL_LEVEL        ; 0     ; Signed Integer                                                                                             ;
; USE_MEMORY_BLOCKS     ; 0     ; Signed Integer                                                                                             ;
; USE_PACKETS           ; 1     ; Signed Integer                                                                                             ;
; USE_STORE_FORWARD     ; 0     ; Signed Integer                                                                                             ;
+-----------------------+-------+------------------------------------------------------------------------------------------------------------+
All Instances:
u0|mm_interconnect_0|jtag_uart_avalon_jtag_slave_agent_rsp_fifo
u0|mm_interconnect_0|sysid_qsys_0_control_slave_agent_rsp_fifo
u0|mm_interconnect_0|ram_s1_agent_rsp_fifo
u0|mm_interconnect_0|cpu_timer_sw_agent_agent_rsp_fifo



+------------------------------------------------------------------------------------------------------------------------------------------------+
; Parameter Settings for User Entity sys_altera_avalon_sc_fifo_1932_5j7ufsq_1 Instance: u0|mm_interconnect_0|cpu_timer_sw_agent_agent_rdata_fifo ;
+-----------------------+-------+----------------------------------------------------------------------------------------------------------------+
; Parameter Name        ; Value ; Type                                                                                                           ;
+-----------------------+-------+----------------------------------------------------------------------------------------------------------------+
; ALMOST_FULL_THRESHOLD ; 1     ; Signed Integer                                                                                                 ;
; BITS_PER_SYMBOL       ; 34    ; Signed Integer                                                                                                 ;
; CHANNEL_WIDTH         ; 0     ; Signed Integer                                                                                                 ;
; DATA_WIDTH            ; 34    ; Signed Integer                                                                                                 ;
; EMPTY_LATENCY         ; 0     ; Signed Integer                                                                                                 ;
; EMPTY_WIDTH           ; 1     ; Signed Integer                                                                                                 ;
; ERROR_WIDTH           ; 0     ; Signed Integer                                                                                                 ;
; FIFO_DEPTH            ; 2     ; Signed Integer                                                                                                 ;
; MEM_TYPE              ; M20K  ; String                                                                                                         ;
; SYMBOLS_PER_BEAT      ; 1     ; Signed Integer                                                                                                 ;
; SYNC_RESET            ; 0     ; Signed Integer                                                                                                 ;
; USE_ALMOST_EMPTY_IF   ; 0     ; Signed Integer                                                                                                 ;
; USE_ALMOST_FULL_IF    ; 0     ; Signed Integer                                                                                                 ;
; USE_FILL_LEVEL        ; 0     ; Signed Integer                                                                                                 ;
; USE_MEMORY_BLOCKS     ; 0     ; Signed Integer                                                                                                 ;
; USE_PACKETS           ; 0     ; Signed Integer                                                                                                 ;
; USE_STORE_FORWARD     ; 0     ; Signed Integer                                                                                                 ;
+-----------------------+-------+----------------------------------------------------------------------------------------------------------------+
All Instances:
u0|mm_interconnect_0|jtag_uart_avalon_jtag_slave_agent_rdata_fifo
u0|mm_interconnect_0|sysid_qsys_0_control_slave_agent_rdata_fifo
u0|mm_interconnect_0|ram_s1_agent_rdata_fifo
u0|mm_interconnect_0|cpu_timer_sw_agent_agent_rdata_fifo



+----------------------------------------------------------------------------------------------------------------------------------------+
; Parameter Settings for User Entity sys_altera_avalon_sc_fifo_1932_5j7ufsq_2 Instance: u0|mm_interconnect_0|cpu_dm_agent_agent_rsp_fifo ;
+-----------------------+-------+--------------------------------------------------------------------------------------------------------+
; Parameter Name        ; Value ; Type                                                                                                   ;
+-----------------------+-------+--------------------------------------------------------------------------------------------------------+
; ALMOST_FULL_THRESHOLD ; 2     ; Signed Integer                                                                                         ;
; BITS_PER_SYMBOL       ; 145   ; Signed Integer                                                                                         ;
; CHANNEL_WIDTH         ; 0     ; Signed Integer                                                                                         ;
; DATA_WIDTH            ; 145   ; Signed Integer                                                                                         ;
; EMPTY_LATENCY         ; 1     ; Signed Integer                                                                                         ;
; EMPTY_WIDTH           ; 1     ; Signed Integer                                                                                         ;
; ERROR_WIDTH           ; 0     ; Signed Integer                                                                                         ;
; FIFO_DEPTH            ; 3     ; Signed Integer                                                                                         ;
; MEM_TYPE              ; M20K  ; String                                                                                                 ;
; SYMBOLS_PER_BEAT      ; 1     ; Signed Integer                                                                                         ;
; SYNC_RESET            ; 0     ; Signed Integer                                                                                         ;
; USE_ALMOST_EMPTY_IF   ; 0     ; Signed Integer                                                                                         ;
; USE_ALMOST_FULL_IF    ; 0     ; Signed Integer                                                                                         ;
; USE_FILL_LEVEL        ; 0     ; Signed Integer                                                                                         ;
; USE_MEMORY_BLOCKS     ; 0     ; Signed Integer                                                                                         ;
; USE_PACKETS           ; 1     ; Signed Integer                                                                                         ;
; USE_STORE_FORWARD     ; 0     ; Signed Integer                                                                                         ;
+-----------------------+-------+--------------------------------------------------------------------------------------------------------+
All Instances:
u0|mm_interconnect_0|cpu_dm_agent_agent_rsp_fifo



+------------------------------------------------------------------------------------------------------------------------------------------+
; Parameter Settings for User Entity sys_altera_avalon_sc_fifo_1932_5j7ufsq_3 Instance: u0|mm_interconnect_0|cpu_dm_agent_agent_rdata_fifo ;
+-----------------------+-------+----------------------------------------------------------------------------------------------------------+
; Parameter Name        ; Value ; Type                                                                                                     ;
+-----------------------+-------+----------------------------------------------------------------------------------------------------------+
; ALMOST_FULL_THRESHOLD ; 2     ; Signed Integer                                                                                           ;
; BITS_PER_SYMBOL       ; 34    ; Signed Integer                                                                                           ;
; CHANNEL_WIDTH         ; 0     ; Signed Integer                                                                                           ;
; DATA_WIDTH            ; 34    ; Signed Integer                                                                                           ;
; EMPTY_LATENCY         ; 0     ; Signed Integer                                                                                           ;
; EMPTY_WIDTH           ; 1     ; Signed Integer                                                                                           ;
; ERROR_WIDTH           ; 0     ; Signed Integer                                                                                           ;
; FIFO_DEPTH            ; 3     ; Signed Integer                                                                                           ;
; MEM_TYPE              ; M20K  ; String                                                                                                   ;
; SYMBOLS_PER_BEAT      ; 1     ; Signed Integer                                                                                           ;
; SYNC_RESET            ; 0     ; Signed Integer                                                                                           ;
; USE_ALMOST_EMPTY_IF   ; 0     ; Signed Integer                                                                                           ;
; USE_ALMOST_FULL_IF    ; 0     ; Signed Integer                                                                                           ;
; USE_FILL_LEVEL        ; 0     ; Signed Integer                                                                                           ;
; USE_MEMORY_BLOCKS     ; 0     ; Signed Integer                                                                                           ;
; USE_PACKETS           ; 0     ; Signed Integer                                                                                           ;
; USE_STORE_FORWARD     ; 0     ; Signed Integer                                                                                           ;
+-----------------------+-------+----------------------------------------------------------------------------------------------------------+
All Instances:
u0|mm_interconnect_0|cpu_dm_agent_agent_rdata_fifo



+-----------------------------------------------------------------------------------------------------------------------------------------------------+
; Parameter Settings for User Entity sys_altera_merlin_traffic_limiter_1921_7c7jj4q Instance: u0|mm_interconnect_0|cpu_instruction_manager_rd_limiter ;
+--------------------------------------+-------+------------------------------------------------------------------------------------------------------+
; Parameter Name                       ; Value ; Type                                                                                                 ;
+--------------------------------------+-------+------------------------------------------------------------------------------------------------------+
; ENABLE_CONCURRENT_SUBORDINATE_ACCESS ; 0     ; Signed Integer                                                                                       ;
; ENABLE_OOO                           ; 0     ; Signed Integer                                                                                       ;
; ENFORCE_ORDER                        ; 1     ; Signed Integer                                                                                       ;
; MAX_OUTSTANDING_RESPONSES            ; 5     ; Signed Integer                                                                                       ;
; NO_REPEATED_IDS_BETWEEN_SUBORDINATES ; 0     ; Signed Integer                                                                                       ;
; PIPELINED                            ; 0     ; Signed Integer                                                                                       ;
; PKT_BYTEEN_H                         ; 35    ; Signed Integer                                                                                       ;
; PKT_BYTEEN_L                         ; 32    ; Signed Integer                                                                                       ;
; PKT_BYTE_CNT_H                       ; 84    ; Signed Integer                                                                                       ;
; PKT_BYTE_CNT_L                       ; 74    ; Signed Integer                                                                                       ;
; PKT_DEST_ID_H                        ; 109   ; Signed Integer                                                                                       ;
; PKT_DEST_ID_L                        ; 107   ; Signed Integer                                                                                       ;
; PKT_SRC_ID_H                         ; 106   ; Signed Integer                                                                                       ;
; PKT_SRC_ID_L                         ; 104   ; Signed Integer                                                                                       ;
; PKT_THREAD_ID_H                      ; 0     ; Signed Integer                                                                                       ;
; PKT_THREAD_ID_L                      ; 0     ; Signed Integer                                                                                       ;
; PKT_TRANS_POSTED                     ; 69    ; Signed Integer                                                                                       ;
; PKT_TRANS_READ                       ; 0     ; Signed Integer                                                                                       ;
; PKT_TRANS_SEQ_H                      ; 143   ; Signed Integer                                                                                       ;
; PKT_TRANS_SEQ_L                      ; 140   ; Signed Integer                                                                                       ;
; PKT_TRANS_WRITE                      ; 70    ; Signed Integer                                                                                       ;
; PREVENT_HAZARDS                      ; 0     ; Signed Integer                                                                                       ;
; REORDER                              ; 0     ; Signed Integer                                                                                       ;
; ST_CHANNEL_W                         ; 5     ; Signed Integer                                                                                       ;
; ST_DATA_W                            ; 144   ; Signed Integer                                                                                       ;
; SUPPORTS_NONPOSTED_WRITES            ; 0     ; Signed Integer                                                                                       ;
; SUPPORTS_POSTED_WRITES               ; 1     ; Signed Integer                                                                                       ;
; SYNC_RESET                           ; 0     ; Signed Integer                                                                                       ;
; USE_FIFO                             ; 0     ; Signed Integer                                                                                       ;
; VALID_WIDTH                          ; 5     ; Signed Integer                                                                                       ;
+--------------------------------------+-------+------------------------------------------------------------------------------------------------------+
All Instances:
u0|mm_interconnect_0|cpu_instruction_manager_wr_limiter
u0|mm_interconnect_0|cpu_instruction_manager_rd_limiter



+-------------------------------------------------------------------------------------------------------------------------------------------------+
; Parameter Settings for User Entity sys_altera_merlin_burst_adapter_1932_yh5s4ha Instance: u0|mm_interconnect_0|cpu_timer_sw_agent_burst_adapter ;
+---------------------------+-------+-------------------------------------------------------------------------------------------------------------+
; Parameter Name            ; Value ; Type                                                                                                        ;
+---------------------------+-------+-------------------------------------------------------------------------------------------------------------+
; ADAPTER_VERSION           ; 13.1  ; String                                                                                                      ;
; BURSTWRAP_CONST_MASK      ; 0     ; Signed Integer                                                                                              ;
; BURSTWRAP_CONST_VALUE     ; 0     ; Signed Integer                                                                                              ;
; BYTEENABLE_SYNTHESIS      ; 1     ; Signed Integer                                                                                              ;
; COMPRESSED_READ_SUPPORT   ; 1     ; Signed Integer                                                                                              ;
; ENABLE_OOO                ; 0     ; Signed Integer                                                                                              ;
; INCOMPLETE_WRAP_SUPPORT   ; 0     ; Signed Integer                                                                                              ;
; IN_NARROW_SIZE            ; 1     ; Signed Integer                                                                                              ;
; NO_WRAP_SUPPORT           ; 0     ; Signed Integer                                                                                              ;
; OUT_BURSTWRAP_H           ; 91    ; Signed Integer                                                                                              ;
; OUT_BYTE_CNT_H            ; 76    ; Signed Integer                                                                                              ;
; OUT_COMPLETE_WRAP         ; 0     ; Signed Integer                                                                                              ;
; OUT_FIXED                 ; 0     ; Signed Integer                                                                                              ;
; OUT_NARROW_SIZE           ; 0     ; Signed Integer                                                                                              ;
; PIPE_INPUTS               ; 0     ; Signed Integer                                                                                              ;
; PKT_ADDR_H                ; 67    ; Signed Integer                                                                                              ;
; PKT_ADDR_L                ; 36    ; Signed Integer                                                                                              ;
; PKT_BEGIN_BURST           ; 99    ; Signed Integer                                                                                              ;
; PKT_BURSTWRAP_H           ; 91    ; Signed Integer                                                                                              ;
; PKT_BURSTWRAP_L           ; 85    ; Signed Integer                                                                                              ;
; PKT_BURST_SIZE_H          ; 94    ; Signed Integer                                                                                              ;
; PKT_BURST_SIZE_L          ; 92    ; Signed Integer                                                                                              ;
; PKT_BURST_TYPE_H          ; 96    ; Signed Integer                                                                                              ;
; PKT_BURST_TYPE_L          ; 95    ; Signed Integer                                                                                              ;
; PKT_BYTEEN_H              ; 35    ; Signed Integer                                                                                              ;
; PKT_BYTEEN_L              ; 32    ; Signed Integer                                                                                              ;
; PKT_BYTE_CNT_H            ; 84    ; Signed Integer                                                                                              ;
; PKT_BYTE_CNT_L            ; 74    ; Signed Integer                                                                                              ;
; PKT_EOP_OOO               ; 89    ; Signed Integer                                                                                              ;
; PKT_SAI_H                 ; 89    ; Signed Integer                                                                                              ;
; PKT_SAI_L                 ; 89    ; Signed Integer                                                                                              ;
; PKT_SOP_OOO               ; 90    ; Signed Integer                                                                                              ;
; PKT_TRANS_COMPRESSED_READ ; 68    ; Signed Integer                                                                                              ;
; PKT_TRANS_READ            ; 71    ; Signed Integer                                                                                              ;
; PKT_TRANS_WRITE           ; 70    ; Signed Integer                                                                                              ;
; ROLE_BASED_USER           ; 0     ; Signed Integer                                                                                              ;
; ST_CHANNEL_W              ; 5     ; Signed Integer                                                                                              ;
; ST_DATA_W                 ; 144   ; Signed Integer                                                                                              ;
; SYNC_RESET                ; 0     ; Signed Integer                                                                                              ;
+---------------------------+-------+-------------------------------------------------------------------------------------------------------------+
All Instances:
u0|mm_interconnect_0|jtag_uart_avalon_jtag_slave_burst_adapter
u0|mm_interconnect_0|sysid_qsys_0_control_slave_burst_adapter
u0|mm_interconnect_0|cpu_dm_agent_burst_adapter
u0|mm_interconnect_0|ram_s1_burst_adapter
u0|mm_interconnect_0|cpu_timer_sw_agent_burst_adapter



+-----------------------------------------------------------------------------------------------------------+
; Parameter Settings for User Entity altera_reset_synchronizer Instance: u0|rst_controller|alt_rst_sync_uq1 ;
+----------------+-------+----------------------------------------------------------------------------------+
; Parameter Name ; Value ; Type                                                                             ;
+----------------+-------+----------------------------------------------------------------------------------+
; ASYNC_RESET    ; 1     ; Unsigned Binary                                                                  ;
; DEPTH          ; 2     ; Signed Integer                                                                   ;
+----------------+-------+----------------------------------------------------------------------------------+
All Instances:
u0|rst_controller|alt_rst_sync_uq1



+-----------------------------------------------------------------------------------------------------------------+
; Parameter Settings for User Entity altera_reset_synchronizer_1 Instance: u0|rst_controller|alt_rst_req_sync_uq1 ;
+----------------+-------+----------------------------------------------------------------------------------------+
; Parameter Name ; Value ; Type                                                                                   ;
+----------------+-------+----------------------------------------------------------------------------------------+
; ASYNC_RESET    ; 0     ; Signed Integer                                                                         ;
; DEPTH          ; 2     ; Signed Integer                                                                         ;
+----------------+-------+----------------------------------------------------------------------------------------+
All Instances:
u0|rst_controller|alt_rst_req_sync_uq1



+----------------------------------------------------------------------------------------------------------------+
; Parameter Settings for User Entity cpu_intel_niosv_g_unit_220_ydggj7q Instance: u0|cpu|intel_niosv_g_inst|hart ;
+--------------------------+----------------------------------+--------------------------------------------------+
; Parameter Name           ; Value                            ; Type                                             ;
+--------------------------+----------------------------------+--------------------------------------------------+
; CORE_EXTN                ; 4352                             ; Signed Integer                                   ;
; DATA_CACHE_SIZE          ; 4096                             ; Signed Integer                                   ;
; DBG_DATA_S_BASE          ; 00000000010000000000000000000000 ; Unsigned Binary                                  ;
; DBG_EXPN_VECTOR          ; 00000000010000000000000000000000 ; Unsigned Binary                                  ;
; DBG_PARK_LOOP_OFFSET     ; 00000000000000000000000000011000 ; Unsigned Binary                                  ;
; DEBUG_ENABLED            ; 1                                ; Signed Integer                                   ;
; DEVICE_FAMILY            ; Arria 10                         ; String                                           ;
; DTCM1_BASE               ; 00000000000000000000000000000000 ; Unsigned Binary                                  ;
; DTCM1_INIT_FILE          ;                                  ; String                                           ;
; DTCM1_SIZE               ; 0                                ; Signed Integer                                   ;
; DTCM2_BASE               ; 00000000000000000000000000000000 ; Unsigned Binary                                  ;
; DTCM2_INIT_FILE          ;                                  ; String                                           ;
; DTCM2_SIZE               ; 0                                ; Signed Integer                                   ;
; DTCS1_ADDR_WIDTH         ; 10                               ; Signed Integer                                   ;
; DTCS2_ADDR_WIDTH         ; 10                               ; Signed Integer                                   ;
; ECC_EN                   ; 0                                ; Signed Integer                                   ;
; HARTID                   ; 00000000000000000000000000000000 ; Unsigned Binary                                  ;
; INST_CACHE_SIZE          ; 4096                             ; Signed Integer                                   ;
; ITCM1_BASE               ; 00000000000000000000000000000000 ; Unsigned Binary                                  ;
; ITCM1_INIT_FILE          ;                                  ; String                                           ;
; ITCM1_SIZE               ; 0                                ; Signed Integer                                   ;
; ITCM2_BASE               ; 00000000000000000000000000000000 ; Unsigned Binary                                  ;
; ITCM2_INIT_FILE          ;                                  ; String                                           ;
; ITCM2_SIZE               ; 0                                ; Signed Integer                                   ;
; ITCS1_ADDR_WIDTH         ; 10                               ; Signed Integer                                   ;
; ITCS2_ADDR_WIDTH         ; 10                               ; Signed Integer                                   ;
; PERIPHERAL_REGION_A_BASE ; 00000000000000000000000000000000 ; Unsigned Binary                                  ;
; PERIPHERAL_REGION_A_SIZE ; 524288                           ; Signed Integer                                   ;
; PERIPHERAL_REGION_B_BASE ; 00000000000000000000000000000000 ; Unsigned Binary                                  ;
; PERIPHERAL_REGION_B_SIZE ; 0                                ; Signed Integer                                   ;
; RESET_VECTOR             ; 00000000000000000000000000000000 ; Unsigned Binary                                  ;
; TIMER_MSIP_DATA_S_BASE   ; 00000000010000010000000000000000 ; Unsigned Binary                                  ;
; USE_RESET_REQ            ; 0                                ; Signed Integer                                   ;
+--------------------------+----------------------------------+--------------------------------------------------+
All Instances:
u0|cpu|intel_niosv_g_inst|hart



+----------------------------------------------------------------------------+
; Parameter Settings for User Entity SysArray Instance: u0|nvmm_0|nvmm_0|SYS ;
+----------------+-------+---------------------------------------------------+
; Parameter Name ; Value ; Type                                              ;
+----------------+-------+---------------------------------------------------+
; N              ; 4     ; Untyped                                           ;
+----------------+-------+---------------------------------------------------+
All Instances:
u0|nvmm_0|nvmm_0|SYS



+------------------------------------------------------------------------------------------------------------------------------------------------------------------------------------------------+
; Parameter Settings for User Entity altera_syncram Instance: u0|ram|intel_onchip_memory_0|altera_syncram_component                                                                              ;
+------------------------------------------------------------+------------------------------------------------------------------------------------------------------------------+----------------+
; Parameter Name                                             ; Value                                                                                                            ; Type           ;
+------------------------------------------------------------+------------------------------------------------------------------------------------------------------------------+----------------+
; ACF_BLOCK_RAM_AND_MLAB_EQUIVALENT_PAUSED_READ_CAPABILITIES ; DONT CARE                                                                                                        ; Untyped        ;
; ACF_BLOCK_RAM_AND_MLAB_EQUIVALENT_POWER_UP_CONDITIONS      ; AUTO                                                                                                             ; Untyped        ;
; ACF_DISABLE_MLAB_RAM_USE                                   ; FALSE                                                                                                            ; Untyped        ;
; ACF_IMPLEMENT_MLAB_IN_16_BIT_DEEP_MODE                     ; FALSE                                                                                                            ; Untyped        ;
; ADDRESS_ACLR_A                                             ; UNUSED                                                                                                           ; Untyped        ;
; ADDRESS_ACLR_B                                             ; NONE                                                                                                             ; Untyped        ;
; ADDRESS_REG_B                                              ; CLOCK1                                                                                                           ; Untyped        ;
; BYTEENA_REG_B                                              ; CLOCK1                                                                                                           ; Untyped        ;
; BYTE_SIZE                                                  ; 8                                                                                                                ; Signed Integer ;
; CBXI_PARAMETER                                             ; altera_syncram_0dat1                                                                                             ; Untyped        ;
; CLKEN_POWER_OPTIMIZATION                                   ; OFF                                                                                                              ; Untyped        ;
; CLOCK_DUTY_CYCLE_DEPENDENCE                                ; AUTO                                                                                                             ; Untyped        ;
; CLOCK_ENABLE_CORE_A                                        ; USE_INPUT_CLKEN                                                                                                  ; Untyped        ;
; CLOCK_ENABLE_CORE_B                                        ; USE_INPUT_CLKEN                                                                                                  ; Untyped        ;
; CLOCK_ENABLE_INPUT_A                                       ; NORMAL                                                                                                           ; String         ;
; CLOCK_ENABLE_INPUT_B                                       ; NORMAL                                                                                                           ; Untyped        ;
; CLOCK_ENABLE_OUTPUT_A                                      ; BYPASS                                                                                                           ; String         ;
; CLOCK_ENABLE_OUTPUT_B                                      ; NORMAL                                                                                                           ; Untyped        ;
; ECC_PIPELINE_STAGE_ENABLED                                 ; FALSE                                                                                                            ; Untyped        ;
; ENABLE_COHERENT_READ                                       ; FALSE                                                                                                            ; Untyped        ;
; ENABLE_ECC                                                 ; FALSE                                                                                                            ; Untyped        ;
; ENABLE_ECC_ENCODER_BYPASS                                  ; FALSE                                                                                                            ; Untyped        ;
; ENABLE_FORCE_TO_ZERO                                       ; FALSE                                                                                                            ; Untyped        ;
; ENABLE_RUNTIME_MOD                                         ; NO                                                                                                               ; Untyped        ;
; IMPLEMENT_IN_LES                                           ; OFF                                                                                                              ; Untyped        ;
; INDATA_REG_B                                               ; CLOCK1                                                                                                           ; Untyped        ;
; INIT_FILE                                                  ; ip/sys/sys_intel_onchip_memory_0/intel_onchip_memory_148/synth/sys_intel_onchip_memory_0_intel_onchi <truncated> ; Untyped        ;
; INIT_FILE_LAYOUT                                           ; Port_A                                                                                                           ; String         ;
; INSTANCE_NAME                                              ; UNUSED                                                                                                           ; Untyped        ;
; LOW_POWER_MODE                                             ; AUTO                                                                                                             ; Untyped        ;
; MAXIMUM_DEPTH                                              ; 0                                                                                                                ; Untyped        ;
; NUMWORDS_A                                                 ; 655360                                                                                                           ; Signed Integer ;
; NUMWORDS_B                                                 ; 0                                                                                                                ; Untyped        ;
; OPERATION_MODE                                             ; SINGLE_PORT                                                                                                      ; String         ;
; OPTIMIZATION_OPTION                                        ; AUTO                                                                                                             ; Untyped        ;
; OUTDATA_ACLR_A                                             ; NONE                                                                                                             ; String         ;
; OUTDATA_ACLR_B                                             ; NONE                                                                                                             ; Untyped        ;
; OUTDATA_REG_A                                              ; UNREGISTERED                                                                                                     ; String         ;
; OUTDATA_REG_B                                              ; UNREGISTERED                                                                                                     ; Untyped        ;
; OUTDATA_SCLR_A                                             ; NONE                                                                                                             ; String         ;
; OUTDATA_SCLR_B                                             ; NONE                                                                                                             ; Untyped        ;
; POWER_UP_UNINITIALIZED                                     ; FALSE                                                                                                            ; Untyped        ;
; RAM_BLOCK_TYPE                                             ; AUTO                                                                                                             ; String         ;
; RDCONTROL_REG_B                                            ; CLOCK1                                                                                                           ; Untyped        ;
; RDEN_POWER_OPTIMIZATION                                    ; OFF                                                                                                              ; Untyped        ;
; READ_DURING_WRITE_MODE_MIXED_PORTS                         ; DONT_CARE                                                                                                        ; Untyped        ;
; READ_DURING_WRITE_MODE_PORT_A                              ; DONT_CARE                                                                                                        ; String         ;
; READ_DURING_WRITE_MODE_PORT_B                              ; NEW_DATA_NO_NBE_READ                                                                                             ; Untyped        ;
; WIDTHAD2_A                                                 ; 1                                                                                                                ; Untyped        ;
; WIDTHAD2_B                                                 ; 1                                                                                                                ; Untyped        ;
; WIDTHAD_A                                                  ; 20                                                                                                               ; Signed Integer ;
; WIDTHAD_B                                                  ; 1                                                                                                                ; Untyped        ;
; WIDTH_A                                                    ; 32                                                                                                               ; Signed Integer ;
; WIDTH_B                                                    ; 1                                                                                                                ; Untyped        ;
; WIDTH_BYTEENA_A                                            ; 4                                                                                                                ; Signed Integer ;
; WIDTH_BYTEENA_B                                            ; 1                                                                                                                ; Untyped        ;
; WIDTH_ECCENCPARITY                                         ; 8                                                                                                                ; Untyped        ;
; WIDTH_ECCSTATUS                                            ; 3                                                                                                                ; Untyped        ;
; WREN_POWER_OPTIMIZATION                                    ; OFF                                                                                                              ; Untyped        ;
; init_file_restructured                                     ; UNUSED                                                                                                           ; Untyped        ;
; intended_device_family                                     ; Arria 10                                                                                                         ; String         ;
; lpm_type                                                   ; altera_syncram                                                                                                   ; String         ;
+------------------------------------------------------------+------------------------------------------------------------------------------------------------------------------+----------------+
All Instances:
u0|ram|intel_onchip_memory_0|altera_syncram_component



+-------------------------------------------------------------------------------------------------------------------------------------------------------+
; Parameter Settings for User Entity altera_merlin_address_alignment Instance: u0|mm_interconnect_0|cpu_instruction_manager_agent|align_address_to_size ;
+-------------------+-------+---------------------------------------------------------------------------------------------------------------------------+
; Parameter Name    ; Value ; Type                                                                                                                      ;
+-------------------+-------+---------------------------------------------------------------------------------------------------------------------------+
; ADDR_W            ; 32    ; Signed Integer                                                                                                            ;
; BURSTWRAP_W       ; 7     ; Signed Integer                                                                                                            ;
; INCREMENT_ADDRESS ; 1     ; Signed Integer                                                                                                            ;
; IN_DATA_W         ; 43    ; Signed Integer                                                                                                            ;
; NUMSYMBOLS        ; 4     ; Signed Integer                                                                                                            ;
; OUT_DATA_W        ; 34    ; Signed Integer                                                                                                            ;
; SELECT_BITS       ; 2     ; Signed Integer                                                                                                            ;
; SIZE_W            ; 3     ; Signed Integer                                                                                                            ;
; SYNC_RESET        ; 0     ; Signed Integer                                                                                                            ;
; TYPE_W            ; 2     ; Signed Integer                                                                                                            ;
+-------------------+-------+---------------------------------------------------------------------------------------------------------------------------+
All Instances:
u0|mm_interconnect_0|cpu_data_manager_agent|align_address_to_size
u0|mm_interconnect_0|cpu_instruction_manager_agent|align_address_to_size



+------------------------------------------------------------------------------------------------------------------------------------------+
; Parameter Settings for User Entity altera_merlin_burst_uncompressor Instance: u0|mm_interconnect_0|cpu_timer_sw_agent_agent|uncompressor ;
+----------------+-------+-----------------------------------------------------------------------------------------------------------------+
; Parameter Name ; Value ; Type                                                                                                            ;
+----------------+-------+-----------------------------------------------------------------------------------------------------------------+
; ADDR_W         ; 32    ; Signed Integer                                                                                                  ;
; BURSTWRAP_W    ; 7     ; Signed Integer                                                                                                  ;
; BURST_SIZE_W   ; 3     ; Signed Integer                                                                                                  ;
; BYTE_CNT_W     ; 11    ; Signed Integer                                                                                                  ;
; PKT_SYMBOLS    ; 4     ; Signed Integer                                                                                                  ;
; SYNC_RESET     ; 0     ; Signed Integer                                                                                                  ;
+----------------+-------+-----------------------------------------------------------------------------------------------------------------+
All Instances:
u0|mm_interconnect_0|jtag_uart_avalon_jtag_slave_agent|uncompressor
u0|mm_interconnect_0|sysid_qsys_0_control_slave_agent|uncompressor
u0|mm_interconnect_0|cpu_dm_agent_agent|uncompressor
u0|mm_interconnect_0|ram_s1_agent|uncompressor
u0|mm_interconnect_0|cpu_timer_sw_agent_agent|uncompressor



+------------------------------------------------------------------------------------------------------------------------------------------------------+
; Parameter Settings for User Entity sys_altera_merlin_router_1921_fnpjlia_default_decode Instance: u0|mm_interconnect_0|router_001|the_default_decode ;
+--------------------+-------+-------------------------------------------------------------------------------------------------------------------------+
; Parameter Name     ; Value ; Type                                                                                                                    ;
+--------------------+-------+-------------------------------------------------------------------------------------------------------------------------+
; DEFAULT_CHANNEL    ; 3     ; Signed Integer                                                                                                          ;
; DEFAULT_DESTID     ; 3     ; Signed Integer                                                                                                          ;
; DEFAULT_RD_CHANNEL ; -1    ; Untyped                                                                                                                 ;
; DEFAULT_WR_CHANNEL ; -1    ; Untyped                                                                                                                 ;
+--------------------+-------+-------------------------------------------------------------------------------------------------------------------------+
All Instances:
u0|mm_interconnect_0|router|the_default_decode
u0|mm_interconnect_0|router_001|the_default_decode



+------------------------------------------------------------------------------------------------------------------------------------------------------+
; Parameter Settings for User Entity sys_altera_merlin_router_1921_vakuffa_default_decode Instance: u0|mm_interconnect_0|router_003|the_default_decode ;
+--------------------+-------+-------------------------------------------------------------------------------------------------------------------------+
; Parameter Name     ; Value ; Type                                                                                                                    ;
+--------------------+-------+-------------------------------------------------------------------------------------------------------------------------+
; DEFAULT_CHANNEL    ; 1     ; Signed Integer                                                                                                          ;
; DEFAULT_DESTID     ; 3     ; Signed Integer                                                                                                          ;
; DEFAULT_RD_CHANNEL ; -1    ; Untyped                                                                                                                 ;
; DEFAULT_WR_CHANNEL ; -1    ; Untyped                                                                                                                 ;
+--------------------+-------+-------------------------------------------------------------------------------------------------------------------------+
All Instances:
u0|mm_interconnect_0|router_002|the_default_decode
u0|mm_interconnect_0|router_003|the_default_decode



+------------------------------------------------------------------------------------------------------------------------------------------------------+
; Parameter Settings for User Entity sys_altera_merlin_router_1921_7fls4eq_default_decode Instance: u0|mm_interconnect_0|router_008|the_default_decode ;
+--------------------+-------+-------------------------------------------------------------------------------------------------------------------------+
; Parameter Name     ; Value ; Type                                                                                                                    ;
+--------------------+-------+-------------------------------------------------------------------------------------------------------------------------+
; DEFAULT_CHANNEL    ; -1    ; Untyped                                                                                                                 ;
; DEFAULT_DESTID     ; 0     ; Signed Integer                                                                                                          ;
; DEFAULT_RD_CHANNEL ; 1     ; Signed Integer                                                                                                          ;
; DEFAULT_WR_CHANNEL ; 0     ; Signed Integer                                                                                                          ;
+--------------------+-------+-------------------------------------------------------------------------------------------------------------------------+
All Instances:
u0|mm_interconnect_0|router_004|the_default_decode
u0|mm_interconnect_0|router_005|the_default_decode
u0|mm_interconnect_0|router_008|the_default_decode



+------------------------------------------------------------------------------------------------------------------------------------------------------+
; Parameter Settings for User Entity sys_altera_merlin_router_1921_42yp2zy_default_decode Instance: u0|mm_interconnect_0|router_007|the_default_decode ;
+--------------------+-------+-------------------------------------------------------------------------------------------------------------------------+
; Parameter Name     ; Value ; Type                                                                                                                    ;
+--------------------+-------+-------------------------------------------------------------------------------------------------------------------------+
; DEFAULT_CHANNEL    ; -1    ; Untyped                                                                                                                 ;
; DEFAULT_DESTID     ; 0     ; Signed Integer                                                                                                          ;
; DEFAULT_RD_CHANNEL ; 1     ; Signed Integer                                                                                                          ;
; DEFAULT_WR_CHANNEL ; 0     ; Signed Integer                                                                                                          ;
+--------------------+-------+-------------------------------------------------------------------------------------------------------------------------+
All Instances:
u0|mm_interconnect_0|router_006|the_default_decode
u0|mm_interconnect_0|router_007|the_default_decode



+------------------------------------------------------------------------------------------------------------------------------------------------------------------------------------+
; Parameter Settings for User Entity altera_merlin_burst_adapter_13_1 Instance: u0|mm_interconnect_0|cpu_timer_sw_agent_burst_adapter|altera_merlin_burst_adapter_13_1.burst_adapter ;
+---------------------------+-------+------------------------------------------------------------------------------------------------------------------------------------------------+
; Parameter Name            ; Value ; Type                                                                                                                                           ;
+---------------------------+-------+------------------------------------------------------------------------------------------------------------------------------------------------+
; BURSTWRAP_CONST_MASK      ; 0     ; Signed Integer                                                                                                                                 ;
; BURSTWRAP_CONST_VALUE     ; 0     ; Signed Integer                                                                                                                                 ;
; BYTEENABLE_SYNTHESIS      ; 1     ; Signed Integer                                                                                                                                 ;
; ENABLE_OOO                ; 0     ; Signed Integer                                                                                                                                 ;
; IN_NARROW_SIZE            ; 1     ; Signed Integer                                                                                                                                 ;
; NO_WRAP_SUPPORT           ; 0     ; Signed Integer                                                                                                                                 ;
; OUT_BURSTWRAP_H           ; 91    ; Signed Integer                                                                                                                                 ;
; OUT_BYTE_CNT_H            ; 76    ; Signed Integer                                                                                                                                 ;
; OUT_COMPLETE_WRAP         ; 0     ; Signed Integer                                                                                                                                 ;
; OUT_FIXED                 ; 0     ; Signed Integer                                                                                                                                 ;
; OUT_NARROW_SIZE           ; 0     ; Signed Integer                                                                                                                                 ;
; PIPE_INPUTS               ; 0     ; Signed Integer                                                                                                                                 ;
; PKT_ADDR_H                ; 67    ; Signed Integer                                                                                                                                 ;
; PKT_ADDR_L                ; 36    ; Signed Integer                                                                                                                                 ;
; PKT_BEGIN_BURST           ; 99    ; Signed Integer                                                                                                                                 ;
; PKT_BURSTWRAP_H           ; 91    ; Signed Integer                                                                                                                                 ;
; PKT_BURSTWRAP_L           ; 85    ; Signed Integer                                                                                                                                 ;
; PKT_BURST_SIZE_H          ; 94    ; Signed Integer                                                                                                                                 ;
; PKT_BURST_SIZE_L          ; 92    ; Signed Integer                                                                                                                                 ;
; PKT_BURST_TYPE_H          ; 96    ; Signed Integer                                                                                                                                 ;
; PKT_BURST_TYPE_L          ; 95    ; Signed Integer                                                                                                                                 ;
; PKT_BYTEEN_H              ; 35    ; Signed Integer                                                                                                                                 ;
; PKT_BYTEEN_L              ; 32    ; Signed Integer                                                                                                                                 ;
; PKT_BYTE_CNT_H            ; 84    ; Signed Integer                                                                                                                                 ;
; PKT_BYTE_CNT_L            ; 74    ; Signed Integer                                                                                                                                 ;
; PKT_EOP_OOO               ; 89    ; Signed Integer                                                                                                                                 ;
; PKT_SAI_H                 ; 89    ; Signed Integer                                                                                                                                 ;
; PKT_SAI_L                 ; 89    ; Signed Integer                                                                                                                                 ;
; PKT_SOP_OOO               ; 90    ; Signed Integer                                                                                                                                 ;
; PKT_TRANS_COMPRESSED_READ ; 68    ; Signed Integer                                                                                                                                 ;
; PKT_TRANS_READ            ; 71    ; Signed Integer                                                                                                                                 ;
; PKT_TRANS_WRITE           ; 70    ; Signed Integer                                                                                                                                 ;
; ROLE_BASED_USER           ; 0     ; Signed Integer                                                                                                                                 ;
; ST_CHANNEL_W              ; 5     ; Signed Integer                                                                                                                                 ;
; ST_DATA_W                 ; 144   ; Signed Integer                                                                                                                                 ;
; SYNC_RESET                ; 0     ; Signed Integer                                                                                                                                 ;
+---------------------------+-------+------------------------------------------------------------------------------------------------------------------------------------------------+
All Instances:
u0|mm_interconnect_0|jtag_uart_avalon_jtag_slave_burst_adapter|altera_merlin_burst_adapter_13_1.burst_adapter
u0|mm_interconnect_0|sysid_qsys_0_control_slave_burst_adapter|altera_merlin_burst_adapter_13_1.burst_adapter
u0|mm_interconnect_0|cpu_dm_agent_burst_adapter|altera_merlin_burst_adapter_13_1.burst_adapter
u0|mm_interconnect_0|ram_s1_burst_adapter|altera_merlin_burst_adapter_13_1.burst_adapter
u0|mm_interconnect_0|cpu_timer_sw_agent_burst_adapter|altera_merlin_burst_adapter_13_1.burst_adapter



+------------------------------------------------------------------------------------------------------------+
; Parameter Settings for User Entity altera_merlin_arbitrator Instance: u0|mm_interconnect_0|cmd_mux_004|arb ;
+----------------+-------------+-----------------------------------------------------------------------------+
; Parameter Name ; Value       ; Type                                                                        ;
+----------------+-------------+-----------------------------------------------------------------------------+
; NUM_REQUESTERS ; 2           ; Signed Integer                                                              ;
; PIPELINE       ; 1           ; Signed Integer                                                              ;
; SCHEME         ; round-robin ; String                                                                      ;
; SYNC_RESET     ; 0           ; Signed Integer                                                              ;
+----------------+-------------+-----------------------------------------------------------------------------+
All Instances:
u0|mm_interconnect_0|cmd_mux|arb
u0|mm_interconnect_0|cmd_mux_001|arb
u0|mm_interconnect_0|cmd_mux_004|arb



+--------------------------------------------------------------------------------------------------------------+
; Parameter Settings for User Entity altera_merlin_arbitrator_1 Instance: u0|mm_interconnect_0|cmd_mux_003|arb ;
+----------------+-------------+-------------------------------------------------------------------------------+
; Parameter Name ; Value       ; Type                                                                          ;
+----------------+-------------+-------------------------------------------------------------------------------+
; NUM_REQUESTERS ; 4           ; Signed Integer                                                                ;
; PIPELINE       ; 1           ; Signed Integer                                                                ;
; SCHEME         ; round-robin ; String                                                                        ;
; SYNC_RESET     ; 0           ; Signed Integer                                                                ;
+----------------+-------------+-------------------------------------------------------------------------------+
All Instances:
u0|mm_interconnect_0|cmd_mux_002|arb
u0|mm_interconnect_0|cmd_mux_003|arb



+--------------------------------------------------------------------------------------------------------------+
; Parameter Settings for User Entity altera_merlin_arbitrator_2 Instance: u0|mm_interconnect_0|rsp_mux_001|arb ;
+----------------+--------+------------------------------------------------------------------------------------+
; Parameter Name ; Value  ; Type                                                                               ;
+----------------+--------+------------------------------------------------------------------------------------+
; NUM_REQUESTERS ; 5      ; Signed Integer                                                                     ;
; PIPELINE       ; 0      ; Signed Integer                                                                     ;
; SCHEME         ; no-arb ; String                                                                             ;
; SYNC_RESET     ; 0      ; Signed Integer                                                                     ;
+----------------+--------+------------------------------------------------------------------------------------+
All Instances:
u0|mm_interconnect_0|rsp_mux|arb
u0|mm_interconnect_0|rsp_mux_001|arb



+--------------------------------------------------------------------------------------------------------------+
; Parameter Settings for User Entity altera_merlin_arbitrator_3 Instance: u0|mm_interconnect_0|rsp_mux_003|arb ;
+----------------+--------+------------------------------------------------------------------------------------+
; Parameter Name ; Value  ; Type                                                                               ;
+----------------+--------+------------------------------------------------------------------------------------+
; NUM_REQUESTERS ; 2      ; Signed Integer                                                                     ;
; PIPELINE       ; 0      ; Signed Integer                                                                     ;
; SCHEME         ; no-arb ; String                                                                             ;
; SYNC_RESET     ; 0      ; Signed Integer                                                                     ;
+----------------+--------+------------------------------------------------------------------------------------+
All Instances:
u0|mm_interconnect_0|rsp_mux_002|arb
u0|mm_interconnect_0|rsp_mux_003|arb



+---------------------------------------------------------------------------------------------------------------------------------------+
; Parameter Settings for User Entity niosv_g_core_cpu_intel_niosv_g_unit_220_ydggj7q Instance: u0|cpu|intel_niosv_g_inst|hart|core_inst ;
+--------------------------+----------------------------------+-------------------------------------------------------------------------+
; Parameter Name           ; Value                            ; Type                                                                    ;
+--------------------------+----------------------------------+-------------------------------------------------------------------------+
; BOUNDARY_ADDRESS         ; 00000000000000000000000000000000 ; Unsigned Binary                                                         ;
; CACHE_ABOVE_RANGE        ; 0                                ; Signed Integer                                                          ;
; CORE_EXTN                ; 4352                             ; Signed Integer                                                          ;
; DATA_CACHE_SIZE          ; 4096                             ; Signed Integer                                                          ;
; DBG_DATA_S_BASE          ; 00000000010000000000000000000000 ; Unsigned Binary                                                         ;
; DBG_EXPN_VECTOR          ; 00000000010000000000000000000000 ; Unsigned Binary                                                         ;
; DBG_PARK_LOOP_OFFSET     ; 00000000000000000000000000011000 ; Unsigned Binary                                                         ;
; DEBUG_ENABLED            ; 1                                ; Signed Integer                                                          ;
; DEVICE_FAMILY            ; Arria 10                         ; String                                                                  ;
; DTCM1_BASE               ; 00000000000000000000000000000000 ; Unsigned Binary                                                         ;
; DTCM1_INIT_FILE          ;                                  ; String                                                                  ;
; DTCM1_SIZE               ; 0                                ; Signed Integer                                                          ;
; DTCM2_BASE               ; 00000000000000000000000000000000 ; Unsigned Binary                                                         ;
; DTCM2_INIT_FILE          ;                                  ; String                                                                  ;
; DTCM2_SIZE               ; 0                                ; Signed Integer                                                          ;
; DTCS1_ADDR_WIDTH         ; 10                               ; Signed Integer                                                          ;
; DTCS2_ADDR_WIDTH         ; 10                               ; Signed Integer                                                          ;
; ECC_EN                   ; 0                                ; Signed Integer                                                          ;
; HARTID                   ; 00000000000000000000000000000000 ; Unsigned Binary                                                         ;
; INST_CACHE_SIZE          ; 4096                             ; Signed Integer                                                          ;
; ITCM1_BASE               ; 00000000000000000000000000000000 ; Unsigned Binary                                                         ;
; ITCM1_INIT_FILE          ;                                  ; String                                                                  ;
; ITCM1_SIZE               ; 0                                ; Signed Integer                                                          ;
; ITCM2_BASE               ; 00000000000000000000000000000000 ; Unsigned Binary                                                         ;
; ITCM2_INIT_FILE          ;                                  ; String                                                                  ;
; ITCM2_SIZE               ; 0                                ; Signed Integer                                                          ;
; ITCS1_ADDR_WIDTH         ; 10                               ; Signed Integer                                                          ;
; ITCS2_ADDR_WIDTH         ; 10                               ; Signed Integer                                                          ;
; OPTIMIZE_ALU_AREA        ; 1                                ; Unsigned Binary                                                         ;
; PERIPHERAL_REGION_A_BASE ; 00000000000000000000000000000000 ; Unsigned Binary                                                         ;
; PERIPHERAL_REGION_A_SIZE ; 524288                           ; Signed Integer                                                          ;
; PERIPHERAL_REGION_B_BASE ; 00000000000000000000000000000000 ; Unsigned Binary                                                         ;
; PERIPHERAL_REGION_B_SIZE ; 0                                ; Signed Integer                                                          ;
; RESET_VECTOR             ; 00000000000000000000000000000000 ; Unsigned Binary                                                         ;
; TIMER_MSIP_DATA_S_BASE   ; 00000000010000010000000000000000 ; Unsigned Binary                                                         ;
; USE_RESET_REQ            ; 0                                ; Signed Integer                                                          ;
+--------------------------+----------------------------------+-------------------------------------------------------------------------+
All Instances:
u0|cpu|intel_niosv_g_inst|hart|core_inst



+-----------------------------------------------------------------------------------------------------------------------------------------------------------------+
; Parameter Settings for User Entity scfifo Instance: u0|jtag_uart|altera_avalon_jtag_uart_inst|the_jtag_uart_altera_avalon_jtag_uart_1924_dwkezqq_scfifo_w|wfifo ;
+-------------------------+---------------------+-----------------------------------------------------------------------------------------------------------------+
; Parameter Name          ; Value               ; Type                                                                                                            ;
+-------------------------+---------------------+-----------------------------------------------------------------------------------------------------------------+
; ADD_RAM_OUTPUT_REGISTER ; OFF                 ; Untyped                                                                                                         ;
; ALLOW_RWCYCLE_WHEN_FULL ; OFF                 ; Untyped                                                                                                         ;
; ALMOST_EMPTY_VALUE      ; 0                   ; Untyped                                                                                                         ;
; ALMOST_FULL_VALUE       ; 0                   ; Untyped                                                                                                         ;
; AUTO_CARRY_CHAINS       ; ON                  ; Untyped                                                                                                         ;
; AUTO_CASCADE_CHAINS     ; ON                  ; Untyped                                                                                                         ;
; CBXI_PARAMETER          ; scfifo_rh           ; Untyped                                                                                                         ;
; ENABLE_ECC              ; FALSE               ; Untyped                                                                                                         ;
; IGNORE_CARRY_BUFFERS    ; OFF                 ; Untyped                                                                                                         ;
; IGNORE_CASCADE_BUFFERS  ; OFF                 ; Untyped                                                                                                         ;
; LPM_NUMWORDS            ; 64                  ; Signed Integer                                                                                                  ;
; LPM_SHOWAHEAD           ; OFF                 ; String                                                                                                          ;
; LPM_WIDTHU              ; 6                   ; Signed Integer                                                                                                  ;
; MAXIMIZE_SPEED          ; 5                   ; Untyped                                                                                                         ;
; OVERFLOW_CHECKING       ; OFF                 ; String                                                                                                          ;
; RAM_BLOCK_TYPE          ; AUTO                ; Untyped                                                                                                         ;
; UNDERFLOW_CHECKING      ; OFF                 ; String                                                                                                          ;
; USE_EAB                 ; ON                  ; String                                                                                                          ;
; lpm_hint                ; RAM_BLOCK_TYPE=AUTO ; String                                                                                                          ;
; lpm_type                ; scfifo              ; String                                                                                                          ;
; lpm_width               ; 8                   ; Signed Integer                                                                                                  ;
+-------------------------+---------------------+-----------------------------------------------------------------------------------------------------------------+
All Instances:
u0|jtag_uart|altera_avalon_jtag_uart_inst|the_jtag_uart_altera_avalon_jtag_uart_1924_dwkezqq_scfifo_r|rfifo
u0|jtag_uart|altera_avalon_jtag_uart_inst|the_jtag_uart_altera_avalon_jtag_uart_1924_dwkezqq_scfifo_w|wfifo



+-----------------------------------------------------------------------------------------------------------------------------------------------------------------------------------------------------------+
; Parameter Settings for User Entity altera_merlin_address_alignment_1 Instance: u0|mm_interconnect_0|cpu_timer_sw_agent_burst_adapter|altera_merlin_burst_adapter_13_1.burst_adapter|align_address_to_size ;
+-------------------+-------+-------------------------------------------------------------------------------------------------------------------------------------------------------------------------------+
; Parameter Name    ; Value ; Type                                                                                                                                                                          ;
+-------------------+-------+-------------------------------------------------------------------------------------------------------------------------------------------------------------------------------+
; ADDR_W            ; 32    ; Signed Integer                                                                                                                                                                ;
; BURSTWRAP_W       ; 1     ; Signed Integer                                                                                                                                                                ;
; INCREMENT_ADDRESS ; 0     ; Signed Integer                                                                                                                                                                ;
; IN_DATA_W         ; 35    ; Signed Integer                                                                                                                                                                ;
; NUMSYMBOLS        ; 4     ; Signed Integer                                                                                                                                                                ;
; OUT_DATA_W        ; 34    ; Signed Integer                                                                                                                                                                ;
; SELECT_BITS       ; 2     ; Signed Integer                                                                                                                                                                ;
; SIZE_W            ; 3     ; Signed Integer                                                                                                                                                                ;
; SYNC_RESET        ; 0     ; Signed Integer                                                                                                                                                                ;
; TYPE_W            ; 0     ; Signed Integer                                                                                                                                                                ;
+-------------------+-------+-------------------------------------------------------------------------------------------------------------------------------------------------------------------------------+
All Instances:
u0|mm_interconnect_0|jtag_uart_avalon_jtag_slave_burst_adapter|altera_merlin_burst_adapter_13_1.burst_adapter|align_address_to_size
u0|mm_interconnect_0|sysid_qsys_0_control_slave_burst_adapter|altera_merlin_burst_adapter_13_1.burst_adapter|align_address_to_size
u0|mm_interconnect_0|cpu_dm_agent_burst_adapter|altera_merlin_burst_adapter_13_1.burst_adapter|align_address_to_size
u0|mm_interconnect_0|ram_s1_burst_adapter|altera_merlin_burst_adapter_13_1.burst_adapter|align_address_to_size
u0|mm_interconnect_0|cpu_timer_sw_agent_burst_adapter|altera_merlin_burst_adapter_13_1.burst_adapter|align_address_to_size



+---------------------------------------------------------------------------------------------------------------------------------------------------------------------------------------------------------------------------+
; Parameter Settings for User Entity altera_merlin_burst_adapter_burstwrap_increment Instance: u0|mm_interconnect_0|cpu_timer_sw_agent_burst_adapter|altera_merlin_burst_adapter_13_1.burst_adapter|the_burstwrap_increment ;
+----------------+-------+--------------------------------------------------------------------------------------------------------------------------------------------------------------------------------------------------+
; Parameter Name ; Value ; Type                                                                                                                                                                                             ;
+----------------+-------+--------------------------------------------------------------------------------------------------------------------------------------------------------------------------------------------------+
; WIDTH          ; 7     ; Signed Integer                                                                                                                                                                                   ;
+----------------+-------+--------------------------------------------------------------------------------------------------------------------------------------------------------------------------------------------------+
All Instances:
u0|mm_interconnect_0|jtag_uart_avalon_jtag_slave_burst_adapter|altera_merlin_burst_adapter_13_1.burst_adapter|the_burstwrap_increment
u0|mm_interconnect_0|sysid_qsys_0_control_slave_burst_adapter|altera_merlin_burst_adapter_13_1.burst_adapter|the_burstwrap_increment
u0|mm_interconnect_0|cpu_dm_agent_burst_adapter|altera_merlin_burst_adapter_13_1.burst_adapter|the_burstwrap_increment
u0|mm_interconnect_0|ram_s1_burst_adapter|altera_merlin_burst_adapter_13_1.burst_adapter|the_burstwrap_increment
u0|mm_interconnect_0|cpu_timer_sw_agent_burst_adapter|altera_merlin_burst_adapter_13_1.burst_adapter|the_burstwrap_increment



+-------------------------------------------------------------------------------------------------------------------------------------------------------------------------------------------+
; Parameter Settings for User Entity altera_merlin_burst_adapter_min Instance: u0|mm_interconnect_0|cpu_timer_sw_agent_burst_adapter|altera_merlin_burst_adapter_13_1.burst_adapter|the_min ;
+-------------------+-------+---------------------------------------------------------------------------------------------------------------------------------------------------------------+
; Parameter Name    ; Value ; Type                                                                                                                                                          ;
+-------------------+-------+---------------------------------------------------------------------------------------------------------------------------------------------------------------+
; PIPELINE_POSITION ; 2     ; Signed Integer                                                                                                                                                ;
; PKT_BURSTWRAP_W   ; 7     ; Signed Integer                                                                                                                                                ;
; PKT_BYTE_CNT_W    ; 11    ; Signed Integer                                                                                                                                                ;
+-------------------+-------+---------------------------------------------------------------------------------------------------------------------------------------------------------------+
All Instances:
u0|mm_interconnect_0|jtag_uart_avalon_jtag_slave_burst_adapter|altera_merlin_burst_adapter_13_1.burst_adapter|the_min
u0|mm_interconnect_0|sysid_qsys_0_control_slave_burst_adapter|altera_merlin_burst_adapter_13_1.burst_adapter|the_min
u0|mm_interconnect_0|cpu_dm_agent_burst_adapter|altera_merlin_burst_adapter_13_1.burst_adapter|the_min
u0|mm_interconnect_0|ram_s1_burst_adapter|altera_merlin_burst_adapter_13_1.burst_adapter|the_min
u0|mm_interconnect_0|cpu_timer_sw_agent_burst_adapter|altera_merlin_burst_adapter_13_1.burst_adapter|the_min



+-----------------------------------------------------------------------------------------------------------------+
; Parameter Settings for User Entity altera_merlin_arb_adder Instance: u0|mm_interconnect_0|rsp_mux_003|arb|adder ;
+----------------+-------+----------------------------------------------------------------------------------------+
; Parameter Name ; Value ; Type                                                                                   ;
+----------------+-------+----------------------------------------------------------------------------------------+
; WIDTH          ; 4     ; Signed Integer                                                                         ;
+----------------+-------+----------------------------------------------------------------------------------------+
All Instances:
u0|mm_interconnect_0|cmd_mux|arb|adder
u0|mm_interconnect_0|cmd_mux_001|arb|adder
u0|mm_interconnect_0|cmd_mux_004|arb|adder
u0|mm_interconnect_0|rsp_mux_002|arb|adder
u0|mm_interconnect_0|rsp_mux_003|arb|adder



+-------------------------------------------------------------------------------------------------------------------+
; Parameter Settings for User Entity altera_merlin_arb_adder_1 Instance: u0|mm_interconnect_0|cmd_mux_003|arb|adder ;
+----------------+-------+------------------------------------------------------------------------------------------+
; Parameter Name ; Value ; Type                                                                                     ;
+----------------+-------+------------------------------------------------------------------------------------------+
; WIDTH          ; 8     ; Signed Integer                                                                           ;
+----------------+-------+------------------------------------------------------------------------------------------+
All Instances:
u0|mm_interconnect_0|cmd_mux_002|arb|adder
u0|mm_interconnect_0|cmd_mux_003|arb|adder



+-------------------------------------------------------------------------------------------------------------------+
; Parameter Settings for User Entity altera_merlin_arb_adder_2 Instance: u0|mm_interconnect_0|rsp_mux_001|arb|adder ;
+----------------+-------+------------------------------------------------------------------------------------------+
; Parameter Name ; Value ; Type                                                                                     ;
+----------------+-------+------------------------------------------------------------------------------------------+
; WIDTH          ; 10    ; Signed Integer                                                                           ;
+----------------+-------+------------------------------------------------------------------------------------------+
All Instances:
u0|mm_interconnect_0|rsp_mux|arb|adder
u0|mm_interconnect_0|rsp_mux_001|arb|adder



+-----------------------------------------------------------------------------------------------------------------------------------------------------------+
; Parameter Settings for User Entity instr_decoder_cpu_intel_niosv_g_unit_220_ydggj7q Instance: u0|cpu|intel_niosv_g_inst|hart|core_inst|instr_decoder_inst ;
+-------------------+-------+-------------------------------------------------------------------------------------------------------------------------------+
; Parameter Name    ; Value ; Type                                                                                                                          ;
+-------------------+-------+-------------------------------------------------------------------------------------------------------------------------------+
; ATOMIC_ENABLED    ; 0     ; Unsigned Binary                                                                                                               ;
; ECC_EN            ; 0     ; Signed Integer                                                                                                                ;
; FLOAT_ENABLED     ; 0     ; Unsigned Binary                                                                                                               ;
; MULDIV_ENABLED    ; 1     ; Unsigned Binary                                                                                                               ;
; OPTIMIZE_ALU_AREA ; 1     ; Unsigned Binary                                                                                                               ;
+-------------------+-------+-------------------------------------------------------------------------------------------------------------------------------+
All Instances:
u0|cpu|intel_niosv_g_inst|hart|core_inst|instr_decoder_inst



+---------------------------------------------------------------------------------------------------------------------------------------------------------------------------------------------------------+
; Parameter Settings for User Entity altera_merlin_burst_adapter_subtractor Instance: u0|mm_interconnect_0|cpu_timer_sw_agent_burst_adapter|altera_merlin_burst_adapter_13_1.burst_adapter|the_min|dc_sub ;
+----------------+-------+--------------------------------------------------------------------------------------------------------------------------------------------------------------------------------+
; Parameter Name ; Value ; Type                                                                                                                                                                           ;
+----------------+-------+--------------------------------------------------------------------------------------------------------------------------------------------------------------------------------+
; WIDTH          ; 12    ; Signed Integer                                                                                                                                                                 ;
+----------------+-------+--------------------------------------------------------------------------------------------------------------------------------------------------------------------------------+
All Instances:
u0|mm_interconnect_0|jtag_uart_avalon_jtag_slave_burst_adapter|altera_merlin_burst_adapter_13_1.burst_adapter|the_min|db_sub
u0|mm_interconnect_0|sysid_qsys_0_control_slave_burst_adapter|altera_merlin_burst_adapter_13_1.burst_adapter|the_min|db_sub
u0|mm_interconnect_0|cpu_dm_agent_burst_adapter|altera_merlin_burst_adapter_13_1.burst_adapter|the_min|db_sub
u0|mm_interconnect_0|ram_s1_burst_adapter|altera_merlin_burst_adapter_13_1.burst_adapter|the_min|db_sub
u0|mm_interconnect_0|cpu_timer_sw_agent_burst_adapter|altera_merlin_burst_adapter_13_1.burst_adapter|the_min|db_sub
u0|mm_interconnect_0|jtag_uart_avalon_jtag_slave_burst_adapter|altera_merlin_burst_adapter_13_1.burst_adapter|the_min|da_sub
u0|mm_interconnect_0|sysid_qsys_0_control_slave_burst_adapter|altera_merlin_burst_adapter_13_1.burst_adapter|the_min|da_sub
u0|mm_interconnect_0|cpu_dm_agent_burst_adapter|altera_merlin_burst_adapter_13_1.burst_adapter|the_min|da_sub
u0|mm_interconnect_0|ram_s1_burst_adapter|altera_merlin_burst_adapter_13_1.burst_adapter|the_min|da_sub
u0|mm_interconnect_0|cpu_timer_sw_agent_burst_adapter|altera_merlin_burst_adapter_13_1.burst_adapter|the_min|da_sub
u0|mm_interconnect_0|jtag_uart_avalon_jtag_slave_burst_adapter|altera_merlin_burst_adapter_13_1.burst_adapter|the_min|bc_sub
u0|mm_interconnect_0|sysid_qsys_0_control_slave_burst_adapter|altera_merlin_burst_adapter_13_1.burst_adapter|the_min|bc_sub
u0|mm_interconnect_0|cpu_dm_agent_burst_adapter|altera_merlin_burst_adapter_13_1.burst_adapter|the_min|bc_sub
u0|mm_interconnect_0|ram_s1_burst_adapter|altera_merlin_burst_adapter_13_1.burst_adapter|the_min|bc_sub
u0|mm_interconnect_0|cpu_timer_sw_agent_burst_adapter|altera_merlin_burst_adapter_13_1.burst_adapter|the_min|bc_sub
u0|mm_interconnect_0|jtag_uart_avalon_jtag_slave_burst_adapter|altera_merlin_burst_adapter_13_1.burst_adapter|the_min|ac_sub
u0|mm_interconnect_0|sysid_qsys_0_control_slave_burst_adapter|altera_merlin_burst_adapter_13_1.burst_adapter|the_min|ac_sub
u0|mm_interconnect_0|cpu_dm_agent_burst_adapter|altera_merlin_burst_adapter_13_1.burst_adapter|the_min|ac_sub
u0|mm_interconnect_0|ram_s1_burst_adapter|altera_merlin_burst_adapter_13_1.burst_adapter|the_min|ac_sub
u0|mm_interconnect_0|cpu_timer_sw_agent_burst_adapter|altera_merlin_burst_adapter_13_1.burst_adapter|the_min|ac_sub
u0|mm_interconnect_0|jtag_uart_avalon_jtag_slave_burst_adapter|altera_merlin_burst_adapter_13_1.burst_adapter|the_min|ab_sub
u0|mm_interconnect_0|sysid_qsys_0_control_slave_burst_adapter|altera_merlin_burst_adapter_13_1.burst_adapter|the_min|ab_sub
u0|mm_interconnect_0|cpu_dm_agent_burst_adapter|altera_merlin_burst_adapter_13_1.burst_adapter|the_min|ab_sub
u0|mm_interconnect_0|ram_s1_burst_adapter|altera_merlin_burst_adapter_13_1.burst_adapter|the_min|ab_sub
u0|mm_interconnect_0|cpu_timer_sw_agent_burst_adapter|altera_merlin_burst_adapter_13_1.burst_adapter|the_min|ab_sub
u0|mm_interconnect_0|jtag_uart_avalon_jtag_slave_burst_adapter|altera_merlin_burst_adapter_13_1.burst_adapter|the_min|dc_sub
u0|mm_interconnect_0|sysid_qsys_0_control_slave_burst_adapter|altera_merlin_burst_adapter_13_1.burst_adapter|the_min|dc_sub
u0|mm_interconnect_0|cpu_dm_agent_burst_adapter|altera_merlin_burst_adapter_13_1.burst_adapter|the_min|dc_sub
u0|mm_interconnect_0|ram_s1_burst_adapter|altera_merlin_burst_adapter_13_1.burst_adapter|the_min|dc_sub
u0|mm_interconnect_0|cpu_timer_sw_agent_burst_adapter|altera_merlin_burst_adapter_13_1.burst_adapter|the_min|dc_sub



+-------------------------------------------------------------------------------------------------------------------------------------------------------------------------------------------------------------+
; Parameter Settings for User Entity altera_merlin_burst_adapter_adder Instance: u0|mm_interconnect_0|cpu_timer_sw_agent_burst_adapter|altera_merlin_burst_adapter_13_1.burst_adapter|the_min|dc_sub|subtract ;
+----------------+-------+------------------------------------------------------------------------------------------------------------------------------------------------------------------------------------+
; Parameter Name ; Value ; Type                                                                                                                                                                               ;
+----------------+-------+------------------------------------------------------------------------------------------------------------------------------------------------------------------------------------+
; WIDTH          ; 12    ; Signed Integer                                                                                                                                                                     ;
+----------------+-------+------------------------------------------------------------------------------------------------------------------------------------------------------------------------------------+
All Instances:
u0|mm_interconnect_0|jtag_uart_avalon_jtag_slave_burst_adapter|altera_merlin_burst_adapter_13_1.burst_adapter|the_min|db_sub|subtract
u0|mm_interconnect_0|sysid_qsys_0_control_slave_burst_adapter|altera_merlin_burst_adapter_13_1.burst_adapter|the_min|db_sub|subtract
u0|mm_interconnect_0|cpu_dm_agent_burst_adapter|altera_merlin_burst_adapter_13_1.burst_adapter|the_min|db_sub|subtract
u0|mm_interconnect_0|ram_s1_burst_adapter|altera_merlin_burst_adapter_13_1.burst_adapter|the_min|db_sub|subtract
u0|mm_interconnect_0|cpu_timer_sw_agent_burst_adapter|altera_merlin_burst_adapter_13_1.burst_adapter|the_min|db_sub|subtract
u0|mm_interconnect_0|jtag_uart_avalon_jtag_slave_burst_adapter|altera_merlin_burst_adapter_13_1.burst_adapter|the_min|da_sub|subtract
u0|mm_interconnect_0|sysid_qsys_0_control_slave_burst_adapter|altera_merlin_burst_adapter_13_1.burst_adapter|the_min|da_sub|subtract
u0|mm_interconnect_0|cpu_dm_agent_burst_adapter|altera_merlin_burst_adapter_13_1.burst_adapter|the_min|da_sub|subtract
u0|mm_interconnect_0|ram_s1_burst_adapter|altera_merlin_burst_adapter_13_1.burst_adapter|the_min|da_sub|subtract
u0|mm_interconnect_0|cpu_timer_sw_agent_burst_adapter|altera_merlin_burst_adapter_13_1.burst_adapter|the_min|da_sub|subtract
u0|mm_interconnect_0|jtag_uart_avalon_jtag_slave_burst_adapter|altera_merlin_burst_adapter_13_1.burst_adapter|the_min|bc_sub|subtract
u0|mm_interconnect_0|sysid_qsys_0_control_slave_burst_adapter|altera_merlin_burst_adapter_13_1.burst_adapter|the_min|bc_sub|subtract
u0|mm_interconnect_0|cpu_dm_agent_burst_adapter|altera_merlin_burst_adapter_13_1.burst_adapter|the_min|bc_sub|subtract
u0|mm_interconnect_0|ram_s1_burst_adapter|altera_merlin_burst_adapter_13_1.burst_adapter|the_min|bc_sub|subtract
u0|mm_interconnect_0|cpu_timer_sw_agent_burst_adapter|altera_merlin_burst_adapter_13_1.burst_adapter|the_min|bc_sub|subtract
u0|mm_interconnect_0|jtag_uart_avalon_jtag_slave_burst_adapter|altera_merlin_burst_adapter_13_1.burst_adapter|the_min|ac_sub|subtract
u0|mm_interconnect_0|sysid_qsys_0_control_slave_burst_adapter|altera_merlin_burst_adapter_13_1.burst_adapter|the_min|ac_sub|subtract
u0|mm_interconnect_0|cpu_dm_agent_burst_adapter|altera_merlin_burst_adapter_13_1.burst_adapter|the_min|ac_sub|subtract
u0|mm_interconnect_0|ram_s1_burst_adapter|altera_merlin_burst_adapter_13_1.burst_adapter|the_min|ac_sub|subtract
u0|mm_interconnect_0|cpu_timer_sw_agent_burst_adapter|altera_merlin_burst_adapter_13_1.burst_adapter|the_min|ac_sub|subtract
u0|mm_interconnect_0|jtag_uart_avalon_jtag_slave_burst_adapter|altera_merlin_burst_adapter_13_1.burst_adapter|the_min|ab_sub|subtract
u0|mm_interconnect_0|sysid_qsys_0_control_slave_burst_adapter|altera_merlin_burst_adapter_13_1.burst_adapter|the_min|ab_sub|subtract
u0|mm_interconnect_0|cpu_dm_agent_burst_adapter|altera_merlin_burst_adapter_13_1.burst_adapter|the_min|ab_sub|subtract
u0|mm_interconnect_0|ram_s1_burst_adapter|altera_merlin_burst_adapter_13_1.burst_adapter|the_min|ab_sub|subtract
u0|mm_interconnect_0|cpu_timer_sw_agent_burst_adapter|altera_merlin_burst_adapter_13_1.burst_adapter|the_min|ab_sub|subtract
u0|mm_interconnect_0|jtag_uart_avalon_jtag_slave_burst_adapter|altera_merlin_burst_adapter_13_1.burst_adapter|the_min|dc_sub|subtract
u0|mm_interconnect_0|sysid_qsys_0_control_slave_burst_adapter|altera_merlin_burst_adapter_13_1.burst_adapter|the_min|dc_sub|subtract
u0|mm_interconnect_0|cpu_dm_agent_burst_adapter|altera_merlin_burst_adapter_13_1.burst_adapter|the_min|dc_sub|subtract
u0|mm_interconnect_0|ram_s1_burst_adapter|altera_merlin_burst_adapter_13_1.burst_adapter|the_min|dc_sub|subtract
u0|mm_interconnect_0|cpu_timer_sw_agent_burst_adapter|altera_merlin_burst_adapter_13_1.burst_adapter|the_min|dc_sub|subtract



+-----------------------------------------------------------------------------------------------------------------------------------------------------------------------------------------------------------------------------+
; System Level Debug Agent Report                                                                                                                                                                                             ;
+--------------------------------------------------------------------------------------------------------------------------------------------------------------------------+----------------+-----------+---------------------+
; Agent Hierarchy Path                                                                                                                                                     ; Instance Index ; Host Name ; Host Hierarchy Path ;
+--------------------------------------------------------------------------------------------------------------------------------------------------------------------------+----------------+-----------+---------------------+
; issp_inst|jtag_signal_adapter|sld_jtag_endpoint_adapter_impl_inst|sld_agent_ep_inst|ep                                                                                   ; 0              ; JTAG      ;                     ;
; u0|cpu|intel_niosv_g_inst|dbg_mod|dtm_inst|vjtag_inst|sld_virtual_jtag_impl_inst|jtag_signal_adapter|sld_jtag_endpoint_adapter_impl_inst|sld_agent_ep_inst|ep            ; 0              ; JTAG      ;                     ;
; u0|jtag_uart|altera_avalon_jtag_uart_inst|jtag_uart_altera_avalon_jtag_uart_1924_dwkezqq_alt_jtag_atlantic|inst|sld_jtag_endpoint_adapter_impl_inst|sld_agent_ep_inst|ep ; 0              ; JTAG      ;                     ;
; issp_inst|conf_reset_ep|config_reset_release_ep_inst|ep                                                                                                                  ;                ;           ;                     ;
+--------------------------------------------------------------------------------------------------------------------------------------------------------------------------+----------------+-----------+---------------------+


Top root causes of logic optimization that have been identified during sweep. For more details and filtering options, ensure that you have compiled with the "Enable RTL Analysis Debug Mode " setting turned on under Assignments->Settings->Compiler Settings, then go to the " Root Causes Tab " in the " Sweep Hints Viewer " tool in the " RTL Analyzer ".
+----------------------------------------------------------------------------------------------------------------------------------------------------------------------------------------------------+
; Top Causes of Logic Optimized Away During Sweep                                                                                                                                                    ;
+-------------------------------------------------------------------------------------------------------------------------------------------+------------------+---------------+---------------------+
; Root Object Path                                                                                                                          ; Root Object Type ; Root Reason   ; Swept Objects Count ;
+-------------------------------------------------------------------------------------------------------------------------------------------+------------------+---------------+---------------------+
; u0|mm_interconnect_0|cpu_data_manager_agent|write_rp_data[67]                                                                             ; INPUT_PORT       ; has no fanout ; 551                 ;
; u0|mm_interconnect_0|cpu_data_manager_agent|read_rp_data[67]                                                                              ; INPUT_PORT       ; has no fanout ; 551                 ;
; u0|mm_interconnect_0|cpu_data_manager_agent|write_cp_data[72]                                                                             ; OUTPUT_PORT      ; stuck at 0    ; 444                 ;
; u0|mm_interconnect_0|router|the_default_decode|default_src_channel[1]                                                                     ; OUTPUT_PORT      ; stuck at 0    ; 369                 ;
; u0|mm_interconnect_0|cpu_instruction_manager_agent|write_rp_data[67]                                                                      ; INPUT_PORT       ; has no fanout ; 221                 ;
; u0|mm_interconnect_0|cpu_timer_sw_agent_burst_adapter|altera_merlin_burst_adapter_13_1.burst_adapter|the_min|db_sub|subtract|cin          ; INPUT_INST_PORT  ; stuck at 1    ; 219                 ;
; u0|mm_interconnect_0|ram_s1_burst_adapter|altera_merlin_burst_adapter_13_1.burst_adapter|the_min|db_sub|subtract|cin                      ; INPUT_INST_PORT  ; stuck at 1    ; 219                 ;
; u0|mm_interconnect_0|cpu_dm_agent_burst_adapter|altera_merlin_burst_adapter_13_1.burst_adapter|the_min|db_sub|subtract|cin                ; INPUT_INST_PORT  ; stuck at 1    ; 219                 ;
; u0|mm_interconnect_0|sysid_qsys_0_control_slave_burst_adapter|altera_merlin_burst_adapter_13_1.burst_adapter|the_min|db_sub|subtract|cin  ; INPUT_INST_PORT  ; stuck at 1    ; 219                 ;
; u0|mm_interconnect_0|jtag_uart_avalon_jtag_slave_burst_adapter|altera_merlin_burst_adapter_13_1.burst_adapter|the_min|db_sub|subtract|cin ; INPUT_INST_PORT  ; stuck at 1    ; 219                 ;
+-------------------------------------------------------------------------------------------------------------------------------------------+------------------+---------------+---------------------+
Table limited at 10 items. To change the number of top root causes reported, set the "Number of Top Root Causes Reported in Synthesis Report " option under Assignments->Settings->Compiler Settings->Advanced Settings (Synthesis)


+---------------------------------+
; Analysis & Elaboration Messages ;
+---------------------------------+
Info: *******************************************************************
Info: Running Quartus Prime Synthesis
    Info: Version 24.1.0 Build 115 03/21/2024 SC Pro Edition
    Info: Processing started: Tue Sep 16 15:22:54 2025
    Info: System process ID: 105226
Info: Command: quartus_syn --read_settings_files=on --write_settings_files=off top -c top
Info: qis_default_flow_script.tcl version: #1
Info: Initializing Synthesis...
Info: Project = "top"
Info: Revision = "top"
Info (21958): Initialized Quartus Message Database
Info: Analyzing source files
Info (18237): File "/home/ubuntuaspiretank/p4p/P4P-Team44/NewNewProject/hw/sys/altera_reset_controller_1922/synth/altera_reset_controller.v" is a duplicate of already analyzed file "/home/ubuntuaspiretank/p4p/P4P-Team44/NewNewProject/hw/ip/sys/cpu/altera_reset_controller_1922/synth/altera_reset_controller.v" (same filename, same library name and same md5 digest). Skipping analysis of this file.
Info (18237): File "/home/ubuntuaspiretank/p4p/P4P-Team44/NewNewProject/hw/sys/altera_reset_controller_1922/synth/altera_reset_synchronizer.v" is a duplicate of already analyzed file "/home/ubuntuaspiretank/p4p/P4P-Team44/NewNewProject/hw/ip/sys/cpu/altera_reset_controller_1922/synth/altera_reset_synchronizer.v" (same filename, same library name and same md5 digest). Skipping analysis of this file.
Info (18237): File "/home/ubuntuaspiretank/p4p/P4P-Team44/NewNewProject/hw/ip/NoisSys/NoisSys_intel_niosv_g_0/altera_reset_controller_1922/synth/altera_reset_controller.v" is a duplicate of already analyzed file "/home/ubuntuaspiretank/p4p/P4P-Team44/NewNewProject/hw/ip/sys/cpu/altera_reset_controller_1922/synth/altera_reset_controller.v" (same filename, same library name and same md5 digest). Skipping analysis of this file.
Info (18237): File "/home/ubuntuaspiretank/p4p/P4P-Team44/NewNewProject/hw/ip/NoisSys/NoisSys_intel_niosv_g_0/altera_reset_controller_1922/synth/altera_reset_synchronizer.v" is a duplicate of already analyzed file "/home/ubuntuaspiretank/p4p/P4P-Team44/NewNewProject/hw/ip/sys/cpu/altera_reset_controller_1922/synth/altera_reset_synchronizer.v" (same filename, same library name and same md5 digest). Skipping analysis of this file.
Info (18237): File "/home/ubuntuaspiretank/p4p/P4P-Team44/NewNewProject/hw/ip/NoisSys/NoisSys_intel_niosv_g_0/intel_niosv_g_unit_220/synth/niosv_opcode_def.sv" is a duplicate of already analyzed file "/home/ubuntuaspiretank/p4p/P4P-Team44/NewNewProject/hw/ip/sys/cpu/intel_niosv_g_unit_220/synth/niosv_opcode_def.sv" (same filename, same library name and same md5 digest). Skipping analysis of this file.
Info (18237): File "/home/ubuntuaspiretank/p4p/P4P-Team44/NewNewProject/hw/ip/NoisSys/NoisSys_intel_niosv_g_0/intel_niosv_g_unit_220/synth/niosv_mem_op_state.sv" is a duplicate of already analyzed file "/home/ubuntuaspiretank/p4p/P4P-Team44/NewNewProject/hw/ip/sys/cpu/intel_niosv_g_unit_220/synth/niosv_mem_op_state.sv" (same filename, same library name and same md5 digest). Skipping analysis of this file.
Info (18237): File "/home/ubuntuaspiretank/p4p/P4P-Team44/NewNewProject/hw/ip/NoisSys/NoisSys_intel_niosv_g_0/intel_niosv_g_unit_220/synth/niosv_ram.sv" is a duplicate of already analyzed file "/home/ubuntuaspiretank/p4p/P4P-Team44/NewNewProject/hw/ip/sys/cpu/intel_niosv_g_unit_220/synth/niosv_ram.sv" (same filename, same library name and same md5 digest). Skipping analysis of this file.
Info (18237): File "/home/ubuntuaspiretank/p4p/P4P-Team44/NewNewProject/hw/ip/NoisSys/NoisSys_intel_niosv_g_0/intel_niosv_g_unit_220/synth/niosv_altecc_32enc.v" is a duplicate of already analyzed file "/home/ubuntuaspiretank/p4p/P4P-Team44/NewNewProject/hw/ip/sys/cpu/intel_niosv_g_unit_220/synth/niosv_altecc_32enc.v" (same filename, same library name and same md5 digest). Skipping analysis of this file.
Info (18237): File "/home/ubuntuaspiretank/p4p/P4P-Team44/NewNewProject/hw/ip/NoisSys/NoisSys_intel_niosv_g_0/intel_niosv_g_unit_220/synth/niosv_altecc_32dec.v" is a duplicate of already analyzed file "/home/ubuntuaspiretank/p4p/P4P-Team44/NewNewProject/hw/ip/sys/cpu/intel_niosv_g_unit_220/synth/niosv_altecc_32dec.v" (same filename, same library name and same md5 digest). Skipping analysis of this file.
Info (18237): File "/home/ubuntuaspiretank/p4p/P4P-Team44/NewNewProject/hw/ip/NoisSys/NoisSys_intel_niosv_g_0/intel_niosv_g_unit_220/synth/niosv_tcm_ram.sv" is a duplicate of already analyzed file "/home/ubuntuaspiretank/p4p/P4P-Team44/NewNewProject/hw/ip/sys/cpu/intel_niosv_g_unit_220/synth/niosv_tcm_ram.sv" (same filename, same library name and same md5 digest). Skipping analysis of this file.
Info (18237): File "/home/ubuntuaspiretank/p4p/P4P-Team44/NewNewProject/hw/ip/NoisSys/NoisSys_intel_niosv_g_0/intel_niosv_g_unit_220/synth/niosv_reg_file.sv" is a duplicate of already analyzed file "/home/ubuntuaspiretank/p4p/P4P-Team44/NewNewProject/hw/ip/sys/cpu/intel_niosv_g_unit_220/synth/niosv_reg_file.sv" (same filename, same library name and same md5 digest). Skipping analysis of this file.
Info (18237): File "/home/ubuntuaspiretank/p4p/P4P-Team44/NewNewProject/hw/ip/NoisSys/NoisSys_intel_niosv_g_0/intel_niosv_g_unit_220/synth/niosv_alu.sv" is a duplicate of already analyzed file "/home/ubuntuaspiretank/p4p/P4P-Team44/NewNewProject/hw/ip/sys/cpu/intel_niosv_g_unit_220/synth/niosv_alu.sv" (same filename, same library name and same md5 digest). Skipping analysis of this file.
Info (18237): File "/home/ubuntuaspiretank/p4p/P4P-Team44/NewNewProject/hw/ip/NoisSys/NoisSys_intel_niosv_g_0/intel_niosv_g_unit_220/synth/niosv_csr.sv" is a duplicate of already analyzed file "/home/ubuntuaspiretank/p4p/P4P-Team44/NewNewProject/hw/ip/sys/cpu/intel_niosv_g_unit_220/synth/niosv_csr.sv" (same filename, same library name and same md5 digest). Skipping analysis of this file.
Info (18237): File "/home/ubuntuaspiretank/p4p/P4P-Team44/NewNewProject/hw/ip/NoisSys/NoisSys_intel_niosv_g_0/intel_niosv_g_unit_220/synth/niosv_interrupt_handler.sv" is a duplicate of already analyzed file "/home/ubuntuaspiretank/p4p/P4P-Team44/NewNewProject/hw/ip/sys/cpu/intel_niosv_g_unit_220/synth/niosv_interrupt_handler.sv" (same filename, same library name and same md5 digest). Skipping analysis of this file.
Info (18237): File "/home/ubuntuaspiretank/p4p/P4P-Team44/NewNewProject/hw/ip/NoisSys/NoisSys_intel_niosv_g_0/intel_niosv_g_unit_220/synth/niosv_multiplier.sv" is a duplicate of already analyzed file "/home/ubuntuaspiretank/p4p/P4P-Team44/NewNewProject/hw/ip/sys/cpu/intel_niosv_g_unit_220/synth/niosv_multiplier.sv" (same filename, same library name and same md5 digest). Skipping analysis of this file.
Info (18237): File "/home/ubuntuaspiretank/p4p/P4P-Team44/NewNewProject/hw/ip/NoisSys/NoisSys_intel_niosv_g_0/intel_niosv_g_unit_220/synth/niosv_divider.sv" is a duplicate of already analyzed file "/home/ubuntuaspiretank/p4p/P4P-Team44/NewNewProject/hw/ip/sys/cpu/intel_niosv_g_unit_220/synth/niosv_divider.sv" (same filename, same library name and same md5 digest). Skipping analysis of this file.
Info (18237): File "/home/ubuntuaspiretank/p4p/P4P-Team44/NewNewProject/hw/ip/NoisSys/NoisSys_intel_niosv_g_0/intel_niosv_g_unit_220/synth/niosv_instr_buffer.sv" is a duplicate of already analyzed file "/home/ubuntuaspiretank/p4p/P4P-Team44/NewNewProject/hw/ip/sys/cpu/intel_niosv_g_unit_220/synth/niosv_instr_buffer.sv" (same filename, same library name and same md5 digest). Skipping analysis of this file.
Info (18237): File "/home/ubuntuaspiretank/p4p/P4P-Team44/NewNewProject/hw/ip/NoisSys/NoisSys_intel_niosv_g_0/intel_niosv_g_unit_220/synth/niosv_victim_buffer.sv" is a duplicate of already analyzed file "/home/ubuntuaspiretank/p4p/P4P-Team44/NewNewProject/hw/ip/sys/cpu/intel_niosv_g_unit_220/synth/niosv_victim_buffer.sv" (same filename, same library name and same md5 digest). Skipping analysis of this file.
Info (18237): File "/home/ubuntuaspiretank/p4p/P4P-Team44/NewNewProject/hw/ip/NoisSys/NoisSys_intel_niosv_g_0/intel_niosv_g_unit_220/synth/niosv_g_fetch.sv" is a duplicate of already analyzed file "/home/ubuntuaspiretank/p4p/P4P-Team44/NewNewProject/hw/ip/sys/cpu/intel_niosv_g_unit_220/synth/niosv_g_fetch.sv" (same filename, same library name and same md5 digest). Skipping analysis of this file.
Info (18237): File "/home/ubuntuaspiretank/p4p/P4P-Team44/NewNewProject/hw/ip/NoisSys/NoisSys_intel_niosv_g_0/intel_niosv_g_unit_220/synth/niosv_g_dcache.sv" is a duplicate of already analyzed file "/home/ubuntuaspiretank/p4p/P4P-Team44/NewNewProject/hw/ip/sys/cpu/intel_niosv_g_unit_220/synth/niosv_g_dcache.sv" (same filename, same library name and same md5 digest). Skipping analysis of this file.
Info (18237): File "/home/ubuntuaspiretank/p4p/P4P-Team44/NewNewProject/hw/ip/NoisSys/NoisSys_intel_niosv_g_0/intel_niosv_g_unit_220/synth/niosv_g_instr_cache.sv" is a duplicate of already analyzed file "/home/ubuntuaspiretank/p4p/P4P-Team44/NewNewProject/hw/ip/sys/cpu/intel_niosv_g_unit_220/synth/niosv_g_instr_cache.sv" (same filename, same library name and same md5 digest). Skipping analysis of this file.
Info (18237): File "/home/ubuntuaspiretank/p4p/P4P-Team44/NewNewProject/hw/ip/NoisSys/NoisSys_intel_niosv_g_0/intel_niosv_g_unit_220/synth/niosv_g_fp_def.sv" is a duplicate of already analyzed file "/home/ubuntuaspiretank/p4p/P4P-Team44/NewNewProject/hw/ip/sys/cpu/intel_niosv_g_unit_220/synth/niosv_g_fp_def.sv" (same filename, same library name and same md5 digest). Skipping analysis of this file.
Info (18237): File "/home/ubuntuaspiretank/p4p/P4P-Team44/NewNewProject/hw/ip/NoisSys/NoisSys_intel_niosv_g_0/intel_niosv_g_unit_220/synth/niosv_g_fpu.sv" is a duplicate of already analyzed file "/home/ubuntuaspiretank/p4p/P4P-Team44/NewNewProject/hw/ip/sys/cpu/intel_niosv_g_unit_220/synth/niosv_g_fpu.sv" (same filename, same library name and same md5 digest). Skipping analysis of this file.
Info (18237): File "/home/ubuntuaspiretank/p4p/P4P-Team44/NewNewProject/hw/ip/NoisSys/NoisSys_intel_niosv_g_0/intel_niosv_g_unit_220/synth/int33_to_fp32.sv" is a duplicate of already analyzed file "/home/ubuntuaspiretank/p4p/P4P-Team44/NewNewProject/hw/ip/sys/cpu/intel_niosv_g_unit_220/synth/int33_to_fp32.sv" (same filename, same library name and same md5 digest). Skipping analysis of this file.
Info (18237): File "/home/ubuntuaspiretank/p4p/P4P-Team44/NewNewProject/hw/ip/NoisSys/NoisSys_intel_niosv_g_0/intel_niosv_g_unit_220/synth/fp32_to_int32.sv" is a duplicate of already analyzed file "/home/ubuntuaspiretank/p4p/P4P-Team44/NewNewProject/hw/ip/sys/cpu/intel_niosv_g_unit_220/synth/fp32_to_int32.sv" (same filename, same library name and same md5 digest). Skipping analysis of this file.
Info (18237): File "/home/ubuntuaspiretank/p4p/P4P-Team44/NewNewProject/hw/ip/NoisSys/NoisSys_intel_niosv_g_0/intel_niosv_g_unit_220/synth/fp32_to_uint32.sv" is a duplicate of already analyzed file "/home/ubuntuaspiretank/p4p/P4P-Team44/NewNewProject/hw/ip/sys/cpu/intel_niosv_g_unit_220/synth/fp32_to_uint32.sv" (same filename, same library name and same md5 digest). Skipping analysis of this file.
Info (18237): File "/home/ubuntuaspiretank/p4p/P4P-Team44/NewNewProject/hw/ip/NoisSys/NoisSys_intel_niosv_g_0/intel_niosv_g_unit_220/synth/fp32_alu_cycloneivgx.sv" is a duplicate of already analyzed file "/home/ubuntuaspiretank/p4p/P4P-Team44/NewNewProject/hw/ip/sys/cpu/intel_niosv_g_unit_220/synth/fp32_alu_cycloneivgx.sv" (same filename, same library name and same md5 digest). Skipping analysis of this file.
Info (18237): File "/home/ubuntuaspiretank/p4p/P4P-Team44/NewNewProject/hw/ip/NoisSys/NoisSys_intel_niosv_g_0/intel_niosv_g_unit_220/synth/fp32_mult_cycloneivgx.sv" is a duplicate of already analyzed file "/home/ubuntuaspiretank/p4p/P4P-Team44/NewNewProject/hw/ip/sys/cpu/intel_niosv_g_unit_220/synth/fp32_mult_cycloneivgx.sv" (same filename, same library name and same md5 digest). Skipping analysis of this file.
Info (18237): File "/home/ubuntuaspiretank/p4p/P4P-Team44/NewNewProject/hw/ip/NoisSys/NoisSys_intel_niosv_g_0/intel_niosv_g_unit_220/synth/fp32_div.sv" is a duplicate of already analyzed file "/home/ubuntuaspiretank/p4p/P4P-Team44/NewNewProject/hw/ip/sys/cpu/intel_niosv_g_unit_220/synth/fp32_div.sv" (same filename, same library name and same md5 digest). Skipping analysis of this file.
Info (18237): File "/home/ubuntuaspiretank/p4p/P4P-Team44/NewNewProject/hw/ip/NoisSys/NoisSys_intel_niosv_g_0/intel_niosv_g_unit_220/synth/fp32_sqrt.sv" is a duplicate of already analyzed file "/home/ubuntuaspiretank/p4p/P4P-Team44/NewNewProject/hw/ip/sys/cpu/intel_niosv_g_unit_220/synth/fp32_sqrt.sv" (same filename, same library name and same md5 digest). Skipping analysis of this file.
Info (18237): File "/home/ubuntuaspiretank/p4p/P4P-Team44/NewNewProject/hw/ip/NoisSys/NoisSys_intel_niosv_g_0/intel_niosv_g_unit_220/synth/niosv_g_dspba_library_ver.sv" is a duplicate of already analyzed file "/home/ubuntuaspiretank/p4p/P4P-Team44/NewNewProject/hw/ip/sys/cpu/intel_niosv_g_unit_220/synth/niosv_g_dspba_library_ver.sv" (same filename, same library name and same md5 digest). Skipping analysis of this file.
Info (18237): File "/home/ubuntuaspiretank/p4p/P4P-Team44/NewNewProject/hw/ip/NoisSys/NoisSys_intel_niosv_g_0/intel_niosv_g_unit_220/synth/fp32_sqrt_memoryC0_uid62_sqrtTables_lutmem.hex" is a duplicate of already analyzed file "/home/ubuntuaspiretank/p4p/P4P-Team44/NewNewProject/hw/ip/sys/cpu/intel_niosv_g_unit_220/synth/fp32_sqrt_memoryC0_uid62_sqrtTables_lutmem.hex" (same filename, same library name and same md5 digest). Skipping analysis of this file.
Info (18237): File "/home/ubuntuaspiretank/p4p/P4P-Team44/NewNewProject/hw/ip/NoisSys/NoisSys_intel_niosv_g_0/intel_niosv_g_unit_220/synth/fp32_sqrt_memoryC1_uid65_sqrtTables_lutmem.hex" is a duplicate of already analyzed file "/home/ubuntuaspiretank/p4p/P4P-Team44/NewNewProject/hw/ip/sys/cpu/intel_niosv_g_unit_220/synth/fp32_sqrt_memoryC1_uid65_sqrtTables_lutmem.hex" (same filename, same library name and same md5 digest). Skipping analysis of this file.
Info (18237): File "/home/ubuntuaspiretank/p4p/P4P-Team44/NewNewProject/hw/ip/NoisSys/NoisSys_intel_niosv_g_0/intel_niosv_g_unit_220/synth/fp32_sqrt_memoryC2_uid68_sqrtTables_lutmem.hex" is a duplicate of already analyzed file "/home/ubuntuaspiretank/p4p/P4P-Team44/NewNewProject/hw/ip/sys/cpu/intel_niosv_g_unit_220/synth/fp32_sqrt_memoryC2_uid68_sqrtTables_lutmem.hex" (same filename, same library name and same md5 digest). Skipping analysis of this file.
Info (18237): File "/home/ubuntuaspiretank/p4p/P4P-Team44/NewNewProject/hw/ip/NoisSys/NoisSys_intel_niosv_g_0/intel_niosv_g_unit_220/synth/altera_avalon_sc_fifo.v" is a duplicate of already analyzed file "/home/ubuntuaspiretank/p4p/P4P-Team44/NewNewProject/hw/ip/sys/cpu/intel_niosv_g_unit_220/synth/altera_avalon_sc_fifo.v" (same filename, same library name and same md5 digest). Skipping analysis of this file.
Info (18237): File "/home/ubuntuaspiretank/p4p/P4P-Team44/NewNewProject/hw/ip/NoisSys/NoisSys_intel_niosv_g_0/intel_niosv_timer_msip_120/synth/niosv_timer_msip.sv" is a duplicate of already analyzed file "/home/ubuntuaspiretank/p4p/P4P-Team44/NewNewProject/hw/ip/sys/cpu/intel_niosv_timer_msip_120/synth/niosv_timer_msip.sv" (same filename, same library name and same md5 digest). Skipping analysis of this file.
Info (18237): File "/home/ubuntuaspiretank/p4p/P4P-Team44/NewNewProject/hw/ip/NoisSys/NoisSys_intel_niosv_g_0/intel_niosv_dbg_mod_210/synth/csr_mlab.mif" is a duplicate of already analyzed file "/home/ubuntuaspiretank/p4p/P4P-Team44/NewNewProject/hw/ip/sys/cpu/intel_niosv_dbg_mod_210/synth/csr_mlab.mif" (same filename, same library name and same md5 digest). Skipping analysis of this file.
Info (18237): File "/home/ubuntuaspiretank/p4p/P4P-Team44/NewNewProject/hw/ip/NoisSys/NoisSys_intel_niosv_g_0/intel_niosv_dbg_mod_210/synth/debug_rom.mif" is a duplicate of already analyzed file "/home/ubuntuaspiretank/p4p/P4P-Team44/NewNewProject/hw/ip/sys/cpu/intel_niosv_dbg_mod_210/synth/debug_rom.mif" (same filename, same library name and same md5 digest). Skipping analysis of this file.
Info (18237): File "/home/ubuntuaspiretank/p4p/P4P-Team44/NewNewProject/hw/ip/NoisSys/NoisSys_intel_niosv_g_0/intel_niosv_dbg_mod_210/synth/niosv_dm_def.sv" is a duplicate of already analyzed file "/home/ubuntuaspiretank/p4p/P4P-Team44/NewNewProject/hw/ip/sys/cpu/intel_niosv_dbg_mod_210/synth/niosv_dm_def.sv" (same filename, same library name and same md5 digest). Skipping analysis of this file.
Info (18237): File "/home/ubuntuaspiretank/p4p/P4P-Team44/NewNewProject/hw/ip/NoisSys/NoisSys_intel_niosv_g_0/intel_niosv_dbg_mod_210/synth/niosv_ram.sv" is a duplicate of already analyzed file "/home/ubuntuaspiretank/p4p/P4P-Team44/NewNewProject/hw/ip/sys/cpu/intel_niosv_dbg_mod_210/synth/niosv_ram.sv" (same filename, same library name and same md5 digest). Skipping analysis of this file.
Info (18237): File "/home/ubuntuaspiretank/p4p/P4P-Team44/NewNewProject/hw/ip/NoisSys/NoisSys_intel_niosv_g_0/intel_niosv_dbg_mod_210/synth/niosv_dm_jtag2mm.sv" is a duplicate of already analyzed file "/home/ubuntuaspiretank/p4p/P4P-Team44/NewNewProject/hw/ip/sys/cpu/intel_niosv_dbg_mod_210/synth/niosv_dm_jtag2mm.sv" (same filename, same library name and same md5 digest). Skipping analysis of this file.
Info (18237): File "/home/ubuntuaspiretank/p4p/P4P-Team44/NewNewProject/hw/ip/NoisSys/NoisSys_intel_niosv_g_0/intel_niosv_dbg_mod_210/synth/niosv_dm_top.sv" is a duplicate of already analyzed file "/home/ubuntuaspiretank/p4p/P4P-Team44/NewNewProject/hw/ip/sys/cpu/intel_niosv_dbg_mod_210/synth/niosv_dm_top.sv" (same filename, same library name and same md5 digest). Skipping analysis of this file.
Info (18237): File "/home/ubuntuaspiretank/p4p/P4P-Team44/NewNewProject/hw/ip/NoisSys/NoisSys_intel_niosv_g_0/intel_niosv_dbg_mod_210/synth/niosv_debug_module.sv" is a duplicate of already analyzed file "/home/ubuntuaspiretank/p4p/P4P-Team44/NewNewProject/hw/ip/sys/cpu/intel_niosv_dbg_mod_210/synth/niosv_debug_module.sv" (same filename, same library name and same md5 digest). Skipping analysis of this file.
Info (18237): File "/home/ubuntuaspiretank/p4p/P4P-Team44/NewNewProject/hw/ip/NoisSys/NoisSys_intel_niosv_g_0/intel_niosv_dbg_mod_210/synth/altera_std_synchronizer_bundle.v" is a duplicate of already analyzed file "/home/ubuntuaspiretank/p4p/P4P-Team44/NewNewProject/hw/ip/sys/cpu/intel_niosv_dbg_mod_210/synth/altera_std_synchronizer_bundle.v" (same filename, same library name and same md5 digest). Skipping analysis of this file.
Info (18237): File "/home/ubuntuaspiretank/p4p/P4P-Team44/NewNewProject/hw/ip/NoisSys/NoisSys_intel_niosv_g_0/intel_niosv_dbg_mod_210/synth/altera_std_synchronizer_nocut.v" is a duplicate of already analyzed file "/home/ubuntuaspiretank/p4p/P4P-Team44/NewNewProject/hw/ip/sys/cpu/intel_niosv_dbg_mod_210/synth/altera_std_synchronizer_nocut.v" (same filename, same library name and same md5 digest). Skipping analysis of this file.
Info (18237): File "/home/ubuntuaspiretank/p4p/P4P-Team44/NewNewProject/hw/ip/NoisSys/NoisSys_intel_niosv_g_0/intel_niosv_dbg_mod_210/synth/altera_std_synchronizer.v" is a duplicate of already analyzed file "/home/ubuntuaspiretank/p4p/P4P-Team44/NewNewProject/hw/ip/sys/cpu/intel_niosv_dbg_mod_210/synth/altera_std_synchronizer.v" (same filename, same library name and same md5 digest). Skipping analysis of this file.
Info (18237): File "/home/ubuntuaspiretank/p4p/P4P-Team44/NewNewProject/hw/ip/NoisSys/NoisSys_intel_niosv_g_0/intel_niosv_dbg_mod_210/synth/altera_avalon_st_clock_crosser.v" is a duplicate of already analyzed file "/home/ubuntuaspiretank/p4p/P4P-Team44/NewNewProject/hw/ip/sys/cpu/intel_niosv_dbg_mod_210/synth/altera_avalon_st_clock_crosser.v" (same filename, same library name and same md5 digest). Skipping analysis of this file.
Info (18237): File "/home/ubuntuaspiretank/p4p/P4P-Team44/NewNewProject/hw/ip/NoisSys/NoisSys_intel_niosv_g_0/intel_niosv_dbg_mod_210/synth/altera_avalon_st_handshake_clock_crosser.v" is a duplicate of already analyzed file "/home/ubuntuaspiretank/p4p/P4P-Team44/NewNewProject/hw/ip/sys/cpu/intel_niosv_dbg_mod_210/synth/altera_avalon_st_handshake_clock_crosser.v" (same filename, same library name and same md5 digest). Skipping analysis of this file.
Info (18237): File "/home/ubuntuaspiretank/p4p/P4P-Team44/NewNewProject/hw/ip/NoisSys/NoisSys_intel_niosv_g_0/intel_niosv_dbg_mod_210/synth/altera_avalon_st_pipeline_base.v" is a duplicate of already analyzed file "/home/ubuntuaspiretank/p4p/P4P-Team44/NewNewProject/hw/ip/sys/cpu/intel_niosv_dbg_mod_210/synth/altera_avalon_st_pipeline_base.v" (same filename, same library name and same md5 digest). Skipping analysis of this file.
Info (18237): File "/home/ubuntuaspiretank/p4p/P4P-Team44/NewNewProject/hw/ip/NoisSys/NoisSys_intel_niosv_g_0/intel_niosv_dbg_mod_210/synth/altera_avalon_st_pipeline_stage.sv" is a duplicate of already analyzed file "/home/ubuntuaspiretank/p4p/P4P-Team44/NewNewProject/hw/ip/sys/cpu/intel_niosv_dbg_mod_210/synth/altera_avalon_st_pipeline_stage.sv" (same filename, same library name and same md5 digest). Skipping analysis of this file.
Info (18237): File "/home/ubuntuaspiretank/p4p/P4P-Team44/NewNewProject/hw/ip/NoisSys/NoisSys_intel_niosv_g_0/intel_niosv_dbg_mod_210/synth/altera_reset_synchronizer.v" is a duplicate of already analyzed file "/home/ubuntuaspiretank/p4p/P4P-Team44/NewNewProject/hw/ip/sys/cpu/intel_niosv_dbg_mod_210/synth/altera_reset_synchronizer.v" (same filename, same library name and same md5 digest). Skipping analysis of this file.
Info (18237): File "/home/ubuntuaspiretank/p4p/P4P-Team44/NewNewProject/hw/ip/NoisSys/NoisSys_intel_niosv_g_0/intel_niosv_dbg_mod_210/synth/altera_reset_controller.v" is a duplicate of already analyzed file "/home/ubuntuaspiretank/p4p/P4P-Team44/NewNewProject/hw/ip/sys/cpu/intel_niosv_dbg_mod_210/synth/altera_reset_controller.v" (same filename, same library name and same md5 digest). Skipping analysis of this file.
Info: Elaborating from top-level entity "top"
Info (18235): Library search order is as follows: "altera_reset_controller_1922; intel_niosv_g_unit_220; intel_niosv_timer_msip_120; intel_niosv_dbg_mod_210; altera_irq_mapper_2001; intel_niosv_g_220; altera_avalon_jtag_uart_1924; altera_merlin_axi_translator_1950; altera_merlin_slave_translator_191; altera_merlin_axi_master_ni_1980; altera_merlin_slave_agent_1921; altera_avalon_sc_fifo_1932; altera_merlin_router_1921; altera_merlin_traffic_limiter_1921; altera_avalon_st_pipeline_stage_1930; altera_merlin_burst_adapter_1932; altera_merlin_demultiplexer_1921; altera_merlin_multiplexer_1922; altera_mm_interconnect_1920; intel_onchip_memory_148; altera_avalon_sysid_qsys_1916; NoisSys_clock_in; NoisSys_reset_in; NoisSys; NoisSys_intel_niosv_g_0; sys_clock_in; sys_reset_in; cpu; jtag_uart; nvmm_10; sys_nvmm_0; sys_intel_onchip_memory_0; sys_sysid_qsys_0; sys". Quartus will look for undefined design units in your libraries in that order. To modify the ordering, please specify a semi-colon separated library list using the assignment LIBRARY_SEARCH_ORDER.
Info (19337): VHDL info at sld_jtag_endpoint_adapter.vhd(96): executing entity "sld_jtag_endpoint_adapter(sld_ir_width=4,sld_auto_instance_index="YES",sld_node_info_internal=4746752)(1,1)(1,3)" with architecture "rtl" File: /home/ubuntuaspiretank/intelFPGA_pro/24.1/quartus/libraries/megafunctions/sld_jtag_endpoint_adapter.vhd Line: 96
Info (19337): VHDL info at altera_sld_agent_endpoint.vhd(120): executing entity "altera_sld_agent_endpoint(mfr_code=110,type_code=9,ir_width=4)(1,1)" with architecture "rtl" File: /home/ubuntuaspiretank/intelFPGA_pro/24.1/quartus/libraries/megafunctions/altera_sld_agent_endpoint.vhd Line: 120
Info (19337): VHDL info at altera_fabric_endpoint.vhd(126): executing entity "altera_fabric_endpoint(send_width=6,receive_width=27,settings="{fabric sld dir agent mfr_code 110 type_code 9 version 0 instance -1 ir_width 4 bridge_agent 0 prefer_host { } psig 9b67919e}")(1,125)" with architecture "rtl" File: /home/ubuntuaspiretank/intelFPGA_pro/24.1/quartus/libraries/megafunctions/altera_fabric_endpoint.vhd Line: 126
Info (19337): VHDL info at altera_debug_config_reset_release_endpoint.vhd(120): executing entity "altera_debug_config_reset_release_endpoint" with architecture "rtl" File: /home/ubuntuaspiretank/intelFPGA_pro/24.1/quartus/libraries/megafunctions/altera_debug_config_reset_release_endpoint.vhd Line: 120
Info (19337): VHDL info at altera_fabric_endpoint.vhd(126): executing entity "altera_fabric_endpoint(send_width=0,receive_width=1,settings="{fabric config_reset_release dir agent is_source 0 psig b8c6ebcb}")(1,65)" with architecture "rtl" File: /home/ubuntuaspiretank/intelFPGA_pro/24.1/quartus/libraries/megafunctions/altera_fabric_endpoint.vhd Line: 126
Info (19337): VHDL info at altsource_probe_body.vhd(321): executing entity "altsource_probe_body(probe_width=0)(1,6)(1,1)(1,2)(1,2)" with architecture "rtl" File: /home/ubuntuaspiretank/intelFPGA_pro/24.1/quartus/libraries/megafunctions/altsource_probe_body.vhd Line: 321
Info (19337): VHDL info at altsource_probe_body.vhd(612): executing entity "altsource_probe_impl(probe_width=0,source_width=1,instr_width=4,shift_width=1,source_initial_value="0",sync_source_clk="NO",enable_metastability="NO",instance_id="UNUSED")(1,1)(1,2)(1,2)(1,6)" with architecture "rtl" File: /home/ubuntuaspiretank/intelFPGA_pro/24.1/quartus/libraries/megafunctions/altsource_probe_body.vhd Line: 612
Info (19337): VHDL info at sld_rom_sr.vhd(5): executing entity "sld_rom_sr(n_bits=20)" with architecture "INFO_REG" File: /home/ubuntuaspiretank/intelFPGA_pro/24.1/quartus/libraries/megafunctions/sld_rom_sr.vhd Line: 5
Info (19337): VHDL info at sys.vhd(19): executing entity "sys" with architecture "rtl" File: /home/ubuntuaspiretank/p4p/P4P-Team44/NewNewProject/hw/sys/synth/sys.vhd Line: 19
Info (19337): VHDL info at sys_clock_in.vhd(9): executing entity "sys_clock_in" with architecture "rtl" File: /home/ubuntuaspiretank/p4p/P4P-Team44/NewNewProject/hw/ip/sys/sys_clock_in/synth/sys_clock_in.vhd Line: 9
Info (19337): VHDL info at cpu.vhd(10): executing entity "cpu" with architecture "rtl" File: /home/ubuntuaspiretank/p4p/P4P-Team44/NewNewProject/hw/ip/sys/cpu/synth/cpu.vhd Line: 10
Info (22567): Verilog HDL info at niosv_instr_buffer.sv(56): extracting RAM for identifier 'queue_mem' File: /home/ubuntuaspiretank/p4p/P4P-Team44/NewNewProject/hw/ip/sys/cpu/intel_niosv_g_unit_220/synth/niosv_instr_buffer.sv Line: 56
Info (22567): Verilog HDL info at altera_avalon_sc_fifo.v(126): extracting RAM for identifier 'infer_mem' File: /home/ubuntuaspiretank/p4p/P4P-Team44/NewNewProject/hw/ip/sys/cpu/intel_niosv_g_unit_220/synth/altera_avalon_sc_fifo.v Line: 126
Info (19337): VHDL info at sld_jtag_endpoint_adapter.vhd(96): executing entity "sld_jtag_endpoint_adapter(sld_ir_width=5,sld_auto_instance_index="YES",sld_node_info_internal=144207360)(1,1)(1,3)" with architecture "rtl" File: /home/ubuntuaspiretank/intelFPGA_pro/24.1/quartus/libraries/megafunctions/sld_jtag_endpoint_adapter.vhd Line: 96
Info (19337): VHDL info at altera_sld_agent_endpoint.vhd(120): executing entity "altera_sld_agent_endpoint(mfr_code=110,type_code=19,version=1,ir_width=5)(1,1)" with architecture "rtl" File: /home/ubuntuaspiretank/intelFPGA_pro/24.1/quartus/libraries/megafunctions/altera_sld_agent_endpoint.vhd Line: 120
Info (19337): VHDL info at altera_fabric_endpoint.vhd(126): executing entity "altera_fabric_endpoint(send_width=7,receive_width=28,settings="{fabric sld dir agent mfr_code 110 type_code 19 version 1 instance -1 ir_width 5 bridge_agent 0 prefer_host { } psig 9b67919e}")(1,126)" with architecture "rtl" File: /home/ubuntuaspiretank/intelFPGA_pro/24.1/quartus/libraries/megafunctions/altera_fabric_endpoint.vhd Line: 126
Info (22567): Verilog HDL info at niosv_debug_module.sv(139): extracting RAM for identifier 'nxt_prog_buf' File: /home/ubuntuaspiretank/p4p/P4P-Team44/NewNewProject/hw/ip/sys/cpu/intel_niosv_dbg_mod_210/synth/niosv_debug_module.sv Line: 139
Info (22567): Verilog HDL info at niosv_debug_module.sv(140): extracting RAM for identifier 'prog_buf' File: /home/ubuntuaspiretank/p4p/P4P-Team44/NewNewProject/hw/ip/sys/cpu/intel_niosv_dbg_mod_210/synth/niosv_debug_module.sv Line: 140
Info (22567): Verilog HDL info at niosv_debug_module.sv(142): extracting RAM for identifier 'nxt_data_reg' File: /home/ubuntuaspiretank/p4p/P4P-Team44/NewNewProject/hw/ip/sys/cpu/intel_niosv_dbg_mod_210/synth/niosv_debug_module.sv Line: 142
Info (22567): Verilog HDL info at niosv_debug_module.sv(143): extracting RAM for identifier 'data_reg' File: /home/ubuntuaspiretank/p4p/P4P-Team44/NewNewProject/hw/ip/sys/cpu/intel_niosv_dbg_mod_210/synth/niosv_debug_module.sv Line: 143
Info (19337): VHDL info at jtag_uart.vhd(10): executing entity "jtag_uart" with architecture "rtl" File: /home/ubuntuaspiretank/p4p/P4P-Team44/NewNewProject/hw/ip/sys/jtag_uart/synth/jtag_uart.vhd Line: 10
Info (19337): VHDL info at sld_jtag_endpoint_adapter.vhd(96): executing entity "sld_jtag_endpoint_adapter(sld_ir_width=1,sld_auto_instance_index="YES",sld_node_info_internal=201354752)(1,1)(1,3)" with architecture "rtl" File: /home/ubuntuaspiretank/intelFPGA_pro/24.1/quartus/libraries/megafunctions/sld_jtag_endpoint_adapter.vhd Line: 96
Info (19337): VHDL info at altera_sld_agent_endpoint.vhd(120): executing entity "altera_sld_agent_endpoint(mfr_code=110,type_code=128,version=1,ir_width=1)(1,1)" with architecture "rtl" File: /home/ubuntuaspiretank/intelFPGA_pro/24.1/quartus/libraries/megafunctions/altera_sld_agent_endpoint.vhd Line: 120
Info (19337): VHDL info at altera_fabric_endpoint.vhd(126): executing entity "altera_fabric_endpoint(send_width=3,receive_width=24,settings="{fabric sld dir agent mfr_code 110 type_code 128 version 1 instance -1 ir_width 1 bridge_agent 0 prefer_host { } psig 9b67919e}")(1,127)" with architecture "rtl" File: /home/ubuntuaspiretank/intelFPGA_pro/24.1/quartus/libraries/megafunctions/altera_fabric_endpoint.vhd Line: 126
Info (19337): VHDL info at sys_nvmm_0.vhd(10): executing entity "sys_nvmm_0" with architecture "rtl" File: /home/ubuntuaspiretank/p4p/P4P-Team44/NewNewProject/hw/ip/sys/sys_nvmm_0/synth/sys_nvmm_0.vhd Line: 10
Info (19337): VHDL info at nvmm4x4.vhd(8): executing entity "nvmm" with architecture "rtl" File: /home/ubuntuaspiretank/p4p/P4P-Team44/NewNewProject/hw/ip/sys/sys_nvmm_0/nvmm_10/synth/nvmm4x4.vhd Line: 8
Info (19337): VHDL info at SysArray.vhd(5): executing entity "SysArray" with architecture "rtl" File: /home/ubuntuaspiretank/p4p/P4P-Team44/NewNewProject/hw/ip/sys/sys_nvmm_0/nvmm_10/synth/SysArray.vhd Line: 5
Info (19337): VHDL info at PE.vhd(5): executing entity "PE" with architecture "int8" File: /home/ubuntuaspiretank/p4p/P4P-Team44/NewNewProject/hw/ip/sys/sys_nvmm_0/nvmm_10/synth/PE.vhd Line: 5
Info (19337): VHDL info at sys_intel_onchip_memory_0.vhd(10): executing entity "sys_intel_onchip_memory_0" with architecture "rtl" File: /home/ubuntuaspiretank/p4p/P4P-Team44/NewNewProject/hw/ip/sys/sys_intel_onchip_memory_0/synth/sys_intel_onchip_memory_0.vhd Line: 10
Info (19337): VHDL info at sys_reset_in.vhd(9): executing entity "sys_reset_in" with architecture "rtl" File: /home/ubuntuaspiretank/p4p/P4P-Team44/NewNewProject/hw/ip/sys/sys_reset_in/synth/sys_reset_in.vhd Line: 9
Info (19337): VHDL info at sys_sysid_qsys_0.vhd(10): executing entity "sys_sysid_qsys_0" with architecture "rtl" File: /home/ubuntuaspiretank/p4p/P4P-Team44/NewNewProject/hw/ip/sys/sys_sysid_qsys_0/synth/sys_sysid_qsys_0.vhd Line: 10
Info (22567): Verilog HDL info at sys_altera_avalon_sc_fifo_1932_5j7ufsq.v(127): extracting RAM for identifier 'infer_mem' File: /home/ubuntuaspiretank/p4p/P4P-Team44/NewNewProject/hw/sys/altera_avalon_sc_fifo_1932/synth/sys_altera_avalon_sc_fifo_1932_5j7ufsq.v Line: 127
Info (22567): Verilog HDL info at sys_altera_avalon_sc_fifo_1932_5j7ufsq.v(127): extracting RAM for identifier 'infer_mem' File: /home/ubuntuaspiretank/p4p/P4P-Team44/NewNewProject/hw/sys/altera_avalon_sc_fifo_1932/synth/sys_altera_avalon_sc_fifo_1932_5j7ufsq.v Line: 127
Info (22567): Verilog HDL info at sys_altera_avalon_sc_fifo_1932_5j7ufsq.v(127): extracting RAM for identifier 'infer_mem' File: /home/ubuntuaspiretank/p4p/P4P-Team44/NewNewProject/hw/sys/altera_avalon_sc_fifo_1932/synth/sys_altera_avalon_sc_fifo_1932_5j7ufsq.v Line: 127
Info (22567): Verilog HDL info at sys_altera_avalon_sc_fifo_1932_5j7ufsq.v(127): extracting RAM for identifier 'infer_mem' File: /home/ubuntuaspiretank/p4p/P4P-Team44/NewNewProject/hw/sys/altera_avalon_sc_fifo_1932/synth/sys_altera_avalon_sc_fifo_1932_5j7ufsq.v Line: 127
Info: Found 228 design entities
Info: There are 420 partitions after elaboration.
Info (11170): Starting IP generation for the debug fabric: alt_sld_fab_0.
Info (11172): ***************************************************************
Info (11172): Quartus is a registered trademark of Intel Corporation in the
Info (11172): US and other countries.  Portions of the Quartus Prime software
Info (11172): Code, and other portions of the code included in this download
Info (11172): Or on this DVD, are licensed to Intel Corporation and are the
Info (11172): Copyrighted property of third parties. For license details,
Info (11172): Refer to the End User License Agreement at
Info (11172): Http://fpgasoftware.intel.com/eula.
Info (11172): ***************************************************************
Info (11172): Alt_sld_fab_0.alt_sld_fab_0.alt_sld_fab_0: SLD fabric agents which did not specify prefer_host were connected to JTAG
Info (11172): Deploying alt_sld_fab_0 to /home/ubuntuaspiretank/p4p/P4P-Team44/NewNewProject/hw/dni/sandboxes/ubuntuaspiretank-Aspire-A515-58GM_105226_0/sld/ipgen/alt_sld_fab_0.ip
Info (11172): ***************************************************************
Info (11172): Quartus is a registered trademark of Intel Corporation in the
Info (11172): US and other countries.  Portions of the Quartus Prime software
Info (11172): Code, and other portions of the code included in this download
Info (11172): Or on this DVD, are licensed to Intel Corporation and are the
Info (11172): Copyrighted property of third parties. For license details,
Info (11172): Refer to the End User License Agreement at
Info (11172): Http://fpgasoftware.intel.com/eula.
Info (11172): ***************************************************************
Info (11172): Saving generation log to /home/ubuntuaspiretank/p4p/P4P-Team44/NewNewProject/hw/dni/sandboxes/ubuntuaspiretank-Aspire-A515-58GM_105226_0/sld/ipgen/alt_sld_fab_0/alt_sld_fab_0_generation.rpt
Info (11172): Generated by version: 24.1 build 115
Info (11172): Starting: Create HDL design files for synthesis
Info (11172): Qsys-generate /home/ubuntuaspiretank/p4p/P4P-Team44/NewNewProject/hw/dni/sandboxes/ubuntuaspiretank-Aspire-A515-58GM_105226_0/sld/ipgen/alt_sld_fab_0.ip --synthesis=VERILOG --output-directory=/home/ubuntuaspiretank/p4p/P4P-Team44/NewNewProject/hw/dni/sandboxes/ubuntuaspiretank-Aspire-A515-58GM_105226_0/sld/ipgen/alt_sld_fab_0 --family="Arria 10" --part=10AS066N3F40E2SG
Info (11172): Alt_sld_fab_0.alt_sld_fab_0.alt_sld_fab_0: SLD fabric agents which did not specify prefer_host were connected to JTAG
Info (11172): Alt_sld_fab_0: "Transforming system: alt_sld_fab_0"
Info (11172): Alt_sld_fab_0: "Naming system components in system: alt_sld_fab_0"
Info (11172): Alt_sld_fab_0: "Processing generation queue"
Info (11172): Alt_sld_fab_0: "Generating: alt_sld_fab_0"
Info (11172): Alt_sld_fab_0: "Generating: alt_sld_fab_0_alt_sld_fab_0_10_mgvf7lq"
Info (11172): Alt_sld_fab_0: "Generating: alt_sld_fab_0_alt_sld_fab_1920_kfgzazq"
Info (11172): Alt_sld_fab_0: "Generating: alt_sld_fab_0_altera_sld_splitter_1920_cfiki7y"
Info (11172): Alt_sld_fab_0: "Generating: altera_jtag_wys_atom"
Info (11172): Alt_sld_fab_0: "Generating: alt_sld_fab_0_altera_sld_jtag_hub_1920_gtplbma"
Info (11172): Alt_sld_fab_0: "Generating: alt_sld_fab_0_altera_connection_identification_hub_1920_k2uex2a"
Info (11172): Alt_sld_fab_0: "Generating: alt_sld_fab_0_intel_configuration_debug_reset_release_hub_203_vuwprxq"
Info (11172): Conf_reset_src: "Generating: conf_reset_src"
Info (11172): Grounded_conf_reset_src: "Generating: grounded_conf_reset_src"
Info (11172): Alt_sld_fab_0: "Generating: conf_reset_src"
Info (11172): Alt_sld_fab_0: "Generating: grounded_conf_reset_src"
Info (11172): Alt_sld_fab_0: "Generating: intel_configuration_reset_release_for_debug"
Info (11172): Alt_sld_fab_0: "Generating: intel_configuration_reset_release_to_debug_logic"
Info (11172): Alt_sld_fab_0: Done "alt_sld_fab_0" with 12 modules, 12 files
Info (11172): Finished: Create HDL design files for synthesis
Info (11172): Generation of /home/ubuntuaspiretank/p4p/P4P-Team44/NewNewProject/hw/dni/sandboxes/ubuntuaspiretank-Aspire-A515-58GM_105226_0/sld/ipgen/alt_sld_fab_0.ip (alt_sld_fab_0) took 632 ms
Info (11171): Finished IP generation for the debug fabric: alt_sld_fab_0.
Info (19337): VHDL info at alt_sld_fab_0_altera_sld_jtag_hub_1920_gtplbma.vhd(13): executing entity "alt_sld_fab_0_altera_sld_jtag_hub_1920_gtplbma(device_family="Arria 10",n_node_ir_bits=5,node_info="000011000000000001101110000000000000100010011000011011100000000000000000010010000110111000000000",compilation_mode=0,force_pre_1_4_feature=0,negedge_tdo_latch=0)(1,8)(1,0)(1,96)" with architecture "rtl" File: /home/ubuntuaspiretank/p4p/P4P-Team44/NewNewProject/hw/dni/sandboxes/ubuntuaspiretank-Aspire-A515-58GM_105226_0/sld/ipgen/alt_sld_fab_0/altera_sld_jtag_hub_1920/synth/alt_sld_fab_0_altera_sld_jtag_hub_1920_gtplbma.vhd Line: 13
Info (19337): VHDL info at sld_jtag_hub.vhd(89): executing entity "sld_jtag_hub(device_family="Arria 10",n_node_ir_bits=5,node_info="000011000000000001101110000000000000100010011000011011100000000000000000010010000110111000000000",force_pre_1_4_feature=0,negedge_tdo_latch=0)(1,8)(95,0)" with architecture "rtl" File: /home/ubuntuaspiretank/intelFPGA_pro/24.1/quartus/libraries/megafunctions/sld_jtag_hub.vhd Line: 89
Info (19337): VHDL info at sld_hub.vhd(1554): executing entity "sld_shadow_jsm(ip_major_version=1,ip_minor_version=5)" with architecture "rtl" File: /home/ubuntuaspiretank/intelFPGA_pro/24.1/quartus/libraries/megafunctions/sld_hub.vhd Line: 1554
Info (19337): VHDL info at sld_rom_sr.vhd(5): executing entity "sld_rom_sr(n_bits=128)" with architecture "INFO_REG" File: /home/ubuntuaspiretank/intelFPGA_pro/24.1/quartus/libraries/megafunctions/sld_rom_sr.vhd Line: 5
Info: DA report generation in native DNI mode
Info (21615): Running Design Assistant Rules for snapshot 'partitioned'
Info: No waiver waived any violations
Info (22360): Design Assistant Results: 4 of 4 enabled rules passed, and 0 rules was disabled, in snapshot 'partitioned'
Info (21622): Design Assistant Results: 0 of 4 Low severity rules issued violations in snapshot 'partitioned'


