Fitter Place Stage Report for top
Tue Sep 16 15:25:57 2025
Quartus Prime Version 24.1.0 Build 115 03/21/2024 SC Pro Edition


---------------------
; Table of Contents ;
---------------------
  1. Legal Notice
  2. Fitter Resource Usage Summary
  3. Fitter Resource Utilization by Entity
  4. Fitter Partition Statistics
  5. Non-Global High Fan-Out Signals
  6. Fitter RAM Summary
  7. Fitter Physical RAM Information
  8. Fitter DSP Block Usage Summary
  9. Place Messages



----------------
; Legal Notice ;
----------------
Copyright (C) 2024  Intel Corporation. All rights reserved.
Your use of Intel Corporation's design tools, logic functions 
and other software and tools, and any partner logic 
functions, and any output files from any of the foregoing 
(including device programming or simulation files), and any 
associated documentation or information are expressly subject 
to the terms and conditions of the Intel Program License 
Subscription Agreement, the Intel Quartus Prime License Agreement,
the Intel FPGA IP License Agreement, or other applicable license
agreement, including, without limitation, that your use is for
the sole purpose of programming logic devices manufactured by
Intel and sold by Intel or its authorized distributors.  Please
refer to the Intel FPGA Software License Subscription Agreements 
on the Quartus Prime software download page.



+-----------------------------------------------------------------------------------------------+
; Fitter Resource Usage Summary                                                                 ;
+-------------------------------------------------------------+-------------------------+-------+
; Resource                                                    ; Usage                   ; %     ;
+-------------------------------------------------------------+-------------------------+-------+
; Usage Report Generated after: Place                         ;                         ;       ;
;                                                             ;                         ;       ;
; Logic utilization (ALMs needed / total ALMs on device)      ; 4,185 / 251,680         ; 2 %   ;
; ALMs needed [=A-B+C]                                        ; 4,185                   ;       ;
;     [A] ALMs used in final placement [=a+b+c+d]             ; 4,777 / 251,680         ; 2 %   ;
;         [a] ALMs used for LUT logic and registers           ; 1,482                   ;       ;
;         [b] ALMs used for LUT logic                         ; 2,367                   ;       ;
;         [c] ALMs used for registers                         ; 848                     ;       ;
;         [d] ALMs used for memory (up to half of total ALMs) ; 80                      ;       ;
;     [B] Estimate of ALMs recoverable by dense packing       ; 623 / 251,680           ; < 1 % ;
;     [C] Estimate of ALMs unavailable [=a+b+c+d]             ; 31 / 251,680            ; < 1 % ;
;         [a] Due to location constrained logic               ; 0                       ;       ;
;         [b] Due to LAB-wide signal conflicts                ; 0                       ;       ;
;         [c] Due to LAB input limits                         ; 31                      ;       ;
;         [d] Due to virtual I/Os                             ; 0                       ;       ;
;                                                             ;                         ;       ;
; Difficulty packing design                                   ; Low                     ;       ;
;                                                             ;                         ;       ;
; Total LABs:  partially or completely used                   ; 702 / 25,168            ; 3 %   ;
;     -- Logic LABs                                           ; 694                     ;       ;
;     -- Memory LABs (up to half of total LABs)               ; 8                       ;       ;
;                                                             ;                         ;       ;
; Combinational ALUT usage for logic                          ; 6,112                   ;       ;
;     -- 7 input functions                                    ; 68                      ;       ;
;     -- 6 input functions                                    ; 1,663                   ;       ;
;     -- 5 input functions                                    ; 984                     ;       ;
;     -- 4 input functions                                    ; 1,145                   ;       ;
;     -- <=3 input functions                                  ; 2,252                   ;       ;
; Combinational ALUT usage for route-throughs                 ; 1,440                   ;       ;
; Memory ALUT usage                                           ; 130                     ;       ;
;     -- 64-address deep                                      ; 0                       ;       ;
;     -- 32-address deep                                      ; 130                     ;       ;
;                                                             ;                         ;       ;
;                                                             ;                         ;       ;
; Dedicated logic registers                                   ; 4,970                   ;       ;
;     -- By type:                                             ;                         ;       ;
;         -- Primary logic registers                          ; 4,659 / 503,360         ; < 1 % ;
;         -- Secondary logic registers                        ; 311 / 503,360           ; < 1 % ;
;     -- By function:                                         ;                         ;       ;
;         -- Design implementation registers                  ; 4,970                   ;       ;
;         -- Routing optimization registers                   ; 0                       ;       ;
;                                                             ;                         ;       ;
; ALMs adjustment for power estimation                        ; 534                     ;       ;
;                                                             ;                         ;       ;
; Virtual pins                                                ; 0                       ;       ;
; I/O pins                                                    ; 1 / 812                 ; < 1 % ;
;     -- Clock pins                                           ; 1 / 41                  ; 2 %   ;
;     -- Dedicated input pins                                 ; 3 / 107                 ; 3 %   ;
;                                                             ;                         ;       ;
; Hard processor system peripheral utilization                ;                         ;       ;
;     -- Boot from FPGA                                       ; 0 / 1 ( 0 % )           ;       ;
;     -- Clock resets                                         ; 0 / 1 ( 0 % )           ;       ;
;     -- Cross trigger                                        ; 0 / 1 ( 0 % )           ;       ;
;     -- S2F AXI                                              ; 0 / 1 ( 0 % )           ;       ;
;     -- F2S AXI                                              ; 0 / 1 ( 0 % )           ;       ;
;     -- AXI Lightweight                                      ; 0 / 1 ( 0 % )           ;       ;
;     -- SDRAM                                                ; 0 / 1 ( 0 % )           ;       ;
;     -- Interrupts                                           ; 0 / 1 ( 0 % )           ;       ;
;     -- JTAG                                                 ; 0 / 1 ( 0 % )           ;       ;
;     -- MPU event standby                                    ; 0 / 1 ( 0 % )           ;       ;
;     -- MPU general purpose                                  ; 0 / 1 ( 0 % )           ;       ;
;     -- STM event                                            ; 0 / 1 ( 0 % )           ;       ;
;     -- TPIU trace                                           ; 0 / 1 ( 0 % )           ;       ;
;     -- DMA                                                  ; 0 / 1 ( 0 % )           ;       ;
;     -- EMAC                                                 ; 0 / 3 ( 0 % )           ;       ;
;     -- I2C                                                  ; 0 / 5 ( 0 % )           ;       ;
;     -- NAND Flash                                           ; 0 / 1 ( 0 % )           ;       ;
;     -- QSPI                                                 ; 0 / 1 ( 0 % )           ;       ;
;     -- SDMMC                                                ; 0 / 1 ( 0 % )           ;       ;
;     -- SPI Master                                           ; 0 / 2 ( 0 % )           ;       ;
;     -- SPI Slave                                            ; 0 / 2 ( 0 % )           ;       ;
;     -- UART                                                 ; 0 / 2 ( 0 % )           ;       ;
;     -- USB                                                  ; 0 / 2 ( 0 % )           ;       ;
;                                                             ;                         ;       ;
; M20K blocks                                                 ; 1,290 / 2,131           ; 61 %  ;
; Total MLAB memory bits                                      ; 1,936                   ;       ;
; Total block memory bits                                     ; 21,046,016 / 43,642,880 ; 48 %  ;
; Total block memory implementation bits                      ; 26,419,200 / 43,642,880 ; 61 %  ;
;                                                             ;                         ;       ;
; DSP Blocks Needed [=A+B+C-D]                                ; 18 / 1,687              ; 1 %   ;
;     [A] Total Fixed Point DSP Blocks                        ; 19                      ;       ;
;     [B] Total Floating Point DSP Blocks                     ; 0                       ;       ;
;     [C] Total DSP_PRIME Blocks                              ; 0                       ;       ;
;     [D] Estimate of DSP Blocks recoverable by dense merging ; 1                       ;       ;
;                                                             ;                         ;       ;
; IOPLLs                                                      ; 0 / 16                  ; 0 %   ;
; FPLLs                                                       ; 0 / 16                  ; 0 %   ;
; Global signals                                              ; 0                       ;       ;
;     -- Global clocks                                        ; 0 / 32                  ; 0 %   ;
;     -- Regional clocks                                      ; 0 / 16                  ; 0 %   ;
;     -- Periphery clocks                                     ; 0 / 288                 ; 0 %   ;
; JTAGs                                                       ; 1 / 1                   ; 100 % ;
; ASMI blocks                                                 ; 0 / 1                   ; 0 %   ;
; CRC blocks                                                  ; 0 / 1                   ; 0 %   ;
; Remote update blocks                                        ; 0 / 1                   ; 0 %   ;
; Oscillator blocks                                           ; 0 / 1                   ; 0 %   ;
; PCIe Hard IPs                                               ; 0 / 2                   ; 0 %   ;
; HSSI RX PCSs                                                ; 0 / 48                  ; 0 %   ;
; HSSI PMA RX DESERs                                          ; 0 / 48                  ; 0 %   ;
; HSSI TX PCSs                                                ; 0 / 48                  ; 0 %   ;
; HSSI PMA TX SERs                                            ; 0 / 48                  ; 0 %   ;
; HSSI CDR PLL                                                ; 0 / 48                  ; 0 %   ;
;     -- CDR PLLs for Unused RX Clock Workaround              ; 0 / 48                  ; 0 %   ;
; HSSI ATX PLL                                                ; 0 / 16                  ; 0 %   ;
; Impedance control blocks                                    ; 0 / 14                  ; 0 %   ;
; Maximum fan-out                                             ; 1461                    ;       ;
; Highest non-global fan-out                                  ; 1461                    ;       ;
; Total fan-out                                               ; 67116                   ;       ;
; Average fan-out                                             ; 5.28                    ;       ;
+-------------------------------------------------------------+-------------------------+-------+
The Fitter Resource Usage Summary report displays a detailed analysis of logic utilization based on calculations of ALM usage. Refer to <a class="xref" href="https://www.intel.com/content/www/us/en/programmable/quartushelp/current/index.htm#mapIdTopics/mwh1465496451103.htm" target="_blank">Fitter Resource Usage Summary Report</a> in the <i>Intel® Quartus® Prime Pro Edition Help</i> for more information.


+-------------------------------------------------------------------------------------------------------------------------------------------------------------------------------------------------------------------------------------------------------------------------------------------------------------------------------------------------------------------------------------------------------------------------------------------------------------------------------------------------------------------------------------------------------------------------------------------------------------------------------------------------------------------------------------------------------------------------------------------------------------------------------------+
; Fitter Resource Utilization by Entity                                                                                                                                                                                                                                                                                                                                                                                                                                                                                                                                                                                                                                                                                                                                               ;
+--------------------------------------------------------------------------------+----------------------+----------------------------------+---------------------------------------------------+----------------------------------+----------------------+---------------------+---------------------------+---------------+-------------------+-------+--------------------------+----------------------------------------+---------------------------------------------------+------+--------------+--------+----------------------------------------------------------------------------------------------------------------------------------------------------------+-----------------------------------------------------------------------+------------------------------------+
; Compilation Hierarchy Node                                                     ; ALMs needed [=A-B+C] ; [A] ALMs used in final placement ; [B] Estimate of ALMs recoverable by dense packing ; [C] Estimate of ALMs unavailable ; ALMs used for memory ; Combinational ALUTs ; Dedicated Logic Registers ; I/O Registers ; Block Memory Bits ; M20Ks ; DSP Blocks needed [=A-B] ; [A] DSP Blocks used in final placement ; [B] Estimate of DSPs recoverable by dense merging ; Pins ; Virtual Pins ; IOPLLs ; Full Hierarchy Name                                                                                                                                      ; Entity Name                                                           ; Library Name                       ;
+--------------------------------------------------------------------------------+----------------------+----------------------------------+---------------------------------------------------+----------------------------------+----------------------+---------------------+---------------------------+---------------+-------------------+-------+--------------------------+----------------------------------------+---------------------------------------------------+------+--------------+--------+----------------------------------------------------------------------------------------------------------------------------------------------------------+-----------------------------------------------------------------------+------------------------------------+
; |                                                                              ; 4185.0 (0.8)         ; 4776.0 (0.8)                     ; 622.0 (0.0)                                       ; 31.0 (0.0)                       ; 80.0 (0.0)           ; 6112 (2)            ; 4970 (0)                  ; 0 (0)         ; 21046016          ; 1290  ; 18                       ; 19                                     ; 0                                                 ; 6    ; 0            ; 0 (0)  ; |                                                                                                                                                        ; top                                                                   ; altera_work                        ;
;    |auto_fab_0|                                                                ; 86.0 (0.0)           ; 97.5 (0.0)                       ; 12.0 (0.0)                                        ; 0.5 (0.0)                        ; 0.0 (0.0)            ; 142 (0)             ; 99 (0)                    ; 0 (0)         ; 0                 ; 0     ; 0                        ; 0                                      ; 0                                                 ; 0    ; 0            ; 0 (0)  ; auto_fab_0                                                                                                                                               ; alt_sld_fab_0                                                         ; alt_sld_fab_0                      ;
;       |alt_sld_fab_0|                                                          ; 86.0 (0.0)           ; 97.5 (0.0)                       ; 12.0 (0.0)                                        ; 0.5 (0.0)                        ; 0.0 (0.0)            ; 142 (0)             ; 99 (0)                    ; 0 (0)         ; 0                 ; 0     ; 0                        ; 0                                      ; 0                                                 ; 0    ; 0            ; 0 (0)  ; auto_fab_0|alt_sld_fab_0                                                                                                                                 ; alt_sld_fab_0_alt_sld_fab_0_10_mgvf7lq                                ; altera_work                        ;
;          |alt_sld_fab_0|                                                       ; 86.0 (0.0)           ; 97.5 (0.0)                       ; 12.0 (0.0)                                        ; 0.5 (0.0)                        ; 0.0 (0.0)            ; 142 (0)             ; 99 (0)                    ; 0 (0)         ; 0                 ; 0     ; 0                        ; 0                                      ; 0                                                 ; 0    ; 0            ; 0 (0)  ; auto_fab_0|alt_sld_fab_0|alt_sld_fab_0                                                                                                                   ; alt_sld_fab_0_alt_sld_fab_1920_kfgzazq                                ; altera_work                        ;
;             |configresetfabric|                                                ; 0.0 (0.0)            ; 0.0 (0.0)                        ; 0.0 (0.0)                                         ; 0.0 (0.0)                        ; 0.0 (0.0)            ; 1 (0)               ; 0 (0)                     ; 0 (0)         ; 0                 ; 0     ; 0                        ; 0                                      ; 0                                                 ; 0    ; 0            ; 0 (0)  ; auto_fab_0|alt_sld_fab_0|alt_sld_fab_0|configresetfabric                                                                                                 ; alt_sld_fab_0_intel_configuration_debug_reset_release_hub_203_vuwprxq ; altera_work                        ;
;                |conf_reset_src|                                                ; 0.0 (0.0)            ; 0.0 (0.0)                        ; 0.0 (0.0)                                         ; 0.0 (0.0)                        ; 0.0 (0.0)            ; 1 (1)               ; 0 (0)                     ; 0 (0)         ; 0                 ; 0     ; 0                        ; 0                                      ; 0                                                 ; 0    ; 0            ; 0 (0)  ; auto_fab_0|alt_sld_fab_0|alt_sld_fab_0|configresetfabric|conf_reset_src                                                                                  ; intel_configuration_reset_release_for_debug                           ; altera_work                        ;
;             |jtagpins|                                                         ; 0.3 (0.3)            ; 0.3 (0.3)                        ; 0.0 (0.0)                                         ; 0.0 (0.0)                        ; 0.0 (0.0)            ; 0 (0)               ; 1 (1)                     ; 0 (0)         ; 0                 ; 0     ; 0                        ; 0                                      ; 0                                                 ; 0    ; 0            ; 0 (0)  ; auto_fab_0|alt_sld_fab_0|alt_sld_fab_0|jtagpins                                                                                                          ; altera_jtag_wys_atom                                                  ; altera_work                        ;
;                |atom_inst|                                                     ; 0.0 (0.0)            ; 0.0 (0.0)                        ; 0.0 (0.0)                                         ; 0.0 (0.0)                        ; 0.0 (0.0)            ; 0 (0)               ; 0 (0)                     ; 0 (0)         ; 0                 ; 0     ; 0                        ; 0                                      ; 0                                                 ; 0    ; 0            ; 0 (0)  ; auto_fab_0|alt_sld_fab_0|alt_sld_fab_0|jtagpins|atom_inst                                                                                                ; altera_jtag_wys_atom_bare                                             ; altera_work                        ;
;             |sldfabric|                                                        ; 85.7 (0.0)           ; 97.2 (0.0)                       ; 12.0 (0.0)                                        ; 0.5 (0.0)                        ; 0.0 (0.0)            ; 141 (0)             ; 98 (0)                    ; 0 (0)         ; 0                 ; 0     ; 0                        ; 0                                      ; 0                                                 ; 0    ; 0            ; 0 (0)  ; auto_fab_0|alt_sld_fab_0|alt_sld_fab_0|sldfabric                                                                                                         ; alt_sld_fab_0_altera_sld_jtag_hub_1920_gtplbma                        ; altera_work                        ;
;                |jtag_hub_gen.real_sld_jtag_hub|                                ; 85.7 (63.9)          ; 97.2 (73.8)                      ; 12.0 (10.1)                                       ; 0.5 (0.2)                        ; 0.0 (0.0)            ; 141 (104)           ; 98 (69)                   ; 0 (0)         ; 0                 ; 0     ; 0                        ; 0                                      ; 0                                                 ; 0    ; 0            ; 0 (0)  ; auto_fab_0|alt_sld_fab_0|alt_sld_fab_0|sldfabric|jtag_hub_gen.real_sld_jtag_hub                                                                          ; sld_jtag_hub                                                          ; altera_work                        ;
;                   |hub_info_reg|                                               ; 11.3 (11.3)          ; 11.5 (11.5)                      ; 0.2 (0.2)                                         ; 0.0 (0.0)                        ; 0.0 (0.0)            ; 18 (18)             ; 10 (10)                   ; 0 (0)         ; 0                 ; 0     ; 0                        ; 0                                      ; 0                                                 ; 0    ; 0            ; 0 (0)  ; auto_fab_0|alt_sld_fab_0|alt_sld_fab_0|sldfabric|jtag_hub_gen.real_sld_jtag_hub|hub_info_reg                                                             ; sld_rom_sr                                                            ; altera_work                        ;
;                   |shadow_jsm|                                                 ; 10.4 (10.4)          ; 11.8 (11.8)                      ; 1.8 (1.8)                                         ; 0.3 (0.3)                        ; 0.0 (0.0)            ; 19 (19)             ; 19 (19)                   ; 0 (0)         ; 0                 ; 0     ; 0                        ; 0                                      ; 0                                                 ; 0    ; 0            ; 0 (0)  ; auto_fab_0|alt_sld_fab_0|alt_sld_fab_0|sldfabric|jtag_hub_gen.real_sld_jtag_hub|shadow_jsm                                                               ; sld_shadow_jsm                                                        ; altera_work                        ;
;    |issp_inst|                                                                 ; 10.5 (0.0)           ; 11.6 (0.0)                       ; 1.1 (0.0)                                         ; 0.0 (0.0)                        ; 0.0 (0.0)            ; 15 (0)              ; 10 (0)                    ; 0 (0)         ; 0                 ; 0     ; 0                        ; 0                                      ; 0                                                 ; 0    ; 0            ; 0 (0)  ; issp_inst                                                                                                                                                ; altsource_probe                                                       ; altera_work                        ;
;       |altsource_probe_body_inst|                                              ; 10.5 (0.0)           ; 11.6 (0.0)                       ; 1.1 (0.0)                                         ; 0.0 (0.0)                        ; 0.0 (0.0)            ; 15 (0)              ; 10 (0)                    ; 0 (0)         ; 0                 ; 0     ; 0                        ; 0                                      ; 0                                                 ; 0    ; 0            ; 0 (0)  ; issp_inst|altsource_probe_body_inst                                                                                                                      ; altsource_probe_body                                                  ; altera_work                        ;
;          |wider_source_gen.wider_source_inst|                                  ; 10.5 (4.1)           ; 11.6 (4.1)                       ; 1.1 (0.0)                                         ; 0.0 (0.0)                        ; 0.0 (0.0)            ; 15 (6)              ; 10 (3)                    ; 0 (0)         ; 0                 ; 0     ; 0                        ; 0                                      ; 0                                                 ; 0    ; 0            ; 0 (0)  ; issp_inst|altsource_probe_body_inst|wider_source_gen.wider_source_inst                                                                                   ; altsource_probe_impl                                                  ; altera_work                        ;
;             |no_instance_id_gen.rom_info_inst|                                 ; 6.0 (6.0)            ; 7.5 (7.5)                        ; 1.5 (1.5)                                         ; 0.0 (0.0)                        ; 0.0 (0.0)            ; 9 (9)               ; 7 (7)                     ; 0 (0)         ; 0                 ; 0     ; 0                        ; 0                                      ; 0                                                 ; 0    ; 0            ; 0 (0)  ; issp_inst|altsource_probe_body_inst|wider_source_gen.wider_source_inst|no_instance_id_gen.rom_info_inst                                                  ; sld_rom_sr                                                            ; altera_work                        ;
;    |reset_gen|                                                                 ; 0.2 (0.2)            ; 5.2 (0.2)                        ; 5.0 (0.0)                                         ; 0.0 (0.0)                        ; 0.0 (0.0)            ; 0 (0)               ; 21 (1)                    ; 0 (0)         ; 0                 ; 0     ; 0                        ; 0                                      ; 0                                                 ; 0    ; 0            ; 0 (0)  ; reset_gen                                                                                                                                                ; power_on_reset                                                        ; altera_work                        ;
;       |power_on_reset_std_sync_inst|                                           ; 0.0 (0.0)            ; 5.0 (5.0)                        ; 5.0 (5.0)                                         ; 0.0 (0.0)                        ; 0.0 (0.0)            ; 0 (0)               ; 20 (20)                   ; 0 (0)         ; 0                 ; 0     ; 0                        ; 0                                      ; 0                                                 ; 0    ; 0            ; 0 (0)  ; reset_gen|power_on_reset_std_sync_inst                                                                                                                   ; altera_std_synchronizer                                               ; intel_niosv_dbg_mod_210            ;
;    |u0|                                                                        ; 4087.5 (0.0)         ; 4660.9 (0.0)                     ; 603.9 (0.0)                                       ; 30.5 (0.0)                       ; 80.0 (0.0)           ; 5953 (0)            ; 4840 (0)                  ; 0 (0)         ; 21046016          ; 1290  ; 18                       ; 19                                     ; 0                                                 ; 0    ; 0            ; 0 (0)  ; u0                                                                                                                                                       ; sys                                                                   ; sys                                ;
;       |cpu|                                                                    ; 2572.5 (0.0)         ; 2988.4 (0.0)                     ; 426.9 (0.0)                                       ; 11.0 (0.0)                       ; 80.0 (0.0)           ; 3741 (0)            ; 3288 (0)                  ; 0 (0)         ; 73472             ; 8     ; 2                        ; 3                                      ; 0                                                 ; 0    ; 0            ; 0 (0)  ; u0|cpu                                                                                                                                                   ; cpu                                                                   ; cpu                                ;
;          |intel_niosv_g_inst|                                                  ; 2572.5 (0.0)         ; 2988.4 (0.0)                     ; 426.9 (0.0)                                       ; 11.0 (0.0)                       ; 80.0 (0.0)           ; 3741 (0)            ; 3288 (0)                  ; 0 (0)         ; 73472             ; 8     ; 2                        ; 3                                      ; 0                                                 ; 0    ; 0            ; 0 (0)  ; u0|cpu|intel_niosv_g_inst                                                                                                                                ; cpu_intel_niosv_g_220_jwf5evi                                         ; intel_niosv_g_220                  ;
;             |dbg_mod|                                                          ; 334.7 (0.0)          ; 460.8 (0.0)                      ; 131.2 (0.0)                                       ; 5.0 (0.0)                        ; 60.0 (0.0)           ; 403 (0)             ; 730 (0)                   ; 0 (0)         ; 0                 ; 0     ; 0                        ; 0                                      ; 0                                                 ; 0    ; 0            ; 0 (0)  ; u0|cpu|intel_niosv_g_inst|dbg_mod                                                                                                                        ; niosv_dm_top                                                          ; intel_niosv_dbg_mod_210            ;
;                |dm_inst|                                                       ; 257.8 (166.0)        ; 290.1 (197.1)                    ; 32.8 (31.1)                                       ; 0.5 (0.0)                        ; 60.0 (0.0)           ; 337 (296)           ; 310 (224)                 ; 0 (0)         ; 0                 ; 0     ; 0                        ; 0                                      ; 0                                                 ; 0    ; 0            ; 0 (0)  ; u0|cpu|intel_niosv_g_inst|dbg_mod|dm_inst                                                                                                                ; niosv_debug_module                                                    ; intel_niosv_dbg_mod_210            ;
;                   |dbg_rom_inst|                                               ; 61.9 (0.0)           ; 62.2 (0.0)                       ; 0.8 (0.0)                                         ; 0.5 (0.0)                        ; 40.0 (0.0)           ; 41 (0)              ; 45 (0)                    ; 0 (0)         ; 0                 ; 0     ; 0                        ; 0                                      ; 0                                                 ; 0    ; 0            ; 0 (0)  ; u0|cpu|intel_niosv_g_inst|dbg_mod|dm_inst|dbg_rom_inst                                                                                                   ; niosv_ram                                                             ; intel_niosv_dbg_mod_210            ;
;                      |ram_no_ecc.data_ram|                                     ; 61.9 (0.0)           ; 62.2 (0.0)                       ; 0.8 (0.0)                                         ; 0.5 (0.0)                        ; 40.0 (0.0)           ; 41 (0)              ; 45 (0)                    ; 0 (0)         ; 0                 ; 0     ; 0                        ; 0                                      ; 0                                                 ; 0    ; 0            ; 0 (0)  ; u0|cpu|intel_niosv_g_inst|dbg_mod|dm_inst|dbg_rom_inst|ram_no_ecc.data_ram                                                                               ; altsyncram                                                            ; altera_work                        ;
;                         |auto_generated|                                       ; 61.9 (61.1)          ; 62.2 (61.2)                      ; 0.8 (0.6)                                         ; 0.5 (0.5)                        ; 40.0 (40.0)          ; 41 (39)             ; 45 (45)                   ; 0 (0)         ; 0                 ; 0     ; 0                        ; 0                                      ; 0                                                 ; 0    ; 0            ; 0 (0)  ; u0|cpu|intel_niosv_g_inst|dbg_mod|dm_inst|dbg_rom_inst|ram_no_ecc.data_ram|auto_generated                                                                ; altsyncram_1m2d1                                                      ; altera_work                        ;
;                            |wr_decode|                                         ; 0.8 (0.8)            ; 1.0 (1.0)                        ; 0.2 (0.2)                                         ; 0.0 (0.0)                        ; 0.0 (0.0)            ; 2 (2)               ; 0 (0)                     ; 0 (0)         ; 0                 ; 0     ; 0                        ; 0                                      ; 0                                                 ; 0    ; 0            ; 0 (0)  ; u0|cpu|intel_niosv_g_inst|dbg_mod|dm_inst|dbg_rom_inst|ram_no_ecc.data_ram|auto_generated|wr_decode                                                      ; decode_6n1m1                                                          ; altera_work                        ;
;                   |niosv_dm_csr_mem_inst|                                      ; 29.9 (0.0)           ; 30.8 (0.0)                       ; 0.9 (0.0)                                         ; 0.0 (0.0)                        ; 20.0 (0.0)           ; 0 (0)               ; 41 (0)                    ; 0 (0)         ; 0                 ; 0     ; 0                        ; 0                                      ; 0                                                 ; 0    ; 0            ; 0 (0)  ; u0|cpu|intel_niosv_g_inst|dbg_mod|dm_inst|niosv_dm_csr_mem_inst                                                                                          ; niosv_ram                                                             ; intel_niosv_dbg_mod_210            ;
;                      |ram_no_ecc.data_ram|                                     ; 29.9 (0.0)           ; 30.8 (0.0)                       ; 0.9 (0.0)                                         ; 0.0 (0.0)                        ; 20.0 (0.0)           ; 0 (0)               ; 41 (0)                    ; 0 (0)         ; 0                 ; 0     ; 0                        ; 0                                      ; 0                                                 ; 0    ; 0            ; 0 (0)  ; u0|cpu|intel_niosv_g_inst|dbg_mod|dm_inst|niosv_dm_csr_mem_inst|ram_no_ecc.data_ram                                                                      ; altsyncram                                                            ; altera_work                        ;
;                         |auto_generated|                                       ; 29.9 (29.9)          ; 30.8 (30.8)                      ; 0.9 (0.9)                                         ; 0.0 (0.0)                        ; 20.0 (20.0)          ; 0 (0)               ; 41 (41)                   ; 0 (0)         ; 0                 ; 0     ; 0                        ; 0                                      ; 0                                                 ; 0    ; 0            ; 0 (0)  ; u0|cpu|intel_niosv_g_inst|dbg_mod|dm_inst|niosv_dm_csr_mem_inst|ram_no_ecc.data_ram|auto_generated                                                       ; altsyncram_45d12                                                      ; altera_work                        ;
;                |dtm_inst|                                                      ; 76.9 (68.7)          ; 170.7 (85.1)                     ; 98.4 (18.1)                                       ; 4.5 (1.7)                        ; 0.0 (0.0)            ; 66 (55)             ; 420 (162)                 ; 0 (0)         ; 0                 ; 0     ; 0                        ; 0                                      ; 0                                                 ; 0    ; 0            ; 0 (0)  ; u0|cpu|intel_niosv_g_inst|dbg_mod|dtm_inst                                                                                                               ; niosv_dm_jtag2mm                                                      ; intel_niosv_dbg_mod_210            ;
;                   |cmd_clk_xer|                                                ; 3.5 (0.0)            ; 50.4 (0.0)                       ; 48.0 (0.0)                                        ; 1.2 (0.0)                        ; 0.0 (0.0)            ; 6 (0)               ; 144 (0)                   ; 0 (0)         ; 0                 ; 0     ; 0                        ; 0                                      ; 0                                                 ; 0    ; 0            ; 0 (0)  ; u0|cpu|intel_niosv_g_inst|dbg_mod|dtm_inst|cmd_clk_xer                                                                                                   ; altera_avalon_st_handshake_clock_crosser                              ; intel_niosv_dbg_mod_210            ;
;                      |clock_xer|                                               ; 3.5 (3.2)            ; 50.4 (34.1)                      ; 48.0 (31.9)                                       ; 1.2 (1.1)                        ; 0.0 (0.0)            ; 6 (6)               ; 144 (90)                  ; 0 (0)         ; 0                 ; 0     ; 0                        ; 0                                      ; 0                                                 ; 0    ; 0            ; 0 (0)  ; u0|cpu|intel_niosv_g_inst|dbg_mod|dtm_inst|cmd_clk_xer|clock_xer                                                                                         ; altera_avalon_st_clock_crosser                                        ; intel_niosv_dbg_mod_210            ;
;                         |alt_rst_req_sync_in_rst|                              ; 0.0 (0.0)            ; 1.0 (1.0)                        ; 1.0 (1.0)                                         ; 0.0 (0.0)                        ; 0.0 (0.0)            ; 0 (0)               ; 3 (3)                     ; 0 (0)         ; 0                 ; 0     ; 0                        ; 0                                      ; 0                                                 ; 0    ; 0            ; 0 (0)  ; u0|cpu|intel_niosv_g_inst|dbg_mod|dtm_inst|cmd_clk_xer|clock_xer|alt_rst_req_sync_in_rst                                                                 ; altera_reset_synchronizer                                             ; intel_niosv_dbg_mod_210            ;
;                         |alt_rst_req_sync_out_rst|                             ; -0.2 (-0.2)          ; 1.0 (1.0)                        ; 1.2 (1.2)                                         ; 0.0 (0.0)                        ; 0.0 (0.0)            ; 0 (0)               ; 3 (3)                     ; 0 (0)         ; 0                 ; 0     ; 0                        ; 0                                      ; 0                                                 ; 0    ; 0            ; 0 (0)  ; u0|cpu|intel_niosv_g_inst|dbg_mod|dtm_inst|cmd_clk_xer|clock_xer|alt_rst_req_sync_out_rst                                                                ; altera_reset_synchronizer                                             ; intel_niosv_dbg_mod_210            ;
;                         |in_to_out_synchronizer|                               ; 0.2 (0.2)            ; 0.8 (0.8)                        ; 0.7 (0.7)                                         ; 0.1 (0.1)                        ; 0.0 (0.0)            ; 0 (0)               ; 2 (2)                     ; 0 (0)         ; 0                 ; 0     ; 0                        ; 0                                      ; 0                                                 ; 0    ; 0            ; 0 (0)  ; u0|cpu|intel_niosv_g_inst|dbg_mod|dtm_inst|cmd_clk_xer|clock_xer|in_to_out_synchronizer                                                                  ; altera_std_synchronizer_nocut                                         ; intel_niosv_dbg_mod_210            ;
;                         |out_to_in_synchronizer|                               ; 0.2 (0.2)            ; 0.5 (0.5)                        ; 0.3 (0.3)                                         ; 0.1 (0.1)                        ; 0.0 (0.0)            ; 0 (0)               ; 2 (2)                     ; 0 (0)         ; 0                 ; 0     ; 0                        ; 0                                      ; 0                                                 ; 0    ; 0            ; 0 (0)  ; u0|cpu|intel_niosv_g_inst|dbg_mod|dtm_inst|cmd_clk_xer|clock_xer|out_to_in_synchronizer                                                                  ; altera_std_synchronizer_nocut                                         ; intel_niosv_dbg_mod_210            ;
;                         |output_stage|                                         ; 0.1 (0.1)            ; 13.0 (13.0)                      ; 12.9 (12.9)                                       ; 0.0 (0.0)                        ; 0.0 (0.0)            ; 0 (0)               ; 44 (44)                   ; 0 (0)         ; 0                 ; 0     ; 0                        ; 0                                      ; 0                                                 ; 0    ; 0            ; 0 (0)  ; u0|cpu|intel_niosv_g_inst|dbg_mod|dtm_inst|cmd_clk_xer|clock_xer|output_stage                                                                            ; altera_avalon_st_pipeline_base                                        ; intel_niosv_dbg_mod_210            ;
;                   |rsp_clk_xer|                                                ; 3.3 (0.0)            ; 33.2 (0.0)                       ; 31.5 (0.0)                                        ; 1.6 (0.0)                        ; 0.0 (0.0)            ; 3 (0)               ; 111 (0)                   ; 0 (0)         ; 0                 ; 0     ; 0                        ; 0                                      ; 0                                                 ; 0    ; 0            ; 0 (0)  ; u0|cpu|intel_niosv_g_inst|dbg_mod|dtm_inst|rsp_clk_xer                                                                                                   ; altera_avalon_st_handshake_clock_crosser                              ; intel_niosv_dbg_mod_210            ;
;                      |clock_xer|                                               ; 3.3 (1.5)            ; 33.2 (20.7)                      ; 31.5 (20.4)                                       ; 1.6 (1.1)                        ; 0.0 (0.0)            ; 3 (2)               ; 111 (68)                  ; 0 (0)         ; 0                 ; 0     ; 0                        ; 0                                      ; 0                                                 ; 0    ; 0            ; 0 (0)  ; u0|cpu|intel_niosv_g_inst|dbg_mod|dtm_inst|rsp_clk_xer|clock_xer                                                                                         ; altera_avalon_st_clock_crosser                                        ; intel_niosv_dbg_mod_210            ;
;                         |alt_rst_req_sync_in_rst|                              ; 0.2 (0.2)            ; 1.0 (1.0)                        ; 0.8 (0.8)                                         ; 0.0 (0.0)                        ; 0.0 (0.0)            ; 0 (0)               ; 3 (3)                     ; 0 (0)         ; 0                 ; 0     ; 0                        ; 0                                      ; 0                                                 ; 0    ; 0            ; 0 (0)  ; u0|cpu|intel_niosv_g_inst|dbg_mod|dtm_inst|rsp_clk_xer|clock_xer|alt_rst_req_sync_in_rst                                                                 ; altera_reset_synchronizer                                             ; intel_niosv_dbg_mod_210            ;
;                         |alt_rst_req_sync_out_rst|                             ; 0.0 (0.0)            ; 1.0 (1.0)                        ; 1.0 (1.0)                                         ; 0.0 (0.0)                        ; 0.0 (0.0)            ; 0 (0)               ; 3 (3)                     ; 0 (0)         ; 0                 ; 0     ; 0                        ; 0                                      ; 0                                                 ; 0    ; 0            ; 0 (0)  ; u0|cpu|intel_niosv_g_inst|dbg_mod|dtm_inst|rsp_clk_xer|clock_xer|alt_rst_req_sync_out_rst                                                                ; altera_reset_synchronizer                                             ; intel_niosv_dbg_mod_210            ;
;                         |in_to_out_synchronizer|                               ; 0.5 (0.5)            ; 0.7 (0.7)                        ; 0.2 (0.2)                                         ; 0.0 (0.0)                        ; 0.0 (0.0)            ; 0 (0)               ; 2 (2)                     ; 0 (0)         ; 0                 ; 0     ; 0                        ; 0                                      ; 0                                                 ; 0    ; 0            ; 0 (0)  ; u0|cpu|intel_niosv_g_inst|dbg_mod|dtm_inst|rsp_clk_xer|clock_xer|in_to_out_synchronizer                                                                  ; altera_std_synchronizer_nocut                                         ; intel_niosv_dbg_mod_210            ;
;                         |out_to_in_synchronizer|                               ; 0.2 (0.2)            ; 0.7 (0.7)                        ; 0.5 (0.5)                                         ; 0.0 (0.0)                        ; 0.0 (0.0)            ; 0 (0)               ; 2 (2)                     ; 0 (0)         ; 0                 ; 0     ; 0                        ; 0                                      ; 0                                                 ; 0    ; 0            ; 0 (0)  ; u0|cpu|intel_niosv_g_inst|dbg_mod|dtm_inst|rsp_clk_xer|clock_xer|out_to_in_synchronizer                                                                  ; altera_std_synchronizer_nocut                                         ; intel_niosv_dbg_mod_210            ;
;                         |output_stage|                                         ; 0.9 (0.9)            ; 9.1 (9.1)                        ; 8.6 (8.6)                                         ; 0.4 (0.4)                        ; 0.0 (0.0)            ; 1 (1)               ; 33 (33)                   ; 0 (0)         ; 0                 ; 0     ; 0                        ; 0                                      ; 0                                                 ; 0    ; 0            ; 0 (0)  ; u0|cpu|intel_niosv_g_inst|dbg_mod|dtm_inst|rsp_clk_xer|clock_xer|output_stage                                                                            ; altera_avalon_st_pipeline_base                                        ; intel_niosv_dbg_mod_210            ;
;                   |rst_controller|                                             ; 0.2 (0.0)            ; 1.0 (0.0)                        ; 0.8 (0.0)                                         ; 0.0 (0.0)                        ; 0.0 (0.0)            ; 0 (0)               ; 3 (0)                     ; 0 (0)         ; 0                 ; 0     ; 0                        ; 0                                      ; 0                                                 ; 0    ; 0            ; 0 (0)  ; u0|cpu|intel_niosv_g_inst|dbg_mod|dtm_inst|rst_controller                                                                                                ; altera_reset_controller                                               ; intel_niosv_dbg_mod_210            ;
;                      |alt_rst_sync_uq1|                                        ; 0.2 (0.2)            ; 1.0 (1.0)                        ; 0.8 (0.8)                                         ; 0.0 (0.0)                        ; 0.0 (0.0)            ; 0 (0)               ; 3 (3)                     ; 0 (0)         ; 0                 ; 0     ; 0                        ; 0                                      ; 0                                                 ; 0    ; 0            ; 0 (0)  ; u0|cpu|intel_niosv_g_inst|dbg_mod|dtm_inst|rst_controller|alt_rst_sync_uq1                                                                               ; altera_reset_synchronizer                                             ; intel_niosv_dbg_mod_210            ;
;                   |vjtag_inst|                                                 ; 1.0 (0.0)            ; 1.0 (0.0)                        ; 0.0 (0.0)                                         ; 0.0 (0.0)                        ; 0.0 (0.0)            ; 2 (0)               ; 0 (0)                     ; 0 (0)         ; 0                 ; 0     ; 0                        ; 0                                      ; 0                                                 ; 0    ; 0            ; 0 (0)  ; u0|cpu|intel_niosv_g_inst|dbg_mod|dtm_inst|vjtag_inst                                                                                                    ; sld_virtual_jtag_basic                                                ; altera_work                        ;
;                      |sld_virtual_jtag_impl_inst|                              ; 1.0 (1.0)            ; 1.0 (1.0)                        ; 0.0 (0.0)                                         ; 0.0 (0.0)                        ; 0.0 (0.0)            ; 2 (2)               ; 0 (0)                     ; 0 (0)         ; 0                 ; 0     ; 0                        ; 0                                      ; 0                                                 ; 0    ; 0            ; 0 (0)  ; u0|cpu|intel_niosv_g_inst|dbg_mod|dtm_inst|vjtag_inst|sld_virtual_jtag_impl_inst                                                                         ; sld_virtual_jtag_impl                                                 ; altera_work                        ;
;             |hart|                                                             ; 2098.5 (0.0)         ; 2378.4 (0.0)                     ; 285.4 (0.0)                                       ; 5.5 (0.0)                        ; 20.0 (0.0)           ; 3135 (0)            ; 2394 (0)                  ; 0 (0)         ; 73472             ; 8     ; 2                        ; 3                                      ; 0                                                 ; 0    ; 0            ; 0 (0)  ; u0|cpu|intel_niosv_g_inst|hart                                                                                                                           ; cpu_intel_niosv_g_unit_220_ydggj7q                                    ; intel_niosv_g_unit_220             ;
;                |core_inst|                                                     ; 2098.5 (708.8)       ; 2378.4 (876.8)                   ; 285.4 (169.1)                                     ; 5.5 (1.1)                        ; 20.0 (0.0)           ; 3135 (881)          ; 2394 (1140)               ; 0 (0)         ; 73472             ; 8     ; 2                        ; 3                                      ; 0                                                 ; 0    ; 0            ; 0 (0)  ; u0|cpu|intel_niosv_g_inst|hart|core_inst                                                                                                                 ; niosv_g_core_cpu_intel_niosv_g_unit_220_ydggj7q                       ; intel_niosv_g_unit_220             ;
;                   |alu_inst|                                                   ; 252.6 (252.6)        ; 261.5 (261.5)                    ; 9.2 (9.2)                                         ; 0.3 (0.3)                        ; 0.0 (0.0)            ; 360 (360)           ; 0 (0)                     ; 0 (0)         ; 0                 ; 0     ; 0                        ; 0                                      ; 0                                                 ; 0    ; 0            ; 0 (0)  ; u0|cpu|intel_niosv_g_inst|hart|core_inst|alu_inst                                                                                                        ; niosv_alu                                                             ; intel_niosv_g_unit_220             ;
;                   |csr_inst|                                                   ; 327.0 (322.9)        ; 331.8 (326.8)                    ; 6.8 (6.0)                                         ; 2.1 (2.1)                        ; 0.0 (0.0)            ; 500 (496)           ; 331 (319)                 ; 0 (0)         ; 0                 ; 0     ; 0                        ; 0                                      ; 0                                                 ; 0    ; 0            ; 0 (0)  ; u0|cpu|intel_niosv_g_inst|hart|core_inst|csr_inst                                                                                                        ; niosv_csr                                                             ; intel_niosv_g_unit_220             ;
;                      |irq_inst|                                                ; 4.1 (4.1)            ; 4.9 (4.9)                        ; 0.8 (0.8)                                         ; 0.0 (0.0)                        ; 0.0 (0.0)            ; 4 (4)               ; 12 (12)                   ; 0 (0)         ; 0                 ; 0     ; 0                        ; 0                                      ; 0                                                 ; 0    ; 0            ; 0 (0)  ; u0|cpu|intel_niosv_g_inst|hart|core_inst|csr_inst|irq_inst                                                                                               ; niosv_interrupt_handler                                               ; intel_niosv_g_unit_220             ;
;                   |gen_muldiv.div_inst|                                        ; 125.3 (125.3)        ; 127.3 (127.3)                    ; 2.0 (2.0)                                         ; 0.0 (0.0)                        ; 0.0 (0.0)            ; 237 (237)           ; 176 (176)                 ; 0 (0)         ; 0                 ; 0     ; 0                        ; 0                                      ; 0                                                 ; 0    ; 0            ; 0 (0)  ; u0|cpu|intel_niosv_g_inst|hart|core_inst|gen_muldiv.div_inst                                                                                             ; niosv_divider                                                         ; intel_niosv_g_unit_220             ;
;                   |gen_muldiv.mul_inst|                                        ; 40.8 (17.0)          ; 40.8 (17.0)                      ; 0.1 (0.0)                                         ; 0.0 (0.0)                        ; 0.0 (0.0)            ; 84 (36)             ; 37 (37)                   ; 0 (0)         ; 0                 ; 0     ; 2                        ; 3                                      ; 0                                                 ; 0    ; 0            ; 0 (0)  ; u0|cpu|intel_niosv_g_inst|hart|core_inst|gen_muldiv.mul_inst                                                                                             ; niosv_multiplier                                                      ; intel_niosv_g_unit_220             ;
;                      |dsp_mult_inst|                                           ; 23.7 (0.0)           ; 23.8 (0.0)                       ; 0.2 (0.0)                                         ; 0.0 (0.0)                        ; 0.0 (0.0)            ; 48 (0)              ; 0 (0)                     ; 0 (0)         ; 0                 ; 0     ; 2                        ; 3                                      ; 0                                                 ; 0    ; 0            ; 0 (0)  ; u0|cpu|intel_niosv_g_inst|hart|core_inst|gen_muldiv.mul_inst|dsp_mult_inst                                                                               ; altera_mult_add                                                       ; altera_work                        ;
;                         |auto_generated|                                       ; 23.7 (0.0)           ; 23.8 (0.0)                       ; 0.2 (0.0)                                         ; 0.0 (0.0)                        ; 0.0 (0.0)            ; 48 (0)              ; 0 (0)                     ; 0 (0)         ; 0                 ; 0     ; 2                        ; 3                                      ; 0                                                 ; 0    ; 0            ; 0 (0)  ; u0|cpu|intel_niosv_g_inst|hart|core_inst|gen_muldiv.mul_inst|dsp_mult_inst|auto_generated                                                                ; altera_mult_add_67m11                                                 ; altera_work                        ;
;                            |altera_mult_add_rtl1|                              ; 23.7 (0.0)           ; 23.8 (0.0)                       ; 0.2 (0.0)                                         ; 0.0 (0.0)                        ; 0.0 (0.0)            ; 48 (0)              ; 0 (0)                     ; 0 (0)         ; 0                 ; 0     ; 2                        ; 3                                      ; 0                                                 ; 0    ; 0            ; 0 (0)  ; u0|cpu|intel_niosv_g_inst|hart|core_inst|gen_muldiv.mul_inst|dsp_mult_inst|auto_generated|altera_mult_add_rtl1                                           ; altera_mult_add_rtl                                                   ; altera_work                        ;
;                               |dataa_split|                                    ; 0.3 (0.0)            ; 0.3 (0.0)                        ; 0.0 (0.0)                                         ; 0.0 (0.0)                        ; 0.0 (0.0)            ; 1 (0)               ; 0 (0)                     ; 0 (0)         ; 0                 ; 0     ; 0                        ; 0                                      ; 0                                                 ; 0    ; 0            ; 0 (0)  ; u0|cpu|intel_niosv_g_inst|hart|core_inst|gen_muldiv.mul_inst|dsp_mult_inst|auto_generated|altera_mult_add_rtl1|dataa_split                               ; ama_data_split_reg_ext_function                                       ; altera_work                        ;
;                                  |data0_signed_extension_block|                ; 0.3 (0.3)            ; 0.3 (0.3)                        ; 0.0 (0.0)                                         ; 0.0 (0.0)                        ; 0.0 (0.0)            ; 1 (1)               ; 0 (0)                     ; 0 (0)         ; 0                 ; 0     ; 0                        ; 0                                      ; 0                                                 ; 0    ; 0            ; 0 (0)  ; u0|cpu|intel_niosv_g_inst|hart|core_inst|gen_muldiv.mul_inst|dsp_mult_inst|auto_generated|altera_mult_add_rtl1|dataa_split|data0_signed_extension_block  ; ama_dynamic_signed_function                                           ; altera_work                        ;
;                               |datab_split|                                    ; 0.3 (0.0)            ; 0.5 (0.0)                        ; 0.2 (0.0)                                         ; 0.0 (0.0)                        ; 0.0 (0.0)            ; 1 (0)               ; 0 (0)                     ; 0 (0)         ; 0                 ; 0     ; 0                        ; 0                                      ; 0                                                 ; 0    ; 0            ; 0 (0)  ; u0|cpu|intel_niosv_g_inst|hart|core_inst|gen_muldiv.mul_inst|dsp_mult_inst|auto_generated|altera_mult_add_rtl1|datab_split                               ; ama_data_split_reg_ext_function                                       ; altera_work                        ;
;                                  |data0_signed_extension_block|                ; 0.3 (0.3)            ; 0.5 (0.5)                        ; 0.2 (0.2)                                         ; 0.0 (0.0)                        ; 0.0 (0.0)            ; 1 (1)               ; 0 (0)                     ; 0 (0)         ; 0                 ; 0     ; 0                        ; 0                                      ; 0                                                 ; 0    ; 0            ; 0 (0)  ; u0|cpu|intel_niosv_g_inst|hart|core_inst|gen_muldiv.mul_inst|dsp_mult_inst|auto_generated|altera_mult_add_rtl1|datab_split|data0_signed_extension_block  ; ama_dynamic_signed_function                                           ; altera_work                        ;
;                               |multiplier_block|                               ; 23.0 (23.0)          ; 23.0 (23.0)                      ; 0.0 (0.0)                                         ; 0.0 (0.0)                        ; 0.0 (0.0)            ; 46 (46)             ; 0 (0)                     ; 0 (0)         ; 0                 ; 0     ; 2                        ; 3                                      ; 1                                                 ; 0    ; 0            ; 0 (0)  ; u0|cpu|intel_niosv_g_inst|hart|core_inst|gen_muldiv.mul_inst|dsp_mult_inst|auto_generated|altera_mult_add_rtl1|multiplier_block                          ; ama_multiplier_function                                               ; altera_work                        ;
;                   |gp_reg_file_inst|                                           ; 0.0 (0.0)            ; 0.0 (0.0)                        ; 0.0 (0.0)                                         ; 0.0 (0.0)                        ; 0.0 (0.0)            ; 0 (0)               ; 0 (0)                     ; 0 (0)         ; 2048              ; 2     ; 0                        ; 0                                      ; 0                                                 ; 0    ; 0            ; 0 (0)  ; u0|cpu|intel_niosv_g_inst|hart|core_inst|gp_reg_file_inst                                                                                                ; niosv_reg_file                                                        ; intel_niosv_g_unit_220             ;
;                      |reg_file_a|                                              ; 0.0 (0.0)            ; 0.0 (0.0)                        ; 0.0 (0.0)                                         ; 0.0 (0.0)                        ; 0.0 (0.0)            ; 0 (0)               ; 0 (0)                     ; 0 (0)         ; 1024              ; 1     ; 0                        ; 0                                      ; 0                                                 ; 0    ; 0            ; 0 (0)  ; u0|cpu|intel_niosv_g_inst|hart|core_inst|gp_reg_file_inst|reg_file_a                                                                                     ; niosv_ram                                                             ; intel_niosv_g_unit_220             ;
;                         |ram_no_ecc.data_ram|                                  ; 0.0 (0.0)            ; 0.0 (0.0)                        ; 0.0 (0.0)                                         ; 0.0 (0.0)                        ; 0.0 (0.0)            ; 0 (0)               ; 0 (0)                     ; 0 (0)         ; 1024              ; 1     ; 0                        ; 0                                      ; 0                                                 ; 0    ; 0            ; 0 (0)  ; u0|cpu|intel_niosv_g_inst|hart|core_inst|gp_reg_file_inst|reg_file_a|ram_no_ecc.data_ram                                                                 ; altsyncram                                                            ; altera_work                        ;
;                            |auto_generated|                                    ; 0.0 (0.0)            ; 0.0 (0.0)                        ; 0.0 (0.0)                                         ; 0.0 (0.0)                        ; 0.0 (0.0)            ; 0 (0)               ; 0 (0)                     ; 0 (0)         ; 1024              ; 1     ; 0                        ; 0                                      ; 0                                                 ; 0    ; 0            ; 0 (0)  ; u0|cpu|intel_niosv_g_inst|hart|core_inst|gp_reg_file_inst|reg_file_a|ram_no_ecc.data_ram|auto_generated                                                  ; altsyncram_j62r                                                       ; altera_work                        ;
;                      |reg_file_b|                                              ; 0.0 (0.0)            ; 0.0 (0.0)                        ; 0.0 (0.0)                                         ; 0.0 (0.0)                        ; 0.0 (0.0)            ; 0 (0)               ; 0 (0)                     ; 0 (0)         ; 1024              ; 1     ; 0                        ; 0                                      ; 0                                                 ; 0    ; 0            ; 0 (0)  ; u0|cpu|intel_niosv_g_inst|hart|core_inst|gp_reg_file_inst|reg_file_b                                                                                     ; niosv_ram                                                             ; intel_niosv_g_unit_220             ;
;                         |ram_no_ecc.data_ram|                                  ; 0.0 (0.0)            ; 0.0 (0.0)                        ; 0.0 (0.0)                                         ; 0.0 (0.0)                        ; 0.0 (0.0)            ; 0 (0)               ; 0 (0)                     ; 0 (0)         ; 1024              ; 1     ; 0                        ; 0                                      ; 0                                                 ; 0    ; 0            ; 0 (0)  ; u0|cpu|intel_niosv_g_inst|hart|core_inst|gp_reg_file_inst|reg_file_b|ram_no_ecc.data_ram                                                                 ; altsyncram                                                            ; altera_work                        ;
;                            |auto_generated|                                    ; 0.0 (0.0)            ; 0.0 (0.0)                        ; 0.0 (0.0)                                         ; 0.0 (0.0)                        ; 0.0 (0.0)            ; 0 (0)               ; 0 (0)                     ; 0 (0)         ; 1024              ; 1     ; 0                        ; 0                                      ; 0                                                 ; 0    ; 0            ; 0 (0)  ; u0|cpu|intel_niosv_g_inst|hart|core_inst|gp_reg_file_inst|reg_file_b|ram_no_ecc.data_ram|auto_generated                                                  ; altsyncram_j62r                                                       ; altera_work                        ;
;                   |icache_inst|                                                ; 137.8 (137.8)        ; 158.8 (158.8)                    ; 21.2 (21.2)                                       ; 0.2 (0.2)                        ; 0.0 (0.0)            ; 237 (237)           ; 167 (167)                 ; 0 (0)         ; 35840             ; 3     ; 0                        ; 0                                      ; 0                                                 ; 0    ; 0            ; 0 (0)  ; u0|cpu|intel_niosv_g_inst|hart|core_inst|icache_inst                                                                                                     ; niosv_g_instr_cache                                                   ; intel_niosv_g_unit_220             ;
;                      |icache_iram|                                             ; 0.0 (0.0)            ; 0.0 (0.0)                        ; 0.0 (0.0)                                         ; 0.0 (0.0)                        ; 0.0 (0.0)            ; 0 (0)               ; 0 (0)                     ; 0 (0)         ; 32768             ; 2     ; 0                        ; 0                                      ; 0                                                 ; 0    ; 0            ; 0 (0)  ; u0|cpu|intel_niosv_g_inst|hart|core_inst|icache_inst|icache_iram                                                                                         ; niosv_ram                                                             ; intel_niosv_g_unit_220             ;
;                         |ram_no_ecc.data_ram|                                  ; 0.0 (0.0)            ; 0.0 (0.0)                        ; 0.0 (0.0)                                         ; 0.0 (0.0)                        ; 0.0 (0.0)            ; 0 (0)               ; 0 (0)                     ; 0 (0)         ; 32768             ; 2     ; 0                        ; 0                                      ; 0                                                 ; 0    ; 0            ; 0 (0)  ; u0|cpu|intel_niosv_g_inst|hart|core_inst|icache_inst|icache_iram|ram_no_ecc.data_ram                                                                     ; altsyncram                                                            ; altera_work                        ;
;                            |auto_generated|                                    ; 0.0 (0.0)            ; 0.0 (0.0)                        ; 0.0 (0.0)                                         ; 0.0 (0.0)                        ; 0.0 (0.0)            ; 0 (0)               ; 0 (0)                     ; 0 (0)         ; 32768             ; 2     ; 0                        ; 0                                      ; 0                                                 ; 0    ; 0            ; 0 (0)  ; u0|cpu|intel_niosv_g_inst|hart|core_inst|icache_inst|icache_iram|ram_no_ecc.data_ram|auto_generated                                                      ; altsyncram_b4v01                                                      ; altera_work                        ;
;                      |icache_tag_ram|                                          ; 0.0 (0.0)            ; 0.0 (0.0)                        ; 0.0 (0.0)                                         ; 0.0 (0.0)                        ; 0.0 (0.0)            ; 0 (0)               ; 0 (0)                     ; 0 (0)         ; 3072              ; 1     ; 0                        ; 0                                      ; 0                                                 ; 0    ; 0            ; 0 (0)  ; u0|cpu|intel_niosv_g_inst|hart|core_inst|icache_inst|icache_tag_ram                                                                                      ; niosv_ram                                                             ; intel_niosv_g_unit_220             ;
;                         |ram_no_ecc.data_ram|                                  ; 0.0 (0.0)            ; 0.0 (0.0)                        ; 0.0 (0.0)                                         ; 0.0 (0.0)                        ; 0.0 (0.0)            ; 0 (0)               ; 0 (0)                     ; 0 (0)         ; 3072              ; 1     ; 0                        ; 0                                      ; 0                                                 ; 0    ; 0            ; 0 (0)  ; u0|cpu|intel_niosv_g_inst|hart|core_inst|icache_inst|icache_tag_ram|ram_no_ecc.data_ram                                                                  ; altsyncram                                                            ; altera_work                        ;
;                            |auto_generated|                                    ; 0.0 (0.0)            ; 0.0 (0.0)                        ; 0.0 (0.0)                                         ; 0.0 (0.0)                        ; 0.0 (0.0)            ; 0 (0)               ; 0 (0)                     ; 0 (0)         ; 3072              ; 1     ; 0                        ; 0                                      ; 0                                                 ; 0    ; 0            ; 0 (0)  ; u0|cpu|intel_niosv_g_inst|hart|core_inst|icache_inst|icache_tag_ram|ram_no_ecc.data_ram|auto_generated                                                   ; altsyncram_ro1q                                                       ; altera_work                        ;
;                   |instr_decoder_inst|                                         ; 53.2 (53.2)          ; 53.2 (53.2)                      ; 0.0 (0.0)                                         ; 0.0 (0.0)                        ; 0.0 (0.0)            ; 115 (115)           ; 0 (0)                     ; 0 (0)         ; 0                 ; 0     ; 0                        ; 0                                      ; 0                                                 ; 0    ; 0            ; 0 (0)  ; u0|cpu|intel_niosv_g_inst|hart|core_inst|instr_decoder_inst                                                                                              ; instr_decoder_cpu_intel_niosv_g_unit_220_ydggj7q                      ; intel_niosv_g_unit_220             ;
;                   |instr_fetch_inst|                                           ; 120.8 (81.0)         ; 179.1 (97.5)                     ; 59.6 (16.8)                                       ; 1.3 (0.3)                        ; 0.0 (0.0)            ; 211 (161)           ; 248 (114)                 ; 0 (0)         ; 0                 ; 0     ; 0                        ; 0                                      ; 0                                                 ; 0    ; 0            ; 0 (0)  ; u0|cpu|intel_niosv_g_inst|hart|core_inst|instr_fetch_inst                                                                                                ; niosv_g_fetch                                                         ; intel_niosv_g_unit_220             ;
;                      |buffer_inst|                                             ; 39.8 (39.8)          ; 81.6 (81.6)                      ; 42.8 (42.8)                                       ; 1.0 (1.0)                        ; 0.0 (0.0)            ; 50 (50)             ; 134 (134)                 ; 0 (0)         ; 0                 ; 0     ; 0                        ; 0                                      ; 0                                                 ; 0    ; 0            ; 0 (0)  ; u0|cpu|intel_niosv_g_inst|hart|core_inst|instr_fetch_inst|buffer_inst                                                                                    ; niosv_instr_buffer                                                    ; intel_niosv_g_unit_220             ;
;                   |lsu_inst|                                                   ; 331.0 (272.1)        ; 349.0 (285.2)                    ; 18.5 (13.7)                                       ; 0.5 (0.5)                        ; 20.0 (0.0)           ; 510 (445)           ; 295 (246)                 ; 0 (0)         ; 35584             ; 3     ; 0                        ; 0                                      ; 0                                                 ; 0    ; 0            ; 0 (0)  ; u0|cpu|intel_niosv_g_inst|hart|core_inst|lsu_inst                                                                                                        ; niosv_g_dcache                                                        ; intel_niosv_g_unit_220             ;
;                      |dcache_data_inst|                                        ; 0.0 (0.0)            ; 0.0 (0.0)                        ; 0.0 (0.0)                                         ; 0.0 (0.0)                        ; 0.0 (0.0)            ; 0 (0)               ; 0 (0)                     ; 0 (0)         ; 32768             ; 2     ; 0                        ; 0                                      ; 0                                                 ; 0    ; 0            ; 0 (0)  ; u0|cpu|intel_niosv_g_inst|hart|core_inst|lsu_inst|dcache_data_inst                                                                                       ; niosv_ram                                                             ; intel_niosv_g_unit_220             ;
;                         |ram_no_ecc.data_ram|                                  ; 0.0 (0.0)            ; 0.0 (0.0)                        ; 0.0 (0.0)                                         ; 0.0 (0.0)                        ; 0.0 (0.0)            ; 0 (0)               ; 0 (0)                     ; 0 (0)         ; 32768             ; 2     ; 0                        ; 0                                      ; 0                                                 ; 0    ; 0            ; 0 (0)  ; u0|cpu|intel_niosv_g_inst|hart|core_inst|lsu_inst|dcache_data_inst|ram_no_ecc.data_ram                                                                   ; altsyncram                                                            ; altera_work                        ;
;                            |auto_generated|                                    ; 0.0 (0.0)            ; 0.0 (0.0)                        ; 0.0 (0.0)                                         ; 0.0 (0.0)                        ; 0.0 (0.0)            ; 0 (0)               ; 0 (0)                     ; 0 (0)         ; 32768             ; 2     ; 0                        ; 0                                      ; 0                                                 ; 0    ; 0            ; 0 (0)  ; u0|cpu|intel_niosv_g_inst|hart|core_inst|lsu_inst|dcache_data_inst|ram_no_ecc.data_ram|auto_generated                                                    ; altsyncram_b4v01                                                      ; altera_work                        ;
;                      |dcache_tag_ram|                                          ; 0.0 (0.0)            ; 0.0 (0.0)                        ; 0.0 (0.0)                                         ; 0.0 (0.0)                        ; 0.0 (0.0)            ; 0 (0)               ; 0 (0)                     ; 0 (0)         ; 2816              ; 1     ; 0                        ; 0                                      ; 0                                                 ; 0    ; 0            ; 0 (0)  ; u0|cpu|intel_niosv_g_inst|hart|core_inst|lsu_inst|dcache_tag_ram                                                                                         ; niosv_ram                                                             ; intel_niosv_g_unit_220             ;
;                         |ram_no_ecc.data_ram|                                  ; 0.0 (0.0)            ; 0.0 (0.0)                        ; 0.0 (0.0)                                         ; 0.0 (0.0)                        ; 0.0 (0.0)            ; 0 (0)               ; 0 (0)                     ; 0 (0)         ; 2816              ; 1     ; 0                        ; 0                                      ; 0                                                 ; 0    ; 0            ; 0 (0)  ; u0|cpu|intel_niosv_g_inst|hart|core_inst|lsu_inst|dcache_tag_ram|ram_no_ecc.data_ram                                                                     ; altsyncram                                                            ; altera_work                        ;
;                            |auto_generated|                                    ; 0.0 (0.0)            ; 0.0 (0.0)                        ; 0.0 (0.0)                                         ; 0.0 (0.0)                        ; 0.0 (0.0)            ; 0 (0)               ; 0 (0)                     ; 0 (0)         ; 2816              ; 1     ; 0                        ; 0                                      ; 0                                                 ; 0    ; 0            ; 0 (0)  ; u0|cpu|intel_niosv_g_inst|hart|core_inst|lsu_inst|dcache_tag_ram|ram_no_ecc.data_ram|auto_generated                                                      ; altsyncram_u1ko                                                       ; altera_work                        ;
;                      |niosv_victim_buffer_inst|                                ; 24.0 (3.2)           ; 26.0 (5.2)                       ; 2.0 (2.0)                                         ; 0.0 (0.0)                        ; 20.0 (0.0)           ; 8 (8)               ; 12 (9)                    ; 0 (0)         ; 0                 ; 0     ; 0                        ; 0                                      ; 0                                                 ; 0    ; 0            ; 0 (0)  ; u0|cpu|intel_niosv_g_inst|hart|core_inst|lsu_inst|niosv_victim_buffer_inst                                                                               ; niosv_victim_buffer                                                   ; intel_niosv_g_unit_220             ;
;                         |victim_buffer|                                        ; 20.8 (0.0)           ; 20.8 (0.0)                       ; 0.0 (0.0)                                         ; 0.0 (0.0)                        ; 20.0 (0.0)           ; 0 (0)               ; 3 (0)                     ; 0 (0)         ; 0                 ; 0     ; 0                        ; 0                                      ; 0                                                 ; 0    ; 0            ; 0 (0)  ; u0|cpu|intel_niosv_g_inst|hart|core_inst|lsu_inst|niosv_victim_buffer_inst|victim_buffer                                                                 ; altsyncram                                                            ; altera_work                        ;
;                            |auto_generated|                                    ; 20.8 (20.8)          ; 20.8 (20.8)                      ; 0.0 (0.0)                                         ; 0.0 (0.0)                        ; 20.0 (20.0)          ; 0 (0)               ; 3 (3)                     ; 0 (0)         ; 0                 ; 0     ; 0                        ; 0                                      ; 0                                                 ; 0    ; 0            ; 0 (0)  ; u0|cpu|intel_niosv_g_inst|hart|core_inst|lsu_inst|niosv_victim_buffer_inst|victim_buffer|auto_generated                                                  ; altsyncram_cfmg                                                       ; altera_work                        ;
;                      |read_cmd|                                                ; 6.7 (6.7)            ; 8.5 (8.5)                        ; 1.8 (1.8)                                         ; 0.0 (0.0)                        ; 0.0 (0.0)            ; 13 (13)             ; 7 (7)                     ; 0 (0)         ; 0                 ; 0     ; 0                        ; 0                                      ; 0                                                 ; 0    ; 0            ; 0 (0)  ; u0|cpu|intel_niosv_g_inst|hart|core_inst|lsu_inst|read_cmd                                                                                               ; dcache_mem_op_state                                                   ; intel_niosv_g_unit_220             ;
;                      |wr_rsp_status|                                           ; 13.9 (13.9)          ; 13.9 (13.9)                      ; 0.0 (0.0)                                         ; 0.0 (0.0)                        ; 0.0 (0.0)            ; 19 (19)             ; 16 (16)                   ; 0 (0)         ; 0                 ; 0     ; 0                        ; 0                                      ; 0                                                 ; 0    ; 0            ; 0 (0)  ; u0|cpu|intel_niosv_g_inst|hart|core_inst|lsu_inst|wr_rsp_status                                                                                          ; altera_avalon_sc_fifo                                                 ; intel_niosv_g_unit_220             ;
;                      |write_adrs|                                              ; 7.0 (7.0)            ; 7.5 (7.5)                        ; 0.5 (0.5)                                         ; 0.0 (0.0)                        ; 0.0 (0.0)            ; 12 (12)             ; 7 (7)                     ; 0 (0)         ; 0                 ; 0     ; 0                        ; 0                                      ; 0                                                 ; 0    ; 0            ; 0 (0)  ; u0|cpu|intel_niosv_g_inst|hart|core_inst|lsu_inst|write_adrs                                                                                             ; dcache_mem_op_state                                                   ; intel_niosv_g_unit_220             ;
;                      |write_data|                                              ; 7.3 (7.3)            ; 7.8 (7.8)                        ; 0.5 (0.5)                                         ; 0.0 (0.0)                        ; 0.0 (0.0)            ; 13 (13)             ; 7 (7)                     ; 0 (0)         ; 0                 ; 0     ; 0                        ; 0                                      ; 0                                                 ; 0    ; 0            ; 0 (0)  ; u0|cpu|intel_niosv_g_inst|hart|core_inst|lsu_inst|write_data                                                                                             ; dcache_mem_op_state                                                   ; intel_niosv_g_unit_220             ;
;             |timer_module|                                                     ; 139.3 (139.3)        ; 149.2 (149.2)                    ; 10.3 (10.3)                                       ; 0.5 (0.5)                        ; 0.0 (0.0)            ; 203 (203)           ; 164 (164)                 ; 0 (0)         ; 0                 ; 0     ; 0                        ; 0                                      ; 0                                                 ; 0    ; 0            ; 0 (0)  ; u0|cpu|intel_niosv_g_inst|timer_module                                                                                                                   ; niosv_timer_msip                                                      ; intel_niosv_timer_msip_120         ;
;       |jtag_uart|                                                              ; 60.4 (0.0)           ; 73.8 (0.0)                       ; 13.9 (0.0)                                        ; 0.5 (0.0)                        ; 0.0 (0.0)            ; 115 (0)             ; 105 (0)                   ; 0 (0)         ; 1024              ; 2     ; 0                        ; 0                                      ; 0                                                 ; 0    ; 0            ; 0 (0)  ; u0|jtag_uart                                                                                                                                             ; jtag_uart                                                             ; jtag_uart                          ;
;          |altera_avalon_jtag_uart_inst|                                        ; 60.4 (15.4)          ; 73.8 (17.2)                      ; 13.9 (1.8)                                        ; 0.5 (0.0)                        ; 0.0 (0.0)            ; 115 (34)            ; 105 (13)                  ; 0 (0)         ; 1024              ; 2     ; 0                        ; 0                                      ; 0                                                 ; 0    ; 0            ; 0 (0)  ; u0|jtag_uart|altera_avalon_jtag_uart_inst                                                                                                                ; jtag_uart_altera_avalon_jtag_uart_1924_dwkezqq                        ; altera_avalon_jtag_uart_1924       ;
;             |jtag_uart_altera_avalon_jtag_uart_1924_dwkezqq_alt_jtag_atlantic| ; 20.5 (20.5)          ; 30.6 (30.6)                      ; 10.6 (10.6)                                       ; 0.5 (0.5)                        ; 0.0 (0.0)            ; 33 (33)             ; 52 (52)                   ; 0 (0)         ; 0                 ; 0     ; 0                        ; 0                                      ; 0                                                 ; 0    ; 0            ; 0 (0)  ; u0|jtag_uart|altera_avalon_jtag_uart_inst|jtag_uart_altera_avalon_jtag_uart_1924_dwkezqq_alt_jtag_atlantic                                               ; alt_jtag_atlantic                                                     ; altera_work                        ;
;             |the_jtag_uart_altera_avalon_jtag_uart_1924_dwkezqq_scfifo_r|      ; 12.5 (0.0)           ; 13.0 (0.0)                       ; 0.5 (0.0)                                         ; 0.0 (0.0)                        ; 0.0 (0.0)            ; 24 (0)              ; 20 (0)                    ; 0 (0)         ; 512               ; 1     ; 0                        ; 0                                      ; 0                                                 ; 0    ; 0            ; 0 (0)  ; u0|jtag_uart|altera_avalon_jtag_uart_inst|the_jtag_uart_altera_avalon_jtag_uart_1924_dwkezqq_scfifo_r                                                    ; jtag_uart_altera_avalon_jtag_uart_1924_dwkezqq_scfifo_r               ; altera_avalon_jtag_uart_1924       ;
;                |rfifo|                                                         ; 12.5 (0.0)           ; 13.0 (0.0)                       ; 0.5 (0.0)                                         ; 0.0 (0.0)                        ; 0.0 (0.0)            ; 24 (0)              ; 20 (0)                    ; 0 (0)         ; 512               ; 1     ; 0                        ; 0                                      ; 0                                                 ; 0    ; 0            ; 0 (0)  ; u0|jtag_uart|altera_avalon_jtag_uart_inst|the_jtag_uart_altera_avalon_jtag_uart_1924_dwkezqq_scfifo_r|rfifo                                              ; scfifo                                                                ; altera_work                        ;
;                   |auto_generated|                                             ; 12.5 (0.0)           ; 13.0 (0.0)                       ; 0.5 (0.0)                                         ; 0.0 (0.0)                        ; 0.0 (0.0)            ; 24 (0)              ; 20 (0)                    ; 0 (0)         ; 512               ; 1     ; 0                        ; 0                                      ; 0                                                 ; 0    ; 0            ; 0 (0)  ; u0|jtag_uart|altera_avalon_jtag_uart_inst|the_jtag_uart_altera_avalon_jtag_uart_1924_dwkezqq_scfifo_r|rfifo|auto_generated                               ; scfifo_rh                                                             ; altera_work                        ;
;                      |dpfifo|                                                  ; 12.5 (0.0)           ; 13.0 (0.0)                       ; 0.5 (0.0)                                         ; 0.0 (0.0)                        ; 0.0 (0.0)            ; 24 (0)              ; 20 (0)                    ; 0 (0)         ; 512               ; 1     ; 0                        ; 0                                      ; 0                                                 ; 0    ; 0            ; 0 (0)  ; u0|jtag_uart|altera_avalon_jtag_uart_inst|the_jtag_uart_altera_avalon_jtag_uart_1924_dwkezqq_scfifo_r|rfifo|auto_generated|dpfifo                        ; a_dpfifo_s0492                                                        ; altera_work                        ;
;                         |FIFOram|                                              ; 0.0 (0.0)            ; 0.0 (0.0)                        ; 0.0 (0.0)                                         ; 0.0 (0.0)                        ; 0.0 (0.0)            ; 0 (0)               ; 0 (0)                     ; 0 (0)         ; 512               ; 1     ; 0                        ; 0                                      ; 0                                                 ; 0    ; 0            ; 0 (0)  ; u0|jtag_uart|altera_avalon_jtag_uart_inst|the_jtag_uart_altera_avalon_jtag_uart_1924_dwkezqq_scfifo_r|rfifo|auto_generated|dpfifo|FIFOram                ; altsyncram_rnoo1                                                      ; altera_work                        ;
;                         |fifo_state|                                           ; 6.5 (3.5)            ; 7.0 (4.0)                        ; 0.5 (0.5)                                         ; 0.0 (0.0)                        ; 0.0 (0.0)            ; 12 (6)              ; 8 (2)                     ; 0 (0)         ; 0                 ; 0     ; 0                        ; 0                                      ; 0                                                 ; 0    ; 0            ; 0 (0)  ; u0|jtag_uart|altera_avalon_jtag_uart_inst|the_jtag_uart_altera_avalon_jtag_uart_1924_dwkezqq_scfifo_r|rfifo|auto_generated|dpfifo|fifo_state             ; a_fefifo_1pu6                                                         ; altera_work                        ;
;                            |count_usedw|                                       ; 3.0 (3.0)            ; 3.0 (3.0)                        ; 0.0 (0.0)                                         ; 0.0 (0.0)                        ; 0.0 (0.0)            ; 6 (6)               ; 6 (6)                     ; 0 (0)         ; 0                 ; 0     ; 0                        ; 0                                      ; 0                                                 ; 0    ; 0            ; 0 (0)  ; u0|jtag_uart|altera_avalon_jtag_uart_inst|the_jtag_uart_altera_avalon_jtag_uart_1924_dwkezqq_scfifo_r|rfifo|auto_generated|dpfifo|fifo_state|count_usedw ; cntr_ib9                                                              ; altera_work                        ;
;                         |rd_ptr_count|                                         ; 3.0 (3.0)            ; 3.0 (3.0)                        ; 0.0 (0.0)                                         ; 0.0 (0.0)                        ; 0.0 (0.0)            ; 6 (6)               ; 6 (6)                     ; 0 (0)         ; 0                 ; 0     ; 0                        ; 0                                      ; 0                                                 ; 0    ; 0            ; 0 (0)  ; u0|jtag_uart|altera_avalon_jtag_uart_inst|the_jtag_uart_altera_avalon_jtag_uart_1924_dwkezqq_scfifo_r|rfifo|auto_generated|dpfifo|rd_ptr_count           ; cntr_tkqv                                                             ; altera_work                        ;
;                         |wr_ptr|                                               ; 3.0 (3.0)            ; 3.0 (3.0)                        ; 0.0 (0.0)                                         ; 0.0 (0.0)                        ; 0.0 (0.0)            ; 6 (6)               ; 6 (6)                     ; 0 (0)         ; 0                 ; 0     ; 0                        ; 0                                      ; 0                                                 ; 0    ; 0            ; 0 (0)  ; u0|jtag_uart|altera_avalon_jtag_uart_inst|the_jtag_uart_altera_avalon_jtag_uart_1924_dwkezqq_scfifo_r|rfifo|auto_generated|dpfifo|wr_ptr                 ; cntr_tkqv                                                             ; altera_work                        ;
;             |the_jtag_uart_altera_avalon_jtag_uart_1924_dwkezqq_scfifo_w|      ; 12.1 (0.0)           ; 13.0 (0.0)                       ; 0.9 (0.0)                                         ; 0.0 (0.0)                        ; 0.0 (0.0)            ; 24 (0)              ; 20 (0)                    ; 0 (0)         ; 512               ; 1     ; 0                        ; 0                                      ; 0                                                 ; 0    ; 0            ; 0 (0)  ; u0|jtag_uart|altera_avalon_jtag_uart_inst|the_jtag_uart_altera_avalon_jtag_uart_1924_dwkezqq_scfifo_w                                                    ; jtag_uart_altera_avalon_jtag_uart_1924_dwkezqq_scfifo_w               ; altera_avalon_jtag_uart_1924       ;
;                |wfifo|                                                         ; 12.1 (0.0)           ; 13.0 (0.0)                       ; 0.9 (0.0)                                         ; 0.0 (0.0)                        ; 0.0 (0.0)            ; 24 (0)              ; 20 (0)                    ; 0 (0)         ; 512               ; 1     ; 0                        ; 0                                      ; 0                                                 ; 0    ; 0            ; 0 (0)  ; u0|jtag_uart|altera_avalon_jtag_uart_inst|the_jtag_uart_altera_avalon_jtag_uart_1924_dwkezqq_scfifo_w|wfifo                                              ; scfifo                                                                ; altera_work                        ;
;                   |auto_generated|                                             ; 12.1 (0.0)           ; 13.0 (0.0)                       ; 0.9 (0.0)                                         ; 0.0 (0.0)                        ; 0.0 (0.0)            ; 24 (0)              ; 20 (0)                    ; 0 (0)         ; 512               ; 1     ; 0                        ; 0                                      ; 0                                                 ; 0    ; 0            ; 0 (0)  ; u0|jtag_uart|altera_avalon_jtag_uart_inst|the_jtag_uart_altera_avalon_jtag_uart_1924_dwkezqq_scfifo_w|wfifo|auto_generated                               ; scfifo_rh                                                             ; altera_work                        ;
;                      |dpfifo|                                                  ; 12.1 (0.0)           ; 13.0 (0.0)                       ; 0.9 (0.0)                                         ; 0.0 (0.0)                        ; 0.0 (0.0)            ; 24 (0)              ; 20 (0)                    ; 0 (0)         ; 512               ; 1     ; 0                        ; 0                                      ; 0                                                 ; 0    ; 0            ; 0 (0)  ; u0|jtag_uart|altera_avalon_jtag_uart_inst|the_jtag_uart_altera_avalon_jtag_uart_1924_dwkezqq_scfifo_w|wfifo|auto_generated|dpfifo                        ; a_dpfifo_s0492                                                        ; altera_work                        ;
;                         |FIFOram|                                              ; 0.0 (0.0)            ; 0.0 (0.0)                        ; 0.0 (0.0)                                         ; 0.0 (0.0)                        ; 0.0 (0.0)            ; 0 (0)               ; 0 (0)                     ; 0 (0)         ; 512               ; 1     ; 0                        ; 0                                      ; 0                                                 ; 0    ; 0            ; 0 (0)  ; u0|jtag_uart|altera_avalon_jtag_uart_inst|the_jtag_uart_altera_avalon_jtag_uart_1924_dwkezqq_scfifo_w|wfifo|auto_generated|dpfifo|FIFOram                ; altsyncram_rnoo1                                                      ; altera_work                        ;
;                         |fifo_state|                                           ; 6.1 (3.1)            ; 7.0 (4.0)                        ; 0.9 (0.9)                                         ; 0.0 (0.0)                        ; 0.0 (0.0)            ; 12 (6)              ; 8 (2)                     ; 0 (0)         ; 0                 ; 0     ; 0                        ; 0                                      ; 0                                                 ; 0    ; 0            ; 0 (0)  ; u0|jtag_uart|altera_avalon_jtag_uart_inst|the_jtag_uart_altera_avalon_jtag_uart_1924_dwkezqq_scfifo_w|wfifo|auto_generated|dpfifo|fifo_state             ; a_fefifo_1pu6                                                         ; altera_work                        ;
;                            |count_usedw|                                       ; 3.0 (3.0)            ; 3.0 (3.0)                        ; 0.0 (0.0)                                         ; 0.0 (0.0)                        ; 0.0 (0.0)            ; 6 (6)               ; 6 (6)                     ; 0 (0)         ; 0                 ; 0     ; 0                        ; 0                                      ; 0                                                 ; 0    ; 0            ; 0 (0)  ; u0|jtag_uart|altera_avalon_jtag_uart_inst|the_jtag_uart_altera_avalon_jtag_uart_1924_dwkezqq_scfifo_w|wfifo|auto_generated|dpfifo|fifo_state|count_usedw ; cntr_ib9                                                              ; altera_work                        ;
;                         |rd_ptr_count|                                         ; 3.0 (3.0)            ; 3.0 (3.0)                        ; 0.0 (0.0)                                         ; 0.0 (0.0)                        ; 0.0 (0.0)            ; 6 (6)               ; 6 (6)                     ; 0 (0)         ; 0                 ; 0     ; 0                        ; 0                                      ; 0                                                 ; 0    ; 0            ; 0 (0)  ; u0|jtag_uart|altera_avalon_jtag_uart_inst|the_jtag_uart_altera_avalon_jtag_uart_1924_dwkezqq_scfifo_w|wfifo|auto_generated|dpfifo|rd_ptr_count           ; cntr_tkqv                                                             ; altera_work                        ;
;                         |wr_ptr|                                               ; 3.0 (3.0)            ; 3.0 (3.0)                        ; 0.0 (0.0)                                         ; 0.0 (0.0)                        ; 0.0 (0.0)            ; 6 (6)               ; 6 (6)                     ; 0 (0)         ; 0                 ; 0     ; 0                        ; 0                                      ; 0                                                 ; 0    ; 0            ; 0 (0)  ; u0|jtag_uart|altera_avalon_jtag_uart_inst|the_jtag_uart_altera_avalon_jtag_uart_1924_dwkezqq_scfifo_w|wfifo|auto_generated|dpfifo|wr_ptr                 ; cntr_tkqv                                                             ; altera_work                        ;
;       |mm_interconnect_0|                                                      ; 986.3 (0.0)          ; 1055.5 (0.0)                     ; 72.8 (0.0)                                        ; 3.5 (0.0)                        ; 0.0 (0.0)            ; 1599 (0)            ; 1158 (0)                  ; 0 (0)         ; 0                 ; 0     ; 0                        ; 0                                      ; 0                                                 ; 0    ; 0            ; 0 (0)  ; u0|mm_interconnect_0                                                                                                                                     ; sys_altera_mm_interconnect_1920_be6qpyi                               ; altera_mm_interconnect_1920        ;
;          |cmd_demux|                                                           ; 6.6 (6.6)            ; 7.3 (7.3)                        ; 0.8 (0.8)                                         ; 0.1 (0.1)                        ; 0.0 (0.0)            ; 9 (9)               ; 0 (0)                     ; 0 (0)         ; 0                 ; 0     ; 0                        ; 0                                      ; 0                                                 ; 0    ; 0            ; 0 (0)  ; u0|mm_interconnect_0|cmd_demux                                                                                                                           ; sys_altera_merlin_demultiplexer_1921_k7pyk6y                          ; altera_merlin_demultiplexer_1921   ;
;          |cmd_demux_001|                                                       ; 5.3 (5.3)            ; 6.0 (6.0)                        ; 0.7 (0.7)                                         ; 0.0 (0.0)                        ; 0.0 (0.0)            ; 8 (8)               ; 0 (0)                     ; 0 (0)         ; 0                 ; 0     ; 0                        ; 0                                      ; 0                                                 ; 0    ; 0            ; 0 (0)  ; u0|mm_interconnect_0|cmd_demux_001                                                                                                                       ; sys_altera_merlin_demultiplexer_1921_k7pyk6y                          ; altera_merlin_demultiplexer_1921   ;
;          |cmd_demux_002|                                                       ; 4.2 (4.2)            ; 4.5 (4.5)                        ; 0.3 (0.3)                                         ; 0.0 (0.0)                        ; 0.0 (0.0)            ; 6 (6)               ; 0 (0)                     ; 0 (0)         ; 0                 ; 0     ; 0                        ; 0                                      ; 0                                                 ; 0    ; 0            ; 0 (0)  ; u0|mm_interconnect_0|cmd_demux_002                                                                                                                       ; sys_altera_merlin_demultiplexer_1921_zzwenmi                          ; altera_merlin_demultiplexer_1921   ;
;          |cmd_demux_003|                                                       ; 3.3 (3.3)            ; 3.3 (3.3)                        ; 0.0 (0.0)                                         ; 0.0 (0.0)                        ; 0.0 (0.0)            ; 6 (6)               ; 0 (0)                     ; 0 (0)         ; 0                 ; 0     ; 0                        ; 0                                      ; 0                                                 ; 0    ; 0            ; 0 (0)  ; u0|mm_interconnect_0|cmd_demux_003                                                                                                                       ; sys_altera_merlin_demultiplexer_1921_zzwenmi                          ; altera_merlin_demultiplexer_1921   ;
;          |cmd_mux|                                                             ; 15.2 (12.5)          ; 16.4 (13.4)                      ; 1.2 (0.9)                                         ; 0.0 (0.0)                        ; 0.0 (0.0)            ; 36 (31)             ; 5 (3)                     ; 0 (0)         ; 0                 ; 0     ; 0                        ; 0                                      ; 0                                                 ; 0    ; 0            ; 0 (0)  ; u0|mm_interconnect_0|cmd_mux                                                                                                                             ; sys_altera_merlin_multiplexer_1922_oted5cy                            ; altera_merlin_multiplexer_1922     ;
;             |arb|                                                              ; 2.7 (2.7)            ; 3.0 (3.0)                        ; 0.3 (0.3)                                         ; 0.0 (0.0)                        ; 0.0 (0.0)            ; 5 (5)               ; 2 (2)                     ; 0 (0)         ; 0                 ; 0     ; 0                        ; 0                                      ; 0                                                 ; 0    ; 0            ; 0 (0)  ; u0|mm_interconnect_0|cmd_mux|arb                                                                                                                         ; altera_merlin_arbitrator                                              ; altera_merlin_multiplexer_1922     ;
;          |cmd_mux_001|                                                         ; 2.8 (1.4)            ; 2.8 (1.4)                        ; 0.0 (0.0)                                         ; 0.0 (0.0)                        ; 0.0 (0.0)            ; 8 (5)               ; 3 (2)                     ; 0 (0)         ; 0                 ; 0     ; 0                        ; 0                                      ; 0                                                 ; 0    ; 0            ; 0 (0)  ; u0|mm_interconnect_0|cmd_mux_001                                                                                                                         ; sys_altera_merlin_multiplexer_1922_oted5cy                            ; altera_merlin_multiplexer_1922     ;
;             |arb|                                                              ; 1.3 (1.3)            ; 1.3 (1.3)                        ; 0.0 (0.0)                                         ; 0.0 (0.0)                        ; 0.0 (0.0)            ; 3 (3)               ; 1 (1)                     ; 0 (0)         ; 0                 ; 0     ; 0                        ; 0                                      ; 0                                                 ; 0    ; 0            ; 0 (0)  ; u0|mm_interconnect_0|cmd_mux_001|arb                                                                                                                     ; altera_merlin_arbitrator                                              ; altera_merlin_multiplexer_1922     ;
;          |cmd_mux_002|                                                         ; 32.6 (27.6)          ; 37.7 (32.5)                      ; 5.1 (4.9)                                         ; 0.0 (0.0)                        ; 0.0 (0.0)            ; 82 (73)             ; 9 (5)                     ; 0 (0)         ; 0                 ; 0     ; 0                        ; 0                                      ; 0                                                 ; 0    ; 0            ; 0 (0)  ; u0|mm_interconnect_0|cmd_mux_002                                                                                                                         ; sys_altera_merlin_multiplexer_1922_esaz2xq                            ; altera_merlin_multiplexer_1922     ;
;             |arb|                                                              ; 5.0 (3.8)            ; 5.2 (4.3)                        ; 0.2 (0.5)                                         ; 0.0 (0.0)                        ; 0.0 (0.0)            ; 9 (6)               ; 4 (4)                     ; 0 (0)         ; 0                 ; 0     ; 0                        ; 0                                      ; 0                                                 ; 0    ; 0            ; 0 (0)  ; u0|mm_interconnect_0|cmd_mux_002|arb                                                                                                                     ; altera_merlin_arbitrator                                              ; altera_merlin_multiplexer_1922     ;
;                |adder|                                                         ; 0.8 (0.8)            ; 0.8 (0.8)                        ; 0.0 (0.0)                                         ; 0.0 (0.0)                        ; 0.0 (0.0)            ; 3 (3)               ; 0 (0)                     ; 0 (0)         ; 0                 ; 0     ; 0                        ; 0                                      ; 0                                                 ; 0    ; 0            ; 0 (0)  ; u0|mm_interconnect_0|cmd_mux_002|arb|adder                                                                                                               ; altera_merlin_arb_adder                                               ; altera_merlin_multiplexer_1922     ;
;          |cmd_mux_003|                                                         ; 32.2 (26.4)          ; 34.9 (29.6)                      ; 2.7 (3.2)                                         ; 0.0 (0.0)                        ; 0.0 (0.0)            ; 80 (70)             ; 9 (5)                     ; 0 (0)         ; 0                 ; 0     ; 0                        ; 0                                      ; 0                                                 ; 0    ; 0            ; 0 (0)  ; u0|mm_interconnect_0|cmd_mux_003                                                                                                                         ; sys_altera_merlin_multiplexer_1922_esaz2xq                            ; altera_merlin_multiplexer_1922     ;
;             |arb|                                                              ; 5.3 (4.4)            ; 5.3 (4.4)                        ; 0.0 (0.0)                                         ; 0.0 (0.0)                        ; 0.0 (0.0)            ; 10 (7)              ; 4 (4)                     ; 0 (0)         ; 0                 ; 0     ; 0                        ; 0                                      ; 0                                                 ; 0    ; 0            ; 0 (0)  ; u0|mm_interconnect_0|cmd_mux_003|arb                                                                                                                     ; altera_merlin_arbitrator                                              ; altera_merlin_multiplexer_1922     ;
;                |adder|                                                         ; 0.9 (0.9)            ; 0.9 (0.9)                        ; 0.0 (0.0)                                         ; 0.0 (0.0)                        ; 0.0 (0.0)            ; 3 (3)               ; 0 (0)                     ; 0 (0)         ; 0                 ; 0     ; 0                        ; 0                                      ; 0                                                 ; 0    ; 0            ; 0 (0)  ; u0|mm_interconnect_0|cmd_mux_003|arb|adder                                                                                                               ; altera_merlin_arb_adder                                               ; altera_merlin_multiplexer_1922     ;
;          |cmd_mux_004|                                                         ; 21.8 (19.3)          ; 21.9 (19.6)                      ; 0.5 (0.5)                                         ; 0.4 (0.2)                        ; 0.0 (0.0)            ; 60 (56)             ; 5 (3)                     ; 0 (0)         ; 0                 ; 0     ; 0                        ; 0                                      ; 0                                                 ; 0    ; 0            ; 0 (0)  ; u0|mm_interconnect_0|cmd_mux_004                                                                                                                         ; sys_altera_merlin_multiplexer_1922_oted5cy                            ; altera_merlin_multiplexer_1922     ;
;             |arb|                                                              ; 2.5 (2.5)            ; 2.3 (2.3)                        ; 0.0 (0.0)                                         ; 0.2 (0.2)                        ; 0.0 (0.0)            ; 4 (4)               ; 2 (2)                     ; 0 (0)         ; 0                 ; 0     ; 0                        ; 0                                      ; 0                                                 ; 0    ; 0            ; 0 (0)  ; u0|mm_interconnect_0|cmd_mux_004|arb                                                                                                                     ; altera_merlin_arbitrator                                              ; altera_merlin_multiplexer_1922     ;
;          |cpu_data_manager_agent|                                              ; 66.7 (48.2)          ; 69.8 (49.8)                      ; 3.1 (1.6)                                         ; 0.0 (0.0)                        ; 0.0 (0.0)            ; 69 (27)             ; 117 (96)                  ; 0 (0)         ; 0                 ; 0     ; 0                        ; 0                                      ; 0                                                 ; 0    ; 0            ; 0 (0)  ; u0|mm_interconnect_0|cpu_data_manager_agent                                                                                                              ; sys_altera_merlin_axi_master_ni_1980_4qd7sla                          ; altera_merlin_axi_master_ni_1980   ;
;             |align_address_to_size|                                            ; 18.5 (18.5)          ; 20.0 (20.0)                      ; 1.5 (1.5)                                         ; 0.0 (0.0)                        ; 0.0 (0.0)            ; 42 (42)             ; 21 (21)                   ; 0 (0)         ; 0                 ; 0     ; 0                        ; 0                                      ; 0                                                 ; 0    ; 0            ; 0 (0)  ; u0|mm_interconnect_0|cpu_data_manager_agent|align_address_to_size                                                                                        ; altera_merlin_address_alignment                                       ; altera_merlin_axi_master_ni_1980   ;
;          |cpu_dm_agent_agent|                                                  ; 13.5 (2.5)           ; 13.7 (2.7)                       ; 0.2 (0.2)                                         ; 0.0 (0.0)                        ; 0.0 (0.0)            ; 24 (5)              ; 10 (0)                    ; 0 (0)         ; 0                 ; 0     ; 0                        ; 0                                      ; 0                                                 ; 0    ; 0            ; 0 (0)  ; u0|mm_interconnect_0|cpu_dm_agent_agent                                                                                                                  ; sys_altera_merlin_slave_agent_1921_b6r3djy                            ; altera_merlin_slave_agent_1921     ;
;             |uncompressor|                                                     ; 11.0 (11.0)          ; 11.0 (11.0)                      ; 0.0 (0.0)                                         ; 0.0 (0.0)                        ; 0.0 (0.0)            ; 19 (19)             ; 10 (10)                   ; 0 (0)         ; 0                 ; 0     ; 0                        ; 0                                      ; 0                                                 ; 0    ; 0            ; 0 (0)  ; u0|mm_interconnect_0|cpu_dm_agent_agent|uncompressor                                                                                                     ; altera_merlin_burst_uncompressor                                      ; altera_merlin_slave_agent_1921     ;
;          |cpu_dm_agent_agent_rdata_fifo|                                       ; 31.7 (31.7)          ; 47.9 (47.9)                      ; 16.7 (16.7)                                       ; 0.5 (0.5)                        ; 0.0 (0.0)            ; 39 (39)             ; 99 (99)                   ; 0 (0)         ; 0                 ; 0     ; 0                        ; 0                                      ; 0                                                 ; 0    ; 0            ; 0 (0)  ; u0|mm_interconnect_0|cpu_dm_agent_agent_rdata_fifo                                                                                                       ; sys_altera_avalon_sc_fifo_1932_5j7ufsq                                ; altera_avalon_sc_fifo_1932         ;
;          |cpu_dm_agent_agent_rsp_fifo|                                         ; 15.7 (15.7)          ; 21.3 (21.3)                      ; 5.7 (5.7)                                         ; 0.0 (0.0)                        ; 0.0 (0.0)            ; 21 (21)             ; 45 (45)                   ; 0 (0)         ; 0                 ; 0     ; 0                        ; 0                                      ; 0                                                 ; 0    ; 0            ; 0 (0)  ; u0|mm_interconnect_0|cpu_dm_agent_agent_rsp_fifo                                                                                                         ; sys_altera_avalon_sc_fifo_1932_5j7ufsq                                ; altera_avalon_sc_fifo_1932         ;
;          |cpu_dm_agent_burst_adapter|                                          ; 88.6 (0.0)           ; 92.0 (0.0)                       ; 3.4 (0.0)                                         ; 0.0 (0.0)                        ; 0.0 (0.0)            ; 143 (0)             ; 109 (0)                   ; 0 (0)         ; 0                 ; 0     ; 0                        ; 0                                      ; 0                                                 ; 0    ; 0            ; 0 (0)  ; u0|mm_interconnect_0|cpu_dm_agent_burst_adapter                                                                                                          ; sys_altera_merlin_burst_adapter_1932_yh5s4ha                          ; altera_merlin_burst_adapter_1932   ;
;             |altera_merlin_burst_adapter_13_1.burst_adapter|                   ; 88.6 (88.6)          ; 92.0 (92.0)                      ; 3.4 (3.4)                                         ; 0.0 (0.0)                        ; 0.0 (0.0)            ; 143 (143)           ; 109 (109)                 ; 0 (0)         ; 0                 ; 0     ; 0                        ; 0                                      ; 0                                                 ; 0    ; 0            ; 0 (0)  ; u0|mm_interconnect_0|cpu_dm_agent_burst_adapter|altera_merlin_burst_adapter_13_1.burst_adapter                                                           ; altera_merlin_burst_adapter_13_1                                      ; altera_merlin_burst_adapter_1932   ;
;          |cpu_instruction_manager_agent|                                       ; 28.6 (17.6)          ; 35.9 (25.2)                      ; 7.8 (8.1)                                         ; 0.5 (0.5)                        ; 0.0 (0.0)            ; 42 (18)             ; 80 (59)                   ; 0 (0)         ; 0                 ; 0     ; 0                        ; 0                                      ; 0                                                 ; 0    ; 0            ; 0 (0)  ; u0|mm_interconnect_0|cpu_instruction_manager_agent                                                                                                       ; sys_altera_merlin_axi_master_ni_1980_4qd7sla                          ; altera_merlin_axi_master_ni_1980   ;
;             |align_address_to_size|                                            ; 10.8 (10.8)          ; 10.8 (10.8)                      ; 0.0 (0.0)                                         ; 0.0 (0.0)                        ; 0.0 (0.0)            ; 24 (24)             ; 21 (21)                   ; 0 (0)         ; 0                 ; 0     ; 0                        ; 0                                      ; 0                                                 ; 0    ; 0            ; 0 (0)  ; u0|mm_interconnect_0|cpu_instruction_manager_agent|align_address_to_size                                                                                 ; altera_merlin_address_alignment                                       ; altera_merlin_axi_master_ni_1980   ;
;          |cpu_instruction_manager_rd_limiter|                                  ; 6.2 (6.2)            ; 6.9 (6.9)                        ; 0.7 (0.7)                                         ; 0.0 (0.0)                        ; 0.0 (0.0)            ; 10 (10)             ; 6 (6)                     ; 0 (0)         ; 0                 ; 0     ; 0                        ; 0                                      ; 0                                                 ; 0    ; 0            ; 0 (0)  ; u0|mm_interconnect_0|cpu_instruction_manager_rd_limiter                                                                                                  ; sys_altera_merlin_traffic_limiter_1921_7c7jj4q                        ; altera_merlin_traffic_limiter_1921 ;
;          |cpu_instruction_manager_wr_limiter|                                  ; 8.4 (8.4)            ; 8.8 (8.8)                        ; 0.3 (0.3)                                         ; 0.0 (0.0)                        ; 0.0 (0.0)            ; 14 (14)             ; 6 (6)                     ; 0 (0)         ; 0                 ; 0     ; 0                        ; 0                                      ; 0                                                 ; 0    ; 0            ; 0 (0)  ; u0|mm_interconnect_0|cpu_instruction_manager_wr_limiter                                                                                                  ; sys_altera_merlin_traffic_limiter_1921_7c7jj4q                        ; altera_merlin_traffic_limiter_1921 ;
;          |cpu_timer_sw_agent_agent|                                            ; 10.8 (1.5)           ; 11.3 (1.7)                       ; 0.5 (0.2)                                         ; 0.0 (0.0)                        ; 0.0 (0.0)            ; 23 (3)              ; 10 (0)                    ; 0 (0)         ; 0                 ; 0     ; 0                        ; 0                                      ; 0                                                 ; 0    ; 0            ; 0 (0)  ; u0|mm_interconnect_0|cpu_timer_sw_agent_agent                                                                                                            ; sys_altera_merlin_slave_agent_1921_b6r3djy                            ; altera_merlin_slave_agent_1921     ;
;             |uncompressor|                                                     ; 9.3 (9.3)            ; 9.7 (9.7)                        ; 0.3 (0.3)                                         ; 0.0 (0.0)                        ; 0.0 (0.0)            ; 20 (20)             ; 10 (10)                   ; 0 (0)         ; 0                 ; 0     ; 0                        ; 0                                      ; 0                                                 ; 0    ; 0            ; 0 (0)  ; u0|mm_interconnect_0|cpu_timer_sw_agent_agent|uncompressor                                                                                               ; altera_merlin_burst_uncompressor                                      ; altera_merlin_slave_agent_1921     ;
;          |cpu_timer_sw_agent_agent_rdata_fifo|                                 ; 26.9 (26.9)          ; 27.5 (27.5)                      ; 1.0 (1.0)                                         ; 0.4 (0.4)                        ; 0.0 (0.0)            ; 36 (36)             ; 66 (66)                   ; 0 (0)         ; 0                 ; 0     ; 0                        ; 0                                      ; 0                                                 ; 0    ; 0            ; 0 (0)  ; u0|mm_interconnect_0|cpu_timer_sw_agent_agent_rdata_fifo                                                                                                 ; sys_altera_avalon_sc_fifo_1932_5j7ufsq                                ; altera_avalon_sc_fifo_1932         ;
;          |cpu_timer_sw_agent_agent_rsp_fifo|                                   ; 14.0 (14.0)          ; 13.7 (13.7)                      ; 0.4 (0.4)                                         ; 0.8 (0.8)                        ; 0.0 (0.0)            ; 18 (18)             ; 28 (28)                   ; 0 (0)         ; 0                 ; 0     ; 0                        ; 0                                      ; 0                                                 ; 0    ; 0            ; 0 (0)  ; u0|mm_interconnect_0|cpu_timer_sw_agent_agent_rsp_fifo                                                                                                   ; sys_altera_avalon_sc_fifo_1932_5j7ufsq                                ; altera_avalon_sc_fifo_1932         ;
;          |cpu_timer_sw_agent_burst_adapter|                                    ; 55.6 (0.0)           ; 59.1 (0.0)                       ; 3.7 (0.0)                                         ; 0.2 (0.0)                        ; 0.0 (0.0)            ; 77 (0)              ; 83 (0)                    ; 0 (0)         ; 0                 ; 0     ; 0                        ; 0                                      ; 0                                                 ; 0    ; 0            ; 0 (0)  ; u0|mm_interconnect_0|cpu_timer_sw_agent_burst_adapter                                                                                                    ; sys_altera_merlin_burst_adapter_1932_yh5s4ha                          ; altera_merlin_burst_adapter_1932   ;
;             |altera_merlin_burst_adapter_13_1.burst_adapter|                   ; 55.6 (55.6)          ; 59.1 (59.1)                      ; 3.7 (3.7)                                         ; 0.2 (0.2)                        ; 0.0 (0.0)            ; 77 (77)             ; 83 (83)                   ; 0 (0)         ; 0                 ; 0     ; 0                        ; 0                                      ; 0                                                 ; 0    ; 0            ; 0 (0)  ; u0|mm_interconnect_0|cpu_timer_sw_agent_burst_adapter|altera_merlin_burst_adapter_13_1.burst_adapter                                                     ; altera_merlin_burst_adapter_13_1                                      ; altera_merlin_burst_adapter_1932   ;
;          |jtag_uart_avalon_jtag_slave_agent|                                   ; 13.0 (2.7)           ; 13.2 (2.7)                       ; 0.3 (0.0)                                         ; 0.0 (0.0)                        ; 0.0 (0.0)            ; 25 (4)              ; 10 (0)                    ; 0 (0)         ; 0                 ; 0     ; 0                        ; 0                                      ; 0                                                 ; 0    ; 0            ; 0 (0)  ; u0|mm_interconnect_0|jtag_uart_avalon_jtag_slave_agent                                                                                                   ; sys_altera_merlin_slave_agent_1921_b6r3djy                            ; altera_merlin_slave_agent_1921     ;
;             |uncompressor|                                                     ; 10.3 (10.3)          ; 10.6 (10.6)                      ; 0.3 (0.3)                                         ; 0.0 (0.0)                        ; 0.0 (0.0)            ; 21 (21)             ; 10 (10)                   ; 0 (0)         ; 0                 ; 0     ; 0                        ; 0                                      ; 0                                                 ; 0    ; 0            ; 0 (0)  ; u0|mm_interconnect_0|jtag_uart_avalon_jtag_slave_agent|uncompressor                                                                                      ; altera_merlin_burst_uncompressor                                      ; altera_merlin_slave_agent_1921     ;
;          |jtag_uart_avalon_jtag_slave_agent_rdata_fifo|                        ; 18.3 (18.3)          ; 18.5 (18.5)                      ; 0.2 (0.2)                                         ; 0.0 (0.0)                        ; 0.0 (0.0)            ; 26 (26)             ; 46 (46)                   ; 0 (0)         ; 0                 ; 0     ; 0                        ; 0                                      ; 0                                                 ; 0    ; 0            ; 0 (0)  ; u0|mm_interconnect_0|jtag_uart_avalon_jtag_slave_agent_rdata_fifo                                                                                        ; sys_altera_avalon_sc_fifo_1932_5j7ufsq                                ; altera_avalon_sc_fifo_1932         ;
;          |jtag_uart_avalon_jtag_slave_agent_rsp_fifo|                          ; 12.5 (12.5)          ; 14.9 (14.9)                      ; 2.8 (2.8)                                         ; 0.5 (0.5)                        ; 0.0 (0.0)            ; 18 (18)             ; 28 (28)                   ; 0 (0)         ; 0                 ; 0     ; 0                        ; 0                                      ; 0                                                 ; 0    ; 0            ; 0 (0)  ; u0|mm_interconnect_0|jtag_uart_avalon_jtag_slave_agent_rsp_fifo                                                                                          ; sys_altera_avalon_sc_fifo_1932_5j7ufsq                                ; altera_avalon_sc_fifo_1932         ;
;          |jtag_uart_avalon_jtag_slave_burst_adapter|                           ; 44.7 (0.0)           ; 46.9 (0.0)                       ; 2.3 (0.0)                                         ; 0.0 (0.0)                        ; 0.0 (0.0)            ; 70 (0)              ; 54 (0)                    ; 0 (0)         ; 0                 ; 0     ; 0                        ; 0                                      ; 0                                                 ; 0    ; 0            ; 0 (0)  ; u0|mm_interconnect_0|jtag_uart_avalon_jtag_slave_burst_adapter                                                                                           ; sys_altera_merlin_burst_adapter_1932_yh5s4ha                          ; altera_merlin_burst_adapter_1932   ;
;             |altera_merlin_burst_adapter_13_1.burst_adapter|                   ; 44.7 (44.7)          ; 46.9 (46.9)                      ; 2.3 (2.3)                                         ; 0.0 (0.0)                        ; 0.0 (0.0)            ; 70 (70)             ; 54 (54)                   ; 0 (0)         ; 0                 ; 0     ; 0                        ; 0                                      ; 0                                                 ; 0    ; 0            ; 0 (0)  ; u0|mm_interconnect_0|jtag_uart_avalon_jtag_slave_burst_adapter|altera_merlin_burst_adapter_13_1.burst_adapter                                            ; altera_merlin_burst_adapter_13_1                                      ; altera_merlin_burst_adapter_1932   ;
;          |jtag_uart_avalon_jtag_slave_translator|                              ; 7.4 (7.4)            ; 9.2 (9.2)                        ; 1.8 (1.8)                                         ; 0.0 (0.0)                        ; 0.0 (0.0)            ; 8 (8)               ; 24 (24)                   ; 0 (0)         ; 0                 ; 0     ; 0                        ; 0                                      ; 0                                                 ; 0    ; 0            ; 0 (0)  ; u0|mm_interconnect_0|jtag_uart_avalon_jtag_slave_translator                                                                                              ; sys_altera_merlin_slave_translator_191_x56fcki                        ; altera_merlin_slave_translator_191 ;
;          |ram_s1_agent|                                                        ; 14.2 (4.7)           ; 14.2 (4.7)                       ; 0.0 (0.0)                                         ; 0.0 (0.0)                        ; 0.0 (0.0)            ; 26 (7)              ; 10 (0)                    ; 0 (0)         ; 0                 ; 0     ; 0                        ; 0                                      ; 0                                                 ; 0    ; 0            ; 0 (0)  ; u0|mm_interconnect_0|ram_s1_agent                                                                                                                        ; sys_altera_merlin_slave_agent_1921_b6r3djy                            ; altera_merlin_slave_agent_1921     ;
;             |uncompressor|                                                     ; 9.6 (9.6)            ; 9.6 (9.6)                        ; 0.0 (0.0)                                         ; 0.0 (0.0)                        ; 0.0 (0.0)            ; 19 (19)             ; 10 (10)                   ; 0 (0)         ; 0                 ; 0     ; 0                        ; 0                                      ; 0                                                 ; 0    ; 0            ; 0 (0)  ; u0|mm_interconnect_0|ram_s1_agent|uncompressor                                                                                                           ; altera_merlin_burst_uncompressor                                      ; altera_merlin_slave_agent_1921     ;
;          |ram_s1_agent_rdata_fifo|                                             ; 40.1 (40.1)          ; 41.2 (41.2)                      ; 1.1 (1.1)                                         ; 0.0 (0.0)                        ; 0.0 (0.0)            ; 36 (36)             ; 66 (66)                   ; 0 (0)         ; 0                 ; 0     ; 0                        ; 0                                      ; 0                                                 ; 0    ; 0            ; 0 (0)  ; u0|mm_interconnect_0|ram_s1_agent_rdata_fifo                                                                                                             ; sys_altera_avalon_sc_fifo_1932_5j7ufsq                                ; altera_avalon_sc_fifo_1932         ;
;          |ram_s1_agent_rsp_fifo|                                               ; 14.9 (14.9)          ; 15.1 (15.1)                      ; 0.2 (0.2)                                         ; 0.0 (0.0)                        ; 0.0 (0.0)            ; 21 (21)             ; 30 (30)                   ; 0 (0)         ; 0                 ; 0     ; 0                        ; 0                                      ; 0                                                 ; 0    ; 0            ; 0 (0)  ; u0|mm_interconnect_0|ram_s1_agent_rsp_fifo                                                                                                               ; sys_altera_avalon_sc_fifo_1932_5j7ufsq                                ; altera_avalon_sc_fifo_1932         ;
;          |ram_s1_burst_adapter|                                                ; 105.8 (0.0)          ; 111.4 (0.0)                      ; 5.7 (0.0)                                         ; 0.0 (0.0)                        ; 0.0 (0.0)            ; 172 (0)             ; 121 (0)                   ; 0 (0)         ; 0                 ; 0     ; 0                        ; 0                                      ; 0                                                 ; 0    ; 0            ; 0 (0)  ; u0|mm_interconnect_0|ram_s1_burst_adapter                                                                                                                ; sys_altera_merlin_burst_adapter_1932_yh5s4ha                          ; altera_merlin_burst_adapter_1932   ;
;             |altera_merlin_burst_adapter_13_1.burst_adapter|                   ; 105.8 (105.8)        ; 111.4 (111.4)                    ; 5.7 (5.7)                                         ; 0.0 (0.0)                        ; 0.0 (0.0)            ; 172 (172)           ; 121 (121)                 ; 0 (0)         ; 0                 ; 0     ; 0                        ; 0                                      ; 0                                                 ; 0    ; 0            ; 0 (0)  ; u0|mm_interconnect_0|ram_s1_burst_adapter|altera_merlin_burst_adapter_13_1.burst_adapter                                                                 ; altera_merlin_burst_adapter_13_1                                      ; altera_merlin_burst_adapter_1932   ;
;          |ram_s1_translator|                                                   ; 0.7 (0.7)            ; 1.2 (1.2)                        ; 0.5 (0.5)                                         ; 0.0 (0.0)                        ; 0.0 (0.0)            ; 1 (1)               ; 2 (2)                     ; 0 (0)         ; 0                 ; 0     ; 0                        ; 0                                      ; 0                                                 ; 0    ; 0            ; 0 (0)  ; u0|mm_interconnect_0|ram_s1_translator                                                                                                                   ; sys_altera_merlin_slave_translator_191_x56fcki                        ; altera_merlin_slave_translator_191 ;
;          |router|                                                              ; 8.2 (8.2)            ; 8.2 (8.2)                        ; 0.0 (0.0)                                         ; 0.0 (0.0)                        ; 0.0 (0.0)            ; 10 (10)             ; 0 (0)                     ; 0 (0)         ; 0                 ; 0     ; 0                        ; 0                                      ; 0                                                 ; 0    ; 0            ; 0 (0)  ; u0|mm_interconnect_0|router                                                                                                                              ; sys_altera_merlin_router_1921_fnpjlia                                 ; altera_merlin_router_1921          ;
;          |router_001|                                                          ; 2.8 (2.8)            ; 3.5 (3.5)                        ; 0.7 (0.7)                                         ; 0.0 (0.0)                        ; 0.0 (0.0)            ; 7 (7)               ; 0 (0)                     ; 0 (0)         ; 0                 ; 0     ; 0                        ; 0                                      ; 0                                                 ; 0    ; 0            ; 0 (0)  ; u0|mm_interconnect_0|router_001                                                                                                                          ; sys_altera_merlin_router_1921_fnpjlia                                 ; altera_merlin_router_1921          ;
;          |router_002|                                                          ; 1.6 (1.6)            ; 1.8 (1.8)                        ; 0.1 (0.1)                                         ; 0.0 (0.0)                        ; 0.0 (0.0)            ; 4 (4)               ; 0 (0)                     ; 0 (0)         ; 0                 ; 0     ; 0                        ; 0                                      ; 0                                                 ; 0    ; 0            ; 0 (0)  ; u0|mm_interconnect_0|router_002                                                                                                                          ; sys_altera_merlin_router_1921_vakuffa                                 ; altera_merlin_router_1921          ;
;          |router_003|                                                          ; 1.2 (1.2)            ; 1.2 (1.2)                        ; 0.0 (0.0)                                         ; 0.0 (0.0)                        ; 0.0 (0.0)            ; 2 (2)               ; 0 (0)                     ; 0 (0)         ; 0                 ; 0     ; 0                        ; 0                                      ; 0                                                 ; 0    ; 0            ; 0 (0)  ; u0|mm_interconnect_0|router_003                                                                                                                          ; sys_altera_merlin_router_1921_vakuffa                                 ; altera_merlin_router_1921          ;
;          |rsp_demux|                                                           ; 1.3 (1.3)            ; 1.7 (1.7)                        ; 0.3 (0.3)                                         ; 0.0 (0.0)                        ; 0.0 (0.0)            ; 2 (2)               ; 0 (0)                     ; 0 (0)         ; 0                 ; 0     ; 0                        ; 0                                      ; 0                                                 ; 0    ; 0            ; 0 (0)  ; u0|mm_interconnect_0|rsp_demux                                                                                                                           ; sys_altera_merlin_demultiplexer_1921_7espnsi                          ; altera_merlin_demultiplexer_1921   ;
;          |rsp_demux_002|                                                       ; 3.0 (3.0)            ; 3.5 (3.5)                        ; 0.5 (0.5)                                         ; 0.0 (0.0)                        ; 0.0 (0.0)            ; 4 (4)               ; 0 (0)                     ; 0 (0)         ; 0                 ; 0     ; 0                        ; 0                                      ; 0                                                 ; 0    ; 0            ; 0 (0)  ; u0|mm_interconnect_0|rsp_demux_002                                                                                                                       ; sys_altera_merlin_demultiplexer_1921_imrd56i                          ; altera_merlin_demultiplexer_1921   ;
;          |rsp_demux_003|                                                       ; 0.9 (0.9)            ; 1.5 (1.5)                        ; 0.6 (0.6)                                         ; 0.0 (0.0)                        ; 0.0 (0.0)            ; 3 (3)               ; 0 (0)                     ; 0 (0)         ; 0                 ; 0     ; 0                        ; 0                                      ; 0                                                 ; 0    ; 0            ; 0 (0)  ; u0|mm_interconnect_0|rsp_demux_003                                                                                                                       ; sys_altera_merlin_demultiplexer_1921_imrd56i                          ; altera_merlin_demultiplexer_1921   ;
;          |rsp_demux_004|                                                       ; 1.3 (1.3)            ; 1.7 (1.7)                        ; 0.3 (0.3)                                         ; 0.0 (0.0)                        ; 0.0 (0.0)            ; 2 (2)               ; 0 (0)                     ; 0 (0)         ; 0                 ; 0     ; 0                        ; 0                                      ; 0                                                 ; 0    ; 0            ; 0 (0)  ; u0|mm_interconnect_0|rsp_demux_004                                                                                                                       ; sys_altera_merlin_demultiplexer_1921_7espnsi                          ; altera_merlin_demultiplexer_1921   ;
;          |rsp_mux|                                                             ; 3.5 (3.5)            ; 4.0 (4.0)                        ; 0.5 (0.5)                                         ; 0.0 (0.0)                        ; 0.0 (0.0)            ; 6 (6)               ; 0 (0)                     ; 0 (0)         ; 0                 ; 0     ; 0                        ; 0                                      ; 0                                                 ; 0    ; 0            ; 0 (0)  ; u0|mm_interconnect_0|rsp_mux                                                                                                                             ; sys_altera_merlin_multiplexer_1922_5yxsbci                            ; altera_merlin_multiplexer_1922     ;
;          |rsp_mux_001|                                                         ; 75.0 (75.0)          ; 74.8 (74.8)                      ; 0.0 (0.0)                                         ; 0.1 (0.1)                        ; 0.0 (0.0)            ; 136 (136)           ; 0 (0)                     ; 0 (0)         ; 0                 ; 0     ; 0                        ; 0                                      ; 0                                                 ; 0    ; 0            ; 0 (0)  ; u0|mm_interconnect_0|rsp_mux_001                                                                                                                         ; sys_altera_merlin_multiplexer_1922_5yxsbci                            ; altera_merlin_multiplexer_1922     ;
;          |rsp_mux_003|                                                         ; 61.1 (61.1)          ; 61.1 (61.1)                      ; 0.0 (0.0)                                         ; 0.0 (0.0)                        ; 0.0 (0.0)            ; 104 (104)           ; 0 (0)                     ; 0 (0)         ; 0                 ; 0     ; 0                        ; 0                                      ; 0                                                 ; 0    ; 0            ; 0 (0)  ; u0|mm_interconnect_0|rsp_mux_003                                                                                                                         ; sys_altera_merlin_multiplexer_1922_hobyaqy                            ; altera_merlin_multiplexer_1922     ;
;          |sysid_qsys_0_control_slave_agent|                                    ; 11.8 (1.7)           ; 11.8 (1.7)                       ; 0.0 (0.0)                                         ; 0.0 (0.0)                        ; 0.0 (0.0)            ; 23 (3)              ; 10 (0)                    ; 0 (0)         ; 0                 ; 0     ; 0                        ; 0                                      ; 0                                                 ; 0    ; 0            ; 0 (0)  ; u0|mm_interconnect_0|sysid_qsys_0_control_slave_agent                                                                                                    ; sys_altera_merlin_slave_agent_1921_b6r3djy                            ; altera_merlin_slave_agent_1921     ;
;             |uncompressor|                                                     ; 10.2 (10.2)          ; 10.2 (10.2)                      ; 0.0 (0.0)                                         ; 0.0 (0.0)                        ; 0.0 (0.0)            ; 20 (20)             ; 10 (10)                   ; 0 (0)         ; 0                 ; 0     ; 0                        ; 0                                      ; 0                                                 ; 0    ; 0            ; 0 (0)  ; u0|mm_interconnect_0|sysid_qsys_0_control_slave_agent|uncompressor                                                                                       ; altera_merlin_burst_uncompressor                                      ; altera_merlin_slave_agent_1921     ;
;          |sysid_qsys_0_control_slave_agent_rsp_fifo|                           ; 10.5 (10.5)          ; 11.8 (11.8)                      ; 1.3 (1.3)                                         ; 0.0 (0.0)                        ; 0.0 (0.0)            ; 15 (15)             ; 24 (24)                   ; 0 (0)         ; 0                 ; 0     ; 0                        ; 0                                      ; 0                                                 ; 0    ; 0            ; 0 (0)  ; u0|mm_interconnect_0|sysid_qsys_0_control_slave_agent_rsp_fifo                                                                                           ; sys_altera_avalon_sc_fifo_1932_5j7ufsq                                ; altera_avalon_sc_fifo_1932         ;
;          |sysid_qsys_0_control_slave_burst_adapter|                            ; 35.8 (0.0)           ; 37.3 (0.0)                       ; 1.5 (0.0)                                         ; 0.0 (0.0)                        ; 0.0 (0.0)            ; 62 (0)              ; 38 (0)                    ; 0 (0)         ; 0                 ; 0     ; 0                        ; 0                                      ; 0                                                 ; 0    ; 0            ; 0 (0)  ; u0|mm_interconnect_0|sysid_qsys_0_control_slave_burst_adapter                                                                                            ; sys_altera_merlin_burst_adapter_1932_yh5s4ha                          ; altera_merlin_burst_adapter_1932   ;
;             |altera_merlin_burst_adapter_13_1.burst_adapter|                   ; 35.8 (35.8)          ; 37.3 (37.3)                      ; 1.5 (1.5)                                         ; 0.0 (0.0)                        ; 0.0 (0.0)            ; 62 (62)             ; 38 (38)                   ; 0 (0)         ; 0                 ; 0     ; 0                        ; 0                                      ; 0                                                 ; 0    ; 0            ; 0 (0)  ; u0|mm_interconnect_0|sysid_qsys_0_control_slave_burst_adapter|altera_merlin_burst_adapter_13_1.burst_adapter                                             ; altera_merlin_burst_adapter_13_1                                      ; altera_merlin_burst_adapter_1932   ;
;          |sysid_qsys_0_control_slave_translator|                               ; 2.5 (2.5)            ; 3.0 (3.0)                        ; 0.5 (0.5)                                         ; 0.0 (0.0)                        ; 0.0 (0.0)            ; 5 (5)               ; 5 (5)                     ; 0 (0)         ; 0                 ; 0     ; 0                        ; 0                                      ; 0                                                 ; 0    ; 0            ; 0 (0)  ; u0|mm_interconnect_0|sysid_qsys_0_control_slave_translator                                                                                               ; sys_altera_merlin_slave_translator_191_x56fcki                        ; altera_merlin_slave_translator_191 ;
;       |nvmm_0|                                                                 ; 18.8 (0.0)           ; 102.4 (0.0)                      ; 84.1 (0.0)                                        ; 0.5 (0.0)                        ; 0.0 (0.0)            ; 19 (0)              ; 267 (0)                   ; 0 (0)         ; 0                 ; 0     ; 16                       ; 16                                     ; 0                                                 ; 0    ; 0            ; 0 (0)  ; u0|nvmm_0                                                                                                                                                ; sys_nvmm_0                                                            ; sys_nvmm_0                         ;
;          |nvmm_0|                                                              ; 18.8 (18.1)          ; 102.4 (48.7)                     ; 84.1 (30.6)                                       ; 0.5 (0.0)                        ; 0.0 (0.0)            ; 19 (19)             ; 267 (107)                 ; 0 (0)         ; 0                 ; 0     ; 16                       ; 16                                     ; 0                                                 ; 0    ; 0            ; 0 (0)  ; u0|nvmm_0|nvmm_0                                                                                                                                         ; nvmm                                                                  ; nvmm_10                            ;
;             |SYS|                                                              ; 0.8 (0.0)            ; 53.8 (0.0)                       ; 53.5 (0.0)                                        ; 0.5 (0.0)                        ; 0.0 (0.0)            ; 0 (0)               ; 160 (0)                   ; 0 (0)         ; 0                 ; 0     ; 16                       ; 16                                     ; 0                                                 ; 0    ; 0            ; 0 (0)  ; u0|nvmm_0|nvmm_0|SYS                                                                                                                                     ; SysArray                                                              ; nvmm_10                            ;
;                |RowGen[0].ColGen[0].PE_X|                                      ; 0.8 (0.8)            ; 5.6 (5.6)                        ; 4.8 (4.8)                                         ; 0.0 (0.0)                        ; 0.0 (0.0)            ; 0 (0)               ; 16 (16)                   ; 0 (0)         ; 0                 ; 0     ; 1                        ; 1                                      ; 0                                                 ; 0    ; 0            ; 0 (0)  ; u0|nvmm_0|nvmm_0|SYS|RowGen[0].ColGen[0].PE_X                                                                                                            ; PE                                                                    ; nvmm_10                            ;
;                |RowGen[0].ColGen[1].PE_X|                                      ; -1.2 (-1.2)          ; 5.2 (5.2)                        ; 6.6 (6.6)                                         ; 0.2 (0.2)                        ; 0.0 (0.0)            ; 0 (0)               ; 16 (16)                   ; 0 (0)         ; 0                 ; 0     ; 1                        ; 1                                      ; 0                                                 ; 0    ; 0            ; 0 (0)  ; u0|nvmm_0|nvmm_0|SYS|RowGen[0].ColGen[1].PE_X                                                                                                            ; PE                                                                    ; nvmm_10                            ;
;                |RowGen[0].ColGen[2].PE_X|                                      ; 1.5 (1.5)            ; 2.5 (2.5)                        ; 1.0 (1.0)                                         ; 0.0 (0.0)                        ; 0.0 (0.0)            ; 0 (0)               ; 8 (8)                     ; 0 (0)         ; 0                 ; 0     ; 1                        ; 1                                      ; 0                                                 ; 0    ; 0            ; 0 (0)  ; u0|nvmm_0|nvmm_0|SYS|RowGen[0].ColGen[2].PE_X                                                                                                            ; PE                                                                    ; nvmm_10                            ;
;                |RowGen[0].ColGen[3].PE_X|                                      ; -0.9 (-0.9)          ; 2.8 (2.8)                        ; 3.7 (3.7)                                         ; 0.0 (0.0)                        ; 0.0 (0.0)            ; 0 (0)               ; 8 (8)                     ; 0 (0)         ; 0                 ; 0     ; 1                        ; 1                                      ; 0                                                 ; 0    ; 0            ; 0 (0)  ; u0|nvmm_0|nvmm_0|SYS|RowGen[0].ColGen[3].PE_X                                                                                                            ; PE                                                                    ; nvmm_10                            ;
;                |RowGen[1].ColGen[0].PE_X|                                      ; 1.8 (1.8)            ; 5.1 (5.1)                        ; 3.3 (3.3)                                         ; 0.0 (0.0)                        ; 0.0 (0.0)            ; 0 (0)               ; 16 (16)                   ; 0 (0)         ; 0                 ; 0     ; 1                        ; 1                                      ; 0                                                 ; 0    ; 0            ; 0 (0)  ; u0|nvmm_0|nvmm_0|SYS|RowGen[1].ColGen[0].PE_X                                                                                                            ; PE                                                                    ; nvmm_10                            ;
;                |RowGen[1].ColGen[1].PE_X|                                      ; -1.8 (-1.8)          ; 4.7 (4.7)                        ; 6.5 (6.5)                                         ; 0.0 (0.0)                        ; 0.0 (0.0)            ; 0 (0)               ; 16 (16)                   ; 0 (0)         ; 0                 ; 0     ; 1                        ; 1                                      ; 0                                                 ; 0    ; 0            ; 0 (0)  ; u0|nvmm_0|nvmm_0|SYS|RowGen[1].ColGen[1].PE_X                                                                                                            ; PE                                                                    ; nvmm_10                            ;
;                |RowGen[1].ColGen[2].PE_X|                                      ; 0.2 (0.2)            ; 2.8 (2.8)                        ; 2.8 (2.8)                                         ; 0.2 (0.2)                        ; 0.0 (0.0)            ; 0 (0)               ; 8 (8)                     ; 0 (0)         ; 0                 ; 0     ; 1                        ; 1                                      ; 0                                                 ; 0    ; 0            ; 0 (0)  ; u0|nvmm_0|nvmm_0|SYS|RowGen[1].ColGen[2].PE_X                                                                                                            ; PE                                                                    ; nvmm_10                            ;
;                |RowGen[1].ColGen[3].PE_X|                                      ; -1.5 (-1.5)          ; 2.5 (2.5)                        ; 4.0 (4.0)                                         ; 0.0 (0.0)                        ; 0.0 (0.0)            ; 0 (0)               ; 8 (8)                     ; 0 (0)         ; 0                 ; 0     ; 1                        ; 1                                      ; 0                                                 ; 0    ; 0            ; 0 (0)  ; u0|nvmm_0|nvmm_0|SYS|RowGen[1].ColGen[3].PE_X                                                                                                            ; PE                                                                    ; nvmm_10                            ;
;                |RowGen[2].ColGen[0].PE_X|                                      ; 0.2 (0.2)            ; 6.6 (6.6)                        ; 6.4 (6.4)                                         ; 0.0 (0.0)                        ; 0.0 (0.0)            ; 0 (0)               ; 16 (16)                   ; 0 (0)         ; 0                 ; 0     ; 1                        ; 1                                      ; 0                                                 ; 0    ; 0            ; 0 (0)  ; u0|nvmm_0|nvmm_0|SYS|RowGen[2].ColGen[0].PE_X                                                                                                            ; PE                                                                    ; nvmm_10                            ;
;                |RowGen[2].ColGen[1].PE_X|                                      ; 0.2 (0.2)            ; 5.8 (5.8)                        ; 5.6 (5.6)                                         ; 0.0 (0.0)                        ; 0.0 (0.0)            ; 0 (0)               ; 16 (16)                   ; 0 (0)         ; 0                 ; 0     ; 1                        ; 1                                      ; 0                                                 ; 0    ; 0            ; 0 (0)  ; u0|nvmm_0|nvmm_0|SYS|RowGen[2].ColGen[1].PE_X                                                                                                            ; PE                                                                    ; nvmm_10                            ;
;                |RowGen[2].ColGen[2].PE_X|                                      ; 1.5 (1.5)            ; 2.7 (2.7)                        ; 1.2 (1.2)                                         ; 0.0 (0.0)                        ; 0.0 (0.0)            ; 0 (0)               ; 8 (8)                     ; 0 (0)         ; 0                 ; 0     ; 1                        ; 1                                      ; 0                                                 ; 0    ; 0            ; 0 (0)  ; u0|nvmm_0|nvmm_0|SYS|RowGen[2].ColGen[2].PE_X                                                                                                            ; PE                                                                    ; nvmm_10                            ;
;                |RowGen[2].ColGen[3].PE_X|                                      ; 0.2 (0.2)            ; 3.0 (3.0)                        ; 3.0 (3.0)                                         ; 0.2 (0.2)                        ; 0.0 (0.0)            ; 0 (0)               ; 8 (8)                     ; 0 (0)         ; 0                 ; 0     ; 1                        ; 1                                      ; 0                                                 ; 0    ; 0            ; 0 (0)  ; u0|nvmm_0|nvmm_0|SYS|RowGen[2].ColGen[3].PE_X                                                                                                            ; PE                                                                    ; nvmm_10                            ;
;                |RowGen[3].ColGen[0].PE_X|                                      ; -0.2 (-0.2)          ; 2.2 (2.2)                        ; 2.5 (2.5)                                         ; 0.0 (0.0)                        ; 0.0 (0.0)            ; 0 (0)               ; 8 (8)                     ; 0 (0)         ; 0                 ; 0     ; 1                        ; 1                                      ; 0                                                 ; 0    ; 0            ; 0 (0)  ; u0|nvmm_0|nvmm_0|SYS|RowGen[3].ColGen[0].PE_X                                                                                                            ; PE                                                                    ; nvmm_10                            ;
;                |RowGen[3].ColGen[1].PE_X|                                      ; 0.2 (0.2)            ; 2.4 (2.4)                        ; 2.2 (2.2)                                         ; 0.0 (0.0)                        ; 0.0 (0.0)            ; 0 (0)               ; 8 (8)                     ; 0 (0)         ; 0                 ; 0     ; 1                        ; 1                                      ; 0                                                 ; 0    ; 0            ; 0 (0)  ; u0|nvmm_0|nvmm_0|SYS|RowGen[3].ColGen[1].PE_X                                                                                                            ; PE                                                                    ; nvmm_10                            ;
;                |RowGen[3].ColGen[2].PE_X|                                      ; 0.0 (0.0)            ; 0.0 (0.0)                        ; 0.0 (0.0)                                         ; 0.0 (0.0)                        ; 0.0 (0.0)            ; 0 (0)               ; 0 (0)                     ; 0 (0)         ; 0                 ; 0     ; 1                        ; 1                                      ; 0                                                 ; 0    ; 0            ; 0 (0)  ; u0|nvmm_0|nvmm_0|SYS|RowGen[3].ColGen[2].PE_X                                                                                                            ; PE                                                                    ; nvmm_10                            ;
;                |RowGen[3].ColGen[3].PE_X|                                      ; 0.0 (0.0)            ; 0.0 (0.0)                        ; 0.0 (0.0)                                         ; 0.0 (0.0)                        ; 0.0 (0.0)            ; 0 (0)               ; 0 (0)                     ; 0 (0)         ; 0                 ; 0     ; 1                        ; 1                                      ; 0                                                 ; 0    ; 0            ; 0 (0)  ; u0|nvmm_0|nvmm_0|SYS|RowGen[3].ColGen[3].PE_X                                                                                                            ; PE                                                                    ; nvmm_10                            ;
;       |ram|                                                                    ; 446.0 (0.0)          ; 435.3 (0.0)                      ; 3.8 (0.0)                                         ; 14.5 (0.0)                       ; 0.0 (0.0)            ; 473 (0)             ; 6 (0)                     ; 0 (0)         ; 20971520          ; 1280  ; 0                        ; 0                                      ; 0                                                 ; 0    ; 0            ; 0 (0)  ; u0|ram                                                                                                                                                   ; sys_intel_onchip_memory_0                                             ; sys_intel_onchip_memory_0          ;
;          |intel_onchip_memory_0|                                               ; 446.0 (0.0)          ; 435.3 (0.0)                      ; 3.8 (0.0)                                         ; 14.5 (0.0)                       ; 0.0 (0.0)            ; 473 (0)             ; 6 (0)                     ; 0 (0)         ; 20971520          ; 1280  ; 0                        ; 0                                      ; 0                                                 ; 0    ; 0            ; 0 (0)  ; u0|ram|intel_onchip_memory_0                                                                                                                             ; sys_intel_onchip_memory_0_intel_onchip_memory_148_55zpfxi             ; intel_onchip_memory_148            ;
;             |altera_syncram_component|                                         ; 446.0 (0.0)          ; 435.3 (0.0)                      ; 3.8 (0.0)                                         ; 14.5 (0.0)                       ; 0.0 (0.0)            ; 473 (0)             ; 6 (0)                     ; 0 (0)         ; 20971520          ; 1280  ; 0                        ; 0                                      ; 0                                                 ; 0    ; 0            ; 0 (0)  ; u0|ram|intel_onchip_memory_0|altera_syncram_component                                                                                                    ; altera_syncram                                                        ; altera_work                        ;
;                |auto_generated|                                                ; 446.0 (0.0)          ; 435.3 (0.0)                      ; 3.8 (0.0)                                         ; 14.5 (0.0)                       ; 0.0 (0.0)            ; 473 (0)             ; 6 (0)                     ; 0 (0)         ; 20971520          ; 1280  ; 0                        ; 0                                      ; 0                                                 ; 0    ; 0            ; 0 (0)  ; u0|ram|intel_onchip_memory_0|altera_syncram_component|auto_generated                                                                                     ; altera_syncram_0dat1                                                  ; altera_work                        ;
;                   |altsyncram1|                                                ; 446.0 (2.8)          ; 435.3 (3.2)                      ; 3.8 (0.7)                                         ; 14.5 (0.3)                       ; 0.0 (0.0)            ; 473 (1)             ; 6 (6)                     ; 0 (0)         ; 20971520          ; 1280  ; 0                        ; 0                                      ; 0                                                 ; 0    ; 0            ; 0 (0)  ; u0|ram|intel_onchip_memory_0|altera_syncram_component|auto_generated|altsyncram1                                                                         ; altsyncram_jg5v1                                                      ; altera_work                        ;
;                      |decode4|                                                 ; 27.3 (27.3)          ; 26.8 (26.8)                      ; 0.0 (0.0)                                         ; 0.5 (0.5)                        ; 0.0 (0.0)            ; 51 (51)             ; 0 (0)                     ; 0 (0)         ; 0                 ; 0     ; 0                        ; 0                                      ; 0                                                 ; 0    ; 0            ; 0 (0)  ; u0|ram|intel_onchip_memory_0|altera_syncram_component|auto_generated|altsyncram1|decode4                                                                 ; decode_q1iu                                                           ; altera_work                        ;
;                      |mux3|                                                    ; 415.2 (415.2)        ; 405.3 (405.3)                    ; 3.8 (3.8)                                         ; 13.7 (13.7)                      ; 0.0 (0.0)            ; 421 (421)           ; 0 (0)                     ; 0 (0)         ; 0                 ; 0     ; 0                        ; 0                                      ; 0                                                 ; 0    ; 0            ; 0 (0)  ; u0|ram|intel_onchip_memory_0|altera_syncram_component|auto_generated|altsyncram1|mux3                                                                    ; mux_h4ed1                                                             ; altera_work                        ;
;       |rst_controller|                                                         ; 3.5 (3.0)            ; 5.5 (3.5)                        ; 2.5 (1.0)                                         ; 0.5 (0.5)                        ; 0.0 (0.0)            ; 6 (5)               ; 16 (10)                   ; 0 (0)         ; 0                 ; 0     ; 0                        ; 0                                      ; 0                                                 ; 0    ; 0            ; 0 (0)  ; u0|rst_controller                                                                                                                                        ; altera_reset_controller                                               ; altera_reset_controller_1922       ;
;          |alt_rst_req_sync_uq1|                                                ; 0.5 (0.5)            ; 1.0 (1.0)                        ; 0.5 (0.5)                                         ; 0.0 (0.0)                        ; 0.0 (0.0)            ; 1 (1)               ; 3 (3)                     ; 0 (0)         ; 0                 ; 0     ; 0                        ; 0                                      ; 0                                                 ; 0    ; 0            ; 0 (0)  ; u0|rst_controller|alt_rst_req_sync_uq1                                                                                                                   ; altera_reset_synchronizer                                             ; altera_reset_controller_1922       ;
;          |alt_rst_sync_uq1|                                                    ; 0.0 (0.0)            ; 1.0 (1.0)                        ; 1.0 (1.0)                                         ; 0.0 (0.0)                        ; 0.0 (0.0)            ; 0 (0)               ; 3 (3)                     ; 0 (0)         ; 0                 ; 0     ; 0                        ; 0                                      ; 0                                                 ; 0    ; 0            ; 0 (0)  ; u0|rst_controller|alt_rst_sync_uq1                                                                                                                       ; altera_reset_synchronizer                                             ; altera_reset_controller_1922       ;
+--------------------------------------------------------------------------------+----------------------+----------------------------------+---------------------------------------------------+----------------------------------+----------------------+---------------------+---------------------------+---------------+-------------------+-------+--------------------------+----------------------------------------+---------------------------------------------------+------+--------------+--------+----------------------------------------------------------------------------------------------------------------------------------------------------------+-----------------------------------------------------------------------+------------------------------------+
Note: For table entries with two numbers listed, the numbers in parentheses indicate the number of resources of the given type used by the specific entity alone. The numbers listed outside of parentheses indicate the total resources of the given type used by the specific entity and all of its sub-entities in the hierarchy.


+------------------------------------------------------------------------------------------------------------+
; Fitter Partition Statistics                                                                                ;
+-------------------------------------------------------+--------------------------+-------------------------+
; Statistic                                             ; |                        ; auto_fab_0              ;
+-------------------------------------------------------+--------------------------+-------------------------+
; ALMs needed [=A-B+C]                                  ; 4185.0 / 251680 ( 1 % )  ; 86.0 / 251680 ( < 1 % ) ;
;     [A] ALMs used in final placement                  ; 4776.0 / 251680 ( 1 % )  ; 97.5 / 251680 ( < 1 % ) ;
;     [B] Estimate of ALMs recoverable by dense packing ; 622.0 / 251680 ( < 1 % ) ; 12.0 / 251680 ( < 1 % ) ;
;     [C] Estimate of ALMs unavailable                  ; 31.0 / 251680 ( < 1 % )  ; 0.5 / 251680 ( < 1 % )  ;
; ALMs used for memory                                  ; 80.0                     ; 0.0                     ;
; Combinational ALUTs                                   ; 6112                     ; 142                     ;
; Dedicated Logic Registers                             ; 4970 / 1006720 ( < 1 % ) ; 99 / 1006720 ( < 1 % )  ;
; I/O Registers                                         ; 0                        ; 0                       ;
; Block Memory Bits                                     ; 21046016                 ; 0                       ;
; M20Ks                                                 ; 1290 / 2131 ( 60 % )     ; 0 / 2131 ( 0 % )        ;
; DSP Blocks needed [=A-B]                              ; 18 / 1687 ( 1 % )        ; 0 / 1687 ( 0 % )        ;
;     [A] DSP Blocks used in final placement            ; 19 / 1687 ( 1 % )        ; 0 / 1687 ( 0 % )        ;
;     [B] Estimate of DSPs recoverable by dense merging ; 1 / 1687 ( < 1 % )       ; 0 / 1687 ( 0 % )        ;
; Pins                                                  ; 6                        ; 0                       ;
; Virtual Pins                                          ; 0                        ; 0                       ;
; IOPLLs                                                ; 0                        ; 0                       ;
;                                                       ;                          ;                         ;
; Region Placement                                      ; -                        ; -                       ;
;                                                       ;                          ;                         ;
; Partition Ports                                       ;                          ;                         ;
;     -- Input Ports                                    ; 4                        ; 19                      ;
;     -- Output Ports                                   ; 1                        ; 81                      ;
;                                                       ;                          ;                         ;
; Connections                                           ;                          ;                         ;
;     -- Input Connections                              ; 18                       ; 607                     ;
;     -- Registered Input Connections                   ; 1                        ; 249                     ;
;     -- Output Connections                             ; 607                      ; 18                      ;
;     -- Registered Output Connections                  ; 357                      ; 0                       ;
;                                                       ;                          ;                         ;
; Internal Connections                                  ;                          ;                         ;
;     -- Total Connections                              ; 96613                    ; 1493                    ;
;     -- Registered Connections                         ; 59887                    ; 739                     ;
;                                                       ;                          ;                         ;
; External Connections                                  ;                          ;                         ;
;     -- |                                              ; 0                        ; 625                     ;
;     -- auto_fab_0                                     ; 625                      ; 0                       ;
+-------------------------------------------------------+--------------------------+-------------------------+


+------------------------------------------------------------------------------------------------------------------------------------------------+
; Non-Global High Fan-Out Signals                                                                                                                ;
+-------------------------------------------------------------------------------------------------------------------+---------+------------------+
; Name                                                                                                              ; Fan-Out ; Physical Fan-Out ;
+-------------------------------------------------------------------------------------------------------------------+---------+------------------+
; u0|rst_controller|r_sync_rst                                                                                      ; 1461    ; 234              ;
; u0|mm_interconnect_0|ram_s1_burst_adapter|altera_merlin_burst_adapter_13_1.burst_adapter|out_byteen[1]~1          ; 1285    ; 325              ;
; u0|mm_interconnect_0|ram_s1_burst_adapter|altera_merlin_burst_adapter_13_1.burst_adapter|out_byteen[0]~0          ; 1285    ; 325              ;
; u0|mm_interconnect_0|ram_s1_burst_adapter|altera_merlin_burst_adapter_13_1.burst_adapter|out_byteen[2]~3          ; 1283    ; 323              ;
; u0|mm_interconnect_0|ram_s1_burst_adapter|altera_merlin_burst_adapter_13_1.burst_adapter|out_byteen[3]~2          ; 1283    ; 323              ;
; u0|mm_interconnect_0|ram_s1_agent|m0_read~0                                                                       ; 1282    ; 1282             ;
; u0|rst_controller|r_early_rst                                                                                     ; 1281    ; 1281             ;
; u0|mm_interconnect_0|ram_s1_burst_adapter|altera_merlin_burst_adapter_13_1.burst_adapter|int_nxt_addr_reg_dly[2]  ; 1281    ; 1281             ;
; u0|mm_interconnect_0|ram_s1_burst_adapter|altera_merlin_burst_adapter_13_1.burst_adapter|int_nxt_addr_reg_dly[3]  ; 1281    ; 1281             ;
; u0|mm_interconnect_0|ram_s1_burst_adapter|altera_merlin_burst_adapter_13_1.burst_adapter|int_nxt_addr_reg_dly[4]  ; 1281    ; 1281             ;
; u0|mm_interconnect_0|ram_s1_burst_adapter|altera_merlin_burst_adapter_13_1.burst_adapter|int_nxt_addr_reg_dly[5]  ; 1281    ; 1281             ;
; u0|mm_interconnect_0|ram_s1_burst_adapter|altera_merlin_burst_adapter_13_1.burst_adapter|int_nxt_addr_reg_dly[6]  ; 1281    ; 1281             ;
; u0|mm_interconnect_0|ram_s1_burst_adapter|altera_merlin_burst_adapter_13_1.burst_adapter|int_nxt_addr_reg_dly[7]  ; 1281    ; 1281             ;
; u0|mm_interconnect_0|ram_s1_burst_adapter|altera_merlin_burst_adapter_13_1.burst_adapter|int_nxt_addr_reg_dly[8]  ; 1281    ; 1281             ;
; u0|mm_interconnect_0|ram_s1_burst_adapter|altera_merlin_burst_adapter_13_1.burst_adapter|int_nxt_addr_reg_dly[9]  ; 1281    ; 1281             ;
; u0|mm_interconnect_0|ram_s1_burst_adapter|altera_merlin_burst_adapter_13_1.burst_adapter|int_nxt_addr_reg_dly[10] ; 1281    ; 1281             ;
; u0|mm_interconnect_0|ram_s1_burst_adapter|altera_merlin_burst_adapter_13_1.burst_adapter|int_nxt_addr_reg_dly[11] ; 1281    ; 1281             ;
; u0|mm_interconnect_0|ram_s1_burst_adapter|altera_merlin_burst_adapter_13_1.burst_adapter|int_nxt_addr_reg_dly[12] ; 1281    ; 1281             ;
; u0|mm_interconnect_0|ram_s1_burst_adapter|altera_merlin_burst_adapter_13_1.burst_adapter|int_nxt_addr_reg_dly[13] ; 1281    ; 1281             ;
; u0|mm_interconnect_0|ram_s1_burst_adapter|altera_merlin_burst_adapter_13_1.burst_adapter|int_nxt_addr_reg_dly[14] ; 1281    ; 1281             ;
; u0|mm_interconnect_0|ram_s1_burst_adapter|altera_merlin_burst_adapter_13_1.burst_adapter|int_nxt_addr_reg_dly[15] ; 1281    ; 1281             ;
; u0|mm_interconnect_0|ram_s1_burst_adapter|altera_merlin_burst_adapter_13_1.burst_adapter|in_data_reg[0]           ; 640     ; 640              ;
; u0|mm_interconnect_0|ram_s1_burst_adapter|altera_merlin_burst_adapter_13_1.burst_adapter|in_data_reg[1]           ; 640     ; 640              ;
; u0|mm_interconnect_0|ram_s1_burst_adapter|altera_merlin_burst_adapter_13_1.burst_adapter|in_data_reg[2]           ; 640     ; 640              ;
; u0|mm_interconnect_0|ram_s1_burst_adapter|altera_merlin_burst_adapter_13_1.burst_adapter|in_data_reg[3]           ; 640     ; 640              ;
; u0|mm_interconnect_0|ram_s1_burst_adapter|altera_merlin_burst_adapter_13_1.burst_adapter|in_data_reg[4]           ; 640     ; 640              ;
; u0|mm_interconnect_0|ram_s1_burst_adapter|altera_merlin_burst_adapter_13_1.burst_adapter|in_data_reg[5]           ; 640     ; 640              ;
; u0|mm_interconnect_0|ram_s1_burst_adapter|altera_merlin_burst_adapter_13_1.burst_adapter|in_data_reg[6]           ; 640     ; 640              ;
; u0|mm_interconnect_0|ram_s1_burst_adapter|altera_merlin_burst_adapter_13_1.burst_adapter|in_data_reg[7]           ; 640     ; 640              ;
; u0|mm_interconnect_0|ram_s1_burst_adapter|altera_merlin_burst_adapter_13_1.burst_adapter|in_data_reg[8]           ; 640     ; 640              ;
; u0|mm_interconnect_0|ram_s1_burst_adapter|altera_merlin_burst_adapter_13_1.burst_adapter|in_data_reg[9]           ; 640     ; 640              ;
; u0|mm_interconnect_0|ram_s1_burst_adapter|altera_merlin_burst_adapter_13_1.burst_adapter|in_data_reg[10]          ; 640     ; 640              ;
; u0|mm_interconnect_0|ram_s1_burst_adapter|altera_merlin_burst_adapter_13_1.burst_adapter|in_data_reg[11]          ; 640     ; 640              ;
; u0|mm_interconnect_0|ram_s1_burst_adapter|altera_merlin_burst_adapter_13_1.burst_adapter|in_data_reg[12]          ; 640     ; 640              ;
; u0|mm_interconnect_0|ram_s1_burst_adapter|altera_merlin_burst_adapter_13_1.burst_adapter|in_data_reg[13]          ; 640     ; 640              ;
; u0|mm_interconnect_0|ram_s1_burst_adapter|altera_merlin_burst_adapter_13_1.burst_adapter|in_data_reg[14]          ; 640     ; 640              ;
; u0|mm_interconnect_0|ram_s1_burst_adapter|altera_merlin_burst_adapter_13_1.burst_adapter|in_data_reg[15]          ; 640     ; 640              ;
; u0|mm_interconnect_0|ram_s1_burst_adapter|altera_merlin_burst_adapter_13_1.burst_adapter|in_data_reg[16]          ; 640     ; 640              ;
; u0|mm_interconnect_0|ram_s1_burst_adapter|altera_merlin_burst_adapter_13_1.burst_adapter|in_data_reg[17]          ; 640     ; 640              ;
; u0|mm_interconnect_0|ram_s1_burst_adapter|altera_merlin_burst_adapter_13_1.burst_adapter|in_data_reg[18]          ; 640     ; 640              ;
; u0|mm_interconnect_0|ram_s1_burst_adapter|altera_merlin_burst_adapter_13_1.burst_adapter|in_data_reg[19]          ; 640     ; 640              ;
; u0|mm_interconnect_0|ram_s1_burst_adapter|altera_merlin_burst_adapter_13_1.burst_adapter|in_data_reg[20]          ; 640     ; 640              ;
; u0|mm_interconnect_0|ram_s1_burst_adapter|altera_merlin_burst_adapter_13_1.burst_adapter|in_data_reg[21]          ; 640     ; 640              ;
; u0|mm_interconnect_0|ram_s1_burst_adapter|altera_merlin_burst_adapter_13_1.burst_adapter|in_data_reg[22]          ; 640     ; 640              ;
; u0|mm_interconnect_0|ram_s1_burst_adapter|altera_merlin_burst_adapter_13_1.burst_adapter|in_data_reg[23]          ; 640     ; 640              ;
; u0|mm_interconnect_0|ram_s1_burst_adapter|altera_merlin_burst_adapter_13_1.burst_adapter|in_data_reg[24]          ; 640     ; 640              ;
; u0|mm_interconnect_0|ram_s1_burst_adapter|altera_merlin_burst_adapter_13_1.burst_adapter|in_data_reg[25]          ; 640     ; 640              ;
; u0|mm_interconnect_0|ram_s1_burst_adapter|altera_merlin_burst_adapter_13_1.burst_adapter|in_data_reg[26]          ; 640     ; 640              ;
; u0|mm_interconnect_0|ram_s1_burst_adapter|altera_merlin_burst_adapter_13_1.burst_adapter|in_data_reg[27]          ; 640     ; 640              ;
; u0|mm_interconnect_0|ram_s1_burst_adapter|altera_merlin_burst_adapter_13_1.burst_adapter|in_data_reg[28]          ; 640     ; 640              ;
; u0|mm_interconnect_0|ram_s1_burst_adapter|altera_merlin_burst_adapter_13_1.burst_adapter|in_data_reg[29]          ; 640     ; 640              ;
; u0|mm_interconnect_0|ram_s1_burst_adapter|altera_merlin_burst_adapter_13_1.burst_adapter|in_data_reg[30]          ; 640     ; 640              ;
; u0|mm_interconnect_0|ram_s1_burst_adapter|altera_merlin_burst_adapter_13_1.burst_adapter|in_data_reg[31]          ; 640     ; 640              ;
; u0|cpu|intel_niosv_g_inst|hart|core_inst|M0_ready~0                                                               ; 531     ; 99               ;
+-------------------------------------------------------------------------------------------------------------------+---------+------------------+


+---------------------------------------------------------------------------------------------------------------------------------------------------------------------------------------------------------------------------------------------------------------------------------------------------------------------------------------------------------------------------------------------------------------------------------------------------------------------------------------------------------------------------------------------------------------------------------------------------------------------------------------------------------------------------------------------------------------------------------------------------------------------------------------------------------------------------------------------------------------------------------------------------------------------------------------------------------------------------------------------------------------------------------------------------------------------------------------------------------------------------------------------------------------------------------------------------------------------------------------------------------------------------------------------------------------------------------------------------------------------------------------------------------------------------------------------------------------------------------------------------------------------------------------------------------------------------------------------------------------------------------------------------------------------------------------------------------------------------------------------------------------------------------------------------------------------------------------------------------------------------------------------------------------------------------------------------------------------------------------------------------------------------------------------------------------------------------------------------------------------------------------------------------------------------------------------------------------------------------------------------------------------------------------------------------------------------------------------------------------------------------------------------------------------------------------------------------------------------------------------------------------------------------------------------------------------------------------------------------------------------------------------------------------------------------------------------------------------------------------------------------------------------------------------------------------------------------------------------------------------------------------------------------------------------------------------------------------------------------------------------------------------------------------------------------------------------------------------------------------------------------------------------------------------------------------------------------------------------------------------------------------------------------------------------------------------------------------------------------------------------------------------------------------------------------------------------------------------------------------------------------------------------------------------------------------------------------------------------------------------------------------------------------------------------------------------------------------------------------------------------------------------------------------------------------------------------------------------------------------------------------------------------------------------------------------------------------------------------------------------------------------------------------------------------------------------------------------------------------------------------------------------------------------------------------------------------------------------------------------------------------------------------------------------------------------------------------------------------------------------------------------------------------------------------------------------------------------------------------------------------------------------------------------------------------------------------------------------------------------------------------------------------------------------------------------------------------------------------------------------------------------------------------------------------------------------------------------------------------------------------------------------------------------------------------------------------------------------------------------------------------------------------------------------------------------------------------------------------------------------------------------------------------------------------------------------------------------------------------------------------------------------------------------------------------------------------------------------------------------------------------------------------------------------------------------------------------------------------------------------------------------------------------------------------------------------------------------------------------------------------------------------------------------------------------------------------------------------------------------------------------------------------------------------------------------------------------------------------------------------------------------------------------------------------------------------------------------------------------------------------------------------------------------------------------------------------------------------------------------------------------------------------------------------------------------------------------------------------------------------------------------------------------------------------------------------------------------------------------------------------------------------------------------------------------------------------------------------------------------------------------------------------------------------------------------------------------------------------------------------------------------------------------------------------------------------------------------------------------------------------------------------------------------------------------------------------------------------------------------------------------------------------------------------------------------------------------------------------------------------------------------------------------------------------------------------------------------------------------------------------------------------------------------------------------------------------------------------------------------------------------------------------------------------------------------------------------------------------------------------------------------------------------------------------------------------------------------------------------------------------------------------------------------------------------------------------------------------------------------------------------------------------------------------------------------------------------------------------------------------------------------------------------------------------------------------------------------------------------------------------------------------------------------------------------------------------------------------------------------------------------------------------------------------------------------------------------------------------------------------------------------------------------------------------------------------------------------------------------------------------------------------------------------------------------------------------------------------------------------------------------------------------------------------------------------------------------------------------------------------------------------------------------------------------------------------------------------------------------------------------------------------------------------------------------------------------------------------------------------------------------------------------------------------------------------------------------------------------------------------------------------------------------------------------------------------------------------------------------------------------------------------------------------------------------------------------------------------------------------------------------------------------------------------------------------------------------------------------------------------------------------------------------------------------------------------------------------------------------------------------------------------------------------------------------------------------------------------------------------------------------------------------------------------------------------------------------------------------------------------------------------------------------------------------------------------------------------------------------------------------------------------------------------------------------------------------------------------------------------------------------------------------------------------------------------------------------------------------------------------------------------------------------------------------------------------------------------------------------------------------------------------------------------------------------------------------------------------------------------------------------------------------------------------------------------------------------------------------------------------------------------------------------------------------------------------------------------------------------------------------------------------------------------------------------------------------------------------------------------------------------------------------------------------------------------------------------------------------------------------------------------------------------------------------------------------------------------------------------------------------------------------------------------------------------------------------------------------------------------------------------------------------------------------------------------------------------------------------------------------------------------------------------------------------------------------------------------------------------------------------------------------------------------------------------------------------------------------------------------------------------------------------------------------------------------------------------------------------------------------------------------------------------------------------------------------------------------------------------------------------------------------------------------------------------------------------------------------------------------------------------------------------------------------------------------------------------------------------------------------------------------------------------------------------------------------------------------------------------------------------------------------------------------------------------------------------------------------------------------------------------------------------------------------------------------------------------------------------------------------------------------------------------------------------------------------------------------------------------------------------------------------------------------------------------------------------------------------------------------------------------------------------------------------------------------------------------------------------------------------------------------------------------------------------------------------------------------------------------------------------------------------------------------------------------------------------------------------------------------------------------------------------------------------------------------------------------------------------------------------------------------------------------------------------------------------------------------------------------------------------------------------------------------------------------------------------------------------------------------------------------------------------------------------------------------------------------------------------------------------------------------------------------------------------------------------------------------------------------------------------------------------------------------------------------------------------------------------------------------------------------------------------------------------------------------------------------------------------------------------------------------------------------------------------------------------------------------------------------------------------------------------------------------------------------------------------------------------------------------------------------------------------------------------------------------------------------------------------------------------------------------------------------------------------------------------------------------------------------------------------------------------------------------------------------------------------------------------------------------------------------------------------------------------------------------------------------------------------------------------------------------------------------------------------------------------------------------------------------------------------------------------------------------------------------------------------------------------------------------------------------------------------------------------------------------------------------------------------------------------------------------------------------------------------------------------------------------------------------------------------------------------------------------------------------------------------------------------------------------------------------------------------------------------------------------------------------------------------------------------------------------------------------------------------------------------------------------------------------------------------------------------------------------------------------------------------------------------------------------------------------------------------------------------------------------------------------------------------------------------------------------------------------------------------------------------------------------------------------------------------------------------------------------------------------------------------------------------------------------------------------------------------------------------------------------------------------------------------------------------------------------------------------------------------------------------------------------------------------------------------------------------------------------------------------------------------------------------------------------------------------------------------------------------------------------------------------------------------------------------------------------------------------------------------------------------------------------------------------------------------------------------------------------------------------------------------------------------------------------------------------------------------------------------------------------------------------------------------------------------------------------------------------------------------------------------------------------------------------------------------------------------------------------------------------------------------------------------------------------------------------------------------------------------------------------------------------------------------------------------------------------------------------------------------------------------------------------------------------------------------------------------------------------------------------------------------------------------------------------------------------------------------------------------------------------------------------------------------------------------------------------------------------------------------------------------------------------------------------------------------------------------------------------------------------------------------------------------------------------------------------------------------------------------------------------------------------------------------------------------------------------------------------------------------------------------------------------------------------------------------------------------------------------------------------------------------------------------------------------------------------------------------------------------------------------------------------------------------------------------------------------------------------------------------------------------------------------------------------------------------------------------------------------------------------------------------------------------------------------------------------------------------------------------------------------------------------------------------------------------------------------------------------------------------------------------------------------------------------------------------------------------------------------------------------------------------------------------------------------------------------------------------------------------------------------------------------------------------------------------------------------------------------------------------------------------------------------------------------------------------------------------------------------------------------------------------------------------------------------------------------------------------------------------------------------------------------------------------------------------------------------------------------------------------------------------------------------------------------------------------------------------------------------------------------------------------------------------------------------------------------------------------------------------------------------------------------------------------------------------------------------------------------------------------------------------------------------------------------------------------------------------------------------------------------------------------------------------------------------------------------------------------------------------------------------------------------------------------------------------------------------------------------------------------------------------------------------------------------------------------------------------------------------------------------------------------------------------------------------------------------------------------------------------------------------------------------------------------------------------------------------------------------------------------------------------------------------------------------------------------------------------------------------------------------------------------------------------------------------------------------------------------------------------------------------------------------------------------------------------------------------------------------------------------------------------------------------------------------------------------------------------------------------------------------------------------------------------------------------------------------------------------------------------------------------------------------------------------------------------------------------------------------------------------------------------------------------------------------------------------------------------------------------------------------------------------------------------------------------------------------------------------------------------------------------------------------------------------------------------------------------------------------------------------------------------------------------------------------------------------------------------------------------------------------------------------------------------------------------------------------------------------------------------------------------------------------------------------------------------------------------------------------------------------------------------------------------------------------------------------------------------------------------------------------------------------------------------------------------------------------------------------------------------------------------------------------------------------------------------------------------------------------------------------------------------------------------------------------------------------------------------------------------------------------------------------------------------------------------------------------------------------------------------------------------------------------------------------------------------------------------------------------------------------------------------------------------------------------------------------------------------------------------------------------------------------------------------------------------------------------------------------------------------------------------------------------------------------------------------------------------------------------------------------------------------------------------------------------------------------------------------------------------------------------------------------------------------------------------------------------------------------------------------------------------------------------------------------------------------------------------------------------------------------------------------------------------------------------------------------------------------------------------------------------------------------------------------------------------------------------------------------------------------------------------------------------------------------------------------------------------------------------------------------------------------------------------------------------------------------------------------------------------------------------------------------------------------------------------------------------------------------------------------------------------------------------------------------------------------------------------------------------------------------------------------------------------------------------------------------------------------------------------------------------------------------------------------------------------------------------------------------------------------------------------------------------------------------------------------------------------------------------------+
; Fitter RAM Summary                                                                                                                                                                                                                                                                                                                                                                                                                                                                                                                                                                                                                                                                                                                                                                                                                                                                                                                                                                                                                                                                                                                                                                                                                                                                                                                                                                                                                                                                                                                                                                                                                                                                                                                                                                                                                                                                                                                                                                                                                                                                                                                                                                                                                                                                                                                                                                                                                                                                                                                                                                                                                                                                                                                                                                                                                                                                                                                                                                                                                                                                                                                                                                                                                                                                                                                                                                                                                                                                                                                                                                                                                                                                                                                                                                                                                                                                                                                                                                                                                                                                                                                                                                                                                                                                                                                                                                                                                                                                                                                                                                                                                                                                                                                                                                                                                                                                                                                                                                                                                                                                                                                                                                                                                                                                                                                                                                                                                                                                                                                                                                                                                                                                                                                                                                                                                                                                                                                                                                                                                                                                                                                                                                                                                                                                                                                                                                                                                                                                                                                                                                                                                                                                                                                                                                                                                                                                                                                                                                                                                                                                                                                                                                                                                                                                                                                                                                                                                                                                                                                                                                                                                                                                                                                                                                                                                                                                                                                                                                                                                                                                                                                                                                                                                                                                                                                                                                                                                                                                                                                                                                                                                                                                                                                                                                                                                                                                                                                                                                                                                                                                                                                                                                                                                                                                                                                                                                                                                                                                                                                                                                                                                                                                                                                                                                                                                                                                                                                                                                                                                                                                                                                                                                                                                                                                                                                                                                                                                                                                                                                                                                                                                                                                                                                                                                                                                                                                                                                                                                                                                                                                                                                                                                                                                                                                                                                                                                                                                                                                                                                                                                                                                                                                                                                                                                                                                                                                                                                                                                                                                                                                                                                                                                                                                                                                                                                                                                                                                                                                                                                                                                                                                                                                                                                                                                                                                                                                                                                                                                                                                                                                                                                                                                                                                                                                                                                                                                                                                                                                                                                                                                                                                                                                                                                                                                                                                                                                                                                                                                                                                                                                                                                                                                                                                                                                                                                                                                                                                                                                                                                                                                                                                                                                                                                                                                                                                                                                                                                                                                                                                                                                                                                                                                                                                                                                                                                                                                                                                                                                                                                                                                                                                                                                                                                                                                                                                                                                                                                                                                                                                                                                                                                                                                                                                                                                                                                                                                                                                                                                                                                                                                                                                                                                                                                                                                                                                                                                                                                                                                                                                                                                                                                                                                                                                                                                                                                                                                                                                                                                                                                                                                                                                                                                                                                                                                                                                                                                                                                                                                                                                                                                                                                                                                                                                                                                                                                                                                                                                                                                                                                                                                                                                                                                                                                                                                                                                                                                                                                                                                                                                                                                                                                                                                                                                                                                                                                                                                                                                                                                                                                                                                                                                                                                                                                                                                                                                                                                                                                                                                                                                                                                                                                                                                                                                                                                                                                                                                                                                                                                                                                                                                                                                                                                                                                                                                                                                                                                                                                                                                                                                                                                                                                                                                                                                                                                                                                                                                                                                                                                                                                                                                                                                                                                                                                                                                                                                                                                                                                                                                                                                                                                                                                                                                                                                                                                                                                                                                                                                                                                                                                                                                                                                                                                                                                                                                                                                                                                                                                                                                                                                                                                                                                                                                                                                                                                                                                                                                                                                                                                                                                                                                                                                                                                                                                                                                                                                                                                                                                                                                                                                                                                                                                                                                                                                                                                                                                                                                                                                                                                                                                                                                                                                                            ;
+------------------------------------------------------------------------------------------------------------------------------------------------------+------------+------------------+--------------+--------------+--------------+--------------+--------------+------------------------+-------------------------+------------------------+-------------------------+----------+-----------------------------+-----------------------------+-----------------------------+-----------------------------+---------------------+-------------+-------+--------------------------------------------------------------------------------------------------------------------+--------------------------------------------------------------------------------------------------------------------------------------------------------------------------------------------------------------------------------------------------------------------------------------------------------------------------------------------------------------------------------------------------------------------------------------------------------------------------------------------------------------------------------------------------------------------------------------------------------------------------------------------------------------------------------------------------------------------------------------------------------------------------------------------------------------------------------------------------------------------------------------------------------------------------------------------------------------------------------------------------------------------------------------------------------------------------------------------------------------------------------------------------------------------------------------------------------------------------------------------------------------------------------------------------------------------------------------------------------------------------------------------------------------------------------------------------------------------------------------------------------------------------------------------------------------------------------------------------------------------------------------------------------------------------------------------------------------------------------------------------------------------------------------------------------------------------------------------------------------------------------------------------------------------------------------------------------------------------------------------------------------------------------------------------------------------------------------------------------------------------------------------------------------------------------------------------------------------------------------------------------------------------------------------------------------------------------------------------------------------------------------------------------------------------------------------------------------------------------------------------------------------------------------------------------------------------------------------------------------------------------------------------------------------------------------------------------------------------------------------------------------------------------------------------------------------------------------------------------------------------------------------------------------------------------------------------------------------------------------------------------------------------------------------------------------------------------------------------------------------------------------------------------------------------------------------------------------------------------------------------------------------------------------------------------------------------------------------------------------------------------------------------------------------------------------------------------------------------------------------------------------------------------------------------------------------------------------------------------------------------------------------------------------------------------------------------------------------------------------------------------------------------------------------------------------------------------------------------------------------------------------------------------------------------------------------------------------------------------------------------------------------------------------------------------------------------------------------------------------------------------------------------------------------------------------------------------------------------------------------------------------------------------------------------------------------------------------------------------------------------------------------------------------------------------------------------------------------------------------------------------------------------------------------------------------------------------------------------------------------------------------------------------------------------------------------------------------------------------------------------------------------------------------------------------------------------------------------------------------------------------------------------------------------------------------------------------------------------------------------------------------------------------------------------------------------------------------------------------------------------------------------------------------------------------------------------------------------------------------------------------------------------------------------------------------------------------------------------------------------------------------------------------------------------------------------------------------------------------------------------------------------------------------------------------------------------------------------------------------------------------------------------------------------------------------------------------------------------------------------------------------------------------------------------------------------------------------------------------------------------------------------------------------------------------------------------------------------------------------------------------------------------------------------------------------------------------------------------------------------------------------------------------------------------------------------------------------------------------------------------------------------------------------------------------------------------------------------------------------------------------------------------------------------------------------------------------------------------------------------------------------------------------------------------------------------------------------------------------------------------------------------------------------------------------------------------------------------------------------------------------------------------------------------------------------------------------------------------------------------------------------------------------------------------------------------------------------------------------------------------------------------------------------------------------------------------------------------------------------------------------------------------------------------------------------------------------------------------------------------------------------------------------------------------------------------------------------------------------------------------------------------------------------------------------------------------------------------------------------------------------------------------------------------------------------------------------------------------------------------------------------------------------------------------------------------------------------------------------------------------------------------------------------------------------------------------------------------------------------------------------------------------------------------------------------------------------------------------------------------------------------------------------------------------------------------------------------------------------------------------------------------------------------------------------------------------------------------------------------------------------------------------------------------------------------------------------------------------------------------------------------------------------------------------------------------------------------------------------------------------------------------------------------------------------------------------------------------------------------------------------------------------------------------------------------------------------------------------------------------------------------------------------------------------------------------------------------------------------------------------------------------------------------------------------------------------------------------------------------------------------------------------------------------------------------------------------------------------------------------------------------------------------------------------------------------------------------------------------------------------------------------------------------------------------------------------------------------------------------------------------------------------------------------------------------------------------------------------------------------------------------------------------------------------------------------------------------------------------------------------------------------------------------------------------------------------------------------------------------------------------------------------------------------------------------------------------------------------------------------------------------------------------------------------------------------------------------------------------------------------------------------------------------------------------------------------------------------------------------------------------------------------------------------------------------------------------------------------------------------------------------------------------------------------------------------------------------------------------------------------------------------------------------------------------------------------------------------------------------------------------------------------------------------------------------------------------------------------------------------------------------------------------------------------------------------------------------------------------------------------------------------------------------------------------------------------------------------------------------------------------------------------------------------------------------------------------------------------------------------------------------------------------------------------------------------------------------------------------------------------------------------------------------------------------------------------------------------------------------------------------------------------------------------------------------------------------------------------------------------------------------------------------------------------------------------------------------------------------------------------------------------------------------------------------------------------------------------------------------------------------------------------------------------------------------------------------------------------------------------------------------------------------------------------------------------------------------------------------------------------------------------------------------------------------------------------------------------------------------------------------------------------------------------------------------------------------------------------------------------------------------------------------------------------------------------------------------------------------------------------------------------------------------------------------------------------------------------------------------------------------------------------------------------------------------------------------------------------------------------------------------------------------------------------------------------------------------------------------------------------------------------------------------------------------------------------------------------------------------------------------------------------------------------------------------------------------------------------------------------------------------------------------------------------------------------------------------------------------------------------------------------------------------------------------------------------------------------------------------------------------------------------------------------------------------------------------------------------------------------------------------------------------------------------------------------------------------------------------------------------------------------------------------------------------------------------------------------------------------------------------------------------------------------------------------------------------------------------------------------------------------------------------------------------------------------------------------------------------------------------------------------------------------------------------------------------------------------------------------------------------------------------------------------------------------------------------------------------------------------------------------------------------------------------------------------------------------------------------------------------------------------------------------------------------------------------------------------------------------------------------------------------------------------------------------------------------------------------------------------------------------------------------------------------------------------------------------------------------------------------------------------------------------------------------------------------------------------------------------------------------------------------------------------------------------------------------------------------------------------------------------------------------------------------------------------------------------------------------------------------------------------------------------------------------------------------------------------------------------------------------------------------------------------------------------------------------------------------------------------------------------------------------------------------------------------------------------------------------------------------------------------------------------------------------------------------------------------------------------------------------------------------------------------------------------------------------------------------------------------------------------------------------------------------------------------------------------------------------------------------------------------------------------------------------------------------------------------------------------------------------------------------------------------------------------------------------------------------------------------------------------------------------------------------------------------------------------------------------------------------------------------------------------------------------------------------------------------------------------------------------------------------------------------------------------------------------------------------------------------------------------------------------------------------------------------------------------------------------------------------------------------------------------------------------------------------------------------------------------------------------------------------------------------------------------------------------------------------------------------------------------------------------------------------------------------------------------------------------------------------------------------------------------------------------------------------------------------------------------------------------------------------------------------------------------------------------------------------------------------------------------------------------------------------------------------------------------------------------------------------------------------------------------------------------------------------------------------------------------------------------------------------------------------------------------------------------------------------------------------------------------------------------------------------------------------------------------------------------------------------------------------------------------------------------------------------------------------------------------------------------------------------------------------------------------------------------------------------------------------------------------------------------------------------------------------------------------------------------------------------------------------------------------------------------------------------------------------------------------------------------------------------------------------------------------------------------------------------------------------------------------------------------------------------------------------------------------------------------------------------------------------------------------------------------------------------------------------------------------------------------------------------------------------------------------------------------------------------------------------------------------------------------------------------------------------------------------------------------------------------------------------------------------------------------------------------------------------------------------------------------------------------------------------------------------------------------------------------------------------------------------------------------------------------------------------------------------------------------------------------------------------------------------------------------------------------------------------------------------------------------------------------------------------------------------------------------------------------------------------------------------------------------------------------------------------------------------------------------------------------------------------------------------------------------------------------------------------------------------------------------------------------------------------------------------------------------------------------------------------------------------------------------------------------------------------------------------------------------------------------------------------------------------------------------------------------------------------------------------------------------------------------------------------------------------------------------------------------------------------------------------------------------------------------------------------------------------------------------------------------------------------------------------------------------------------------------------------------------------------------------------------------------------------------------------------------------------------------------------------------------------------------------------------------------------------------------------------------------------------------------------------------------------------------------------------------------------------------------------------------------------------------------------------------------------------------------------------------------------------------------------------------------------------------------------------------------------------------------------------------------------------------------------------------------------------------------------------------------------------------------------------------------------------------------------------------------------------------------------------------------------------------------------------------------------------------------------------------------------------------------------------------------------------------------------------------------------------------------------------------------------------------------------------------------------------------------------------------------------------------------------------------------------------------------------------------------------------------------------------------------------------------------------------------------------------------------------------------------------------------------------------------------------------------------------------------------------------------------------------------------------------------------------------------------------------------------------------------------------------------------------------------------------------------------------------------------------------------------------------------------------------------------------------------------------------------------------------------------------------------------------------------------------------------------------------------------------------------------------------------------------------------------------------------------------------------------------------------------------------------------------------------------------------------------------------------------------------------------------------------------------------------------------------------------------------------------------------------------------------------------------------------------------------------------------------------------------------------------------------------------------------------------------------------------------------------------------------------------------------------------------------------------------------------------------------------------------------------------------------------------------------------------------------------------------------------------------------------------------------------------------------------------------------------------------------------------------------------------------------------------------------------------------------------------------------------------------------------------------------------------------------------------------------------------------------------------------------------------------------------------------------------------------------------------------------------------------------------------------------------------------------------------------------------------------------------------------------------+---------------------+-----------------+-----------------+----------+------------------------+----------------------------------+
; Name                                                                                                                                                 ; Type       ; Mode             ; Clock Mode   ; Port A Depth ; Port A Width ; Port B Depth ; Port B Width ; Port A Input Registers ; Port A Output Registers ; Port B Input Registers ; Port B Output Registers ; Size     ; Implementation Port A Depth ; Implementation Port A Width ; Implementation Port B Depth ; Implementation Port B Width ; Implementation Bits ; M20K blocks ; MLABs ; MIF                                                                                                                ; Location                                                                                                                                                                                                                                                                                                                                                                                                                                                                                                                                                                                                                                                                                                                                                                                                                                                                                                                                                                                                                                                                                                                                                                                                                                                                                                                                                                                                                                                                                                                                                                                                                                                                                                                                                                                                                                                                                                                                                                                                                                                                                                                                                                                                                                                                                                                                                                                                                                                                                                                                                                                                                                                                                                                                                                                                                                                                                                                                                                                                                                                                                                                                                                                                                                                                                                                                                                                                                                                                                                                                                                                                                                                                                                                                                                                                                                                                                                                                                                                                                                                                                                                                                                                                                                                                                                                                                                                                                                                                                                                                                                                                                                                                                                                                                                                                                                                                                                                                                                                                                                                                                                                                                                                                                                                                                                                                                                                                                                                                                                                                                                                                                                                                                                                                                                                                                                                                                                                                                                                                                                                                                                                                                                                                                                                                                                                                                                                                                                                                                                                                                                                                                                                                                                                                                                                                                                                                                                                                                                                                                                                                                                                                                                                                                                                                                                                                                                                                                                                                                                                                                                                                                                                                                                                                                                                                                                                                                                                                                                                                                                                                                                                                                                                                                                                                                                                                                                                                                                                                                                                                                                                                                                                                                                                                                                                                                                                                                                                                                                                                                                                                                                                                                                                                                                                                                                                                                                                                                                                                                                                                                                                                                                                                                                                                                                                                                                                                                                                                                                                                                                                                                                                                                                                                                                                                                                                                                                                                                                                                                                                                                                                                                                                                                                                                                                                                                                                                                                                                                                                                                                                                                                                                                                                                                                                                                                                                                                                                                                                                                                                                                                                                                                                                                                                                                                                                                                                                                                                                                                                                                                                                                                                                                                                                                                                                                                                                                                                                                                                                                                                                                                                                                                                                                                                                                                                                                                                                                                                                                                                                                                                                                                                                                                                                                                                                                                                                                                                                                                                                                                                                                                                                                                                                                                                                                                                                                                                                                                                                                                                                                                                                                                                                                                                                                                                                                                                                                                                                                                                                                                                                                                                                                                                                                                                                                                                                                                                                                                                                                                                                                                                                                                                                                                                                                                                                                                                                                                                                                                                                                                                                                                                                                                                                                                                                                                                                                                                                                                                                                                                                                                                                                                                                                                                                                                                                                                                                                                                                                                                                                                                                                                                                                                                                                                                                                                                                                                                                                                                                                                                                                                                                                                                                                                                                                                                                                                                                                                                                                                                                                                                                                                                                                                                                                                                                                                                                                                                                                                                                                                                                                                                                                                                                                                                                                                                                                                                                                                                                                                                                                                                                                                                                                                                                                                                                                                                                                                                                                                                                                                                                                                                                                                                                                                                                                                                                                                                                                                                                                                                                                                                                                                                                                                                                                                                                                                                                                                                                                                                                                                                                                                                                                                                                                                                                                                                                                                                                                                                                                                                                                                                                                                                                                                                                                                                                                                                                                                                                                                                                                                                                                                                                                                                                                                                                                                                                                                                                                                                                                                                                                                                                                                                                                                                                                                                                                                                                                                                                                                                                                                                                                                                                                                                                                                                                                                                                                                                                                                                                                                                                                                                                                                                                                                                                                                                                                                                                                                                                                                                                                                                                                                                                                                                                                                                                                                                                                                                                                                                                                                                                                                                                                                                                                                                                                                                                                                                                                                         ; Mixed Port RDW Mode ; Port A RDW Mode ; Port B RDW Mode ; ECC Mode ; ECC Pipeline Registers ; Fits in MLABs                    ;
+------------------------------------------------------------------------------------------------------------------------------------------------------+------------+------------------+--------------+--------------+--------------+--------------+--------------+------------------------+-------------------------+------------------------+-------------------------+----------+-----------------------------+-----------------------------+-----------------------------+-----------------------------+---------------------+-------------+-------+--------------------------------------------------------------------------------------------------------------------+--------------------------------------------------------------------------------------------------------------------------------------------------------------------------------------------------------------------------------------------------------------------------------------------------------------------------------------------------------------------------------------------------------------------------------------------------------------------------------------------------------------------------------------------------------------------------------------------------------------------------------------------------------------------------------------------------------------------------------------------------------------------------------------------------------------------------------------------------------------------------------------------------------------------------------------------------------------------------------------------------------------------------------------------------------------------------------------------------------------------------------------------------------------------------------------------------------------------------------------------------------------------------------------------------------------------------------------------------------------------------------------------------------------------------------------------------------------------------------------------------------------------------------------------------------------------------------------------------------------------------------------------------------------------------------------------------------------------------------------------------------------------------------------------------------------------------------------------------------------------------------------------------------------------------------------------------------------------------------------------------------------------------------------------------------------------------------------------------------------------------------------------------------------------------------------------------------------------------------------------------------------------------------------------------------------------------------------------------------------------------------------------------------------------------------------------------------------------------------------------------------------------------------------------------------------------------------------------------------------------------------------------------------------------------------------------------------------------------------------------------------------------------------------------------------------------------------------------------------------------------------------------------------------------------------------------------------------------------------------------------------------------------------------------------------------------------------------------------------------------------------------------------------------------------------------------------------------------------------------------------------------------------------------------------------------------------------------------------------------------------------------------------------------------------------------------------------------------------------------------------------------------------------------------------------------------------------------------------------------------------------------------------------------------------------------------------------------------------------------------------------------------------------------------------------------------------------------------------------------------------------------------------------------------------------------------------------------------------------------------------------------------------------------------------------------------------------------------------------------------------------------------------------------------------------------------------------------------------------------------------------------------------------------------------------------------------------------------------------------------------------------------------------------------------------------------------------------------------------------------------------------------------------------------------------------------------------------------------------------------------------------------------------------------------------------------------------------------------------------------------------------------------------------------------------------------------------------------------------------------------------------------------------------------------------------------------------------------------------------------------------------------------------------------------------------------------------------------------------------------------------------------------------------------------------------------------------------------------------------------------------------------------------------------------------------------------------------------------------------------------------------------------------------------------------------------------------------------------------------------------------------------------------------------------------------------------------------------------------------------------------------------------------------------------------------------------------------------------------------------------------------------------------------------------------------------------------------------------------------------------------------------------------------------------------------------------------------------------------------------------------------------------------------------------------------------------------------------------------------------------------------------------------------------------------------------------------------------------------------------------------------------------------------------------------------------------------------------------------------------------------------------------------------------------------------------------------------------------------------------------------------------------------------------------------------------------------------------------------------------------------------------------------------------------------------------------------------------------------------------------------------------------------------------------------------------------------------------------------------------------------------------------------------------------------------------------------------------------------------------------------------------------------------------------------------------------------------------------------------------------------------------------------------------------------------------------------------------------------------------------------------------------------------------------------------------------------------------------------------------------------------------------------------------------------------------------------------------------------------------------------------------------------------------------------------------------------------------------------------------------------------------------------------------------------------------------------------------------------------------------------------------------------------------------------------------------------------------------------------------------------------------------------------------------------------------------------------------------------------------------------------------------------------------------------------------------------------------------------------------------------------------------------------------------------------------------------------------------------------------------------------------------------------------------------------------------------------------------------------------------------------------------------------------------------------------------------------------------------------------------------------------------------------------------------------------------------------------------------------------------------------------------------------------------------------------------------------------------------------------------------------------------------------------------------------------------------------------------------------------------------------------------------------------------------------------------------------------------------------------------------------------------------------------------------------------------------------------------------------------------------------------------------------------------------------------------------------------------------------------------------------------------------------------------------------------------------------------------------------------------------------------------------------------------------------------------------------------------------------------------------------------------------------------------------------------------------------------------------------------------------------------------------------------------------------------------------------------------------------------------------------------------------------------------------------------------------------------------------------------------------------------------------------------------------------------------------------------------------------------------------------------------------------------------------------------------------------------------------------------------------------------------------------------------------------------------------------------------------------------------------------------------------------------------------------------------------------------------------------------------------------------------------------------------------------------------------------------------------------------------------------------------------------------------------------------------------------------------------------------------------------------------------------------------------------------------------------------------------------------------------------------------------------------------------------------------------------------------------------------------------------------------------------------------------------------------------------------------------------------------------------------------------------------------------------------------------------------------------------------------------------------------------------------------------------------------------------------------------------------------------------------------------------------------------------------------------------------------------------------------------------------------------------------------------------------------------------------------------------------------------------------------------------------------------------------------------------------------------------------------------------------------------------------------------------------------------------------------------------------------------------------------------------------------------------------------------------------------------------------------------------------------------------------------------------------------------------------------------------------------------------------------------------------------------------------------------------------------------------------------------------------------------------------------------------------------------------------------------------------------------------------------------------------------------------------------------------------------------------------------------------------------------------------------------------------------------------------------------------------------------------------------------------------------------------------------------------------------------------------------------------------------------------------------------------------------------------------------------------------------------------------------------------------------------------------------------------------------------------------------------------------------------------------------------------------------------------------------------------------------------------------------------------------------------------------------------------------------------------------------------------------------------------------------------------------------------------------------------------------------------------------------------------------------------------------------------------------------------------------------------------------------------------------------------------------------------------------------------------------------------------------------------------------------------------------------------------------------------------------------------------------------------------------------------------------------------------------------------------------------------------------------------------------------------------------------------------------------------------------------------------------------------------------------------------------------------------------------------------------------------------------------------------------------------------------------------------------------------------------------------------------------------------------------------------------------------------------------------------------------------------------------------------------------------------------------------------------------------------------------------------------------------------------------------------------------------------------------------------------------------------------------------------------------------------------------------------------------------------------------------------------------------------------------------------------------------------------------------------------------------------------------------------------------------------------------------------------------------------------------------------------------------------------------------------------------------------------------------------------------------------------------------------------------------------------------------------------------------------------------------------------------------------------------------------------------------------------------------------------------------------------------------------------------------------------------------------------------------------------------------------------------------------------------------------------------------------------------------------------------------------------------------------------------------------------------------------------------------------------------------------------------------------------------------------------------------------------------------------------------------------------------------------------------------------------------------------------------------------------------------------------------------------------------------------------------------------------------------------------------------------------------------------------------------------------------------------------------------------------------------------------------------------------------------------------------------------------------------------------------------------------------------------------------------------------------------------------------------------------------------------------------------------------------------------------------------------------------------------------------------------------------------------------------------------------------------------------------------------------------------------------------------------------------------------------------------------------------------------------------------------------------------------------------------------------------------------------------------------------------------------------------------------------------------------------------------------------------------------------------------------------------------------------------------------------------------------------------------------------------------------------------------------------------------------------------------------------------------------------------------------------------------------------------------------------------------------------------------------------------------------------------------------------------------------------------------------------------------------------------------------------------------------------------------------------------------------------------------------------------------------------------------------------------------------------------------------------------------------------------------------------------------------------------------------------------------------------------------------------------------------------------------------------------------------------------------------------------------------------------------------------------------------------------------------------------------------------------------------------------------------------------------------------------------------------------------------------------------------------------------------------------------------------------------------------------------------------------------------------------------------------------------------------------------------------------------------------------------------------------------------------------------------------------------------------------------------------------------------------------------------------------------------------------------------------------------------------------------------------------------------------------------------------------------------------------------------------------------------------------------------------------------------------------------------------------------------------------------------------------------------------------------------------------------------------------------------------------------------------------------------------------------------------------------------------------------------------------------------------------------------------------------------------------------------------------------------------------------------------------------------------------------------------------------------------------------------------------------------------------------------------------------------------------------------------------------------------------------------------------------------------------------------------------------------------------------------------------------------------------------------------------------------------------------------------------------------------------------------------------------------------------------------------------------------------------------------------------------------------------------------------------------------------------------------------------------------------------------------------------------------------------------------------------------------------------------------------------------------------------------------------------------------------------------------------------------------------------------------------------------------------------------------------------------------------------------------------------------------------------------------------------------------------------------------------------------------------------------------------------------------------------------------------------------------------------------------------------------------------------------------------------------------------------------------------------------------------------------------------------------------------------------------------------------------------------------------------------------------------------------------------------------------------------------------------------------------------------------------------------------------------------------------------------------------------------------------------------------------------------------------------------------------------------------------------------------------------------------------------------------------------------------------------------------------------------------------------------------------------------------------------------------------------------------------------------------------------------------------------------------------------------------------------------------------------------------------------------------------------------------------------------------------------------------------------------------------------------------------------------------------------------------------------------------------------------------------------------------------------------------------------------------------------------------------------------------------------------------------------------------------------------------------------------------------------------------------------------------------------------------------------------------------------------------------------------------------------------------------------------------------------------------------------------------------------------------------------------------------------------------------------------------------------------------------------------------------------------------------------------------------------------------------------------------------------------------------------------------------------------------------------------------------------------------------------------------------------------------------------------------------------------------------------------------------------------------------------------------------------------------------------------------------------------------------------------------------------------------------------------------------------------------------------------------------------------------------------------------------------------------------------------------------------------------------------------------------------------------------------------------------------------------------------------------------------------------------------------------------------------------------------------------------------------------------------------------------------------------------------------------------------------------------------------------------------------------------------------------------------------------------------------------------------------------------------------------------------------+---------------------+-----------------+-----------------+----------+------------------------+----------------------------------+
; u0|cpu|intel_niosv_g_inst|dbg_mod|dm_inst|dbg_rom_inst|ram_no_ecc.data_ram|auto_generated|ALTDPRAM_INSTANCE                                          ; AUTO       ; Simple Dual Port ; Single Clock ; 42           ; 32           ; 42           ; 32           ; yes                    ; no                      ; no                     ; no                      ; 1344     ; 42                          ; 32                          ; 42                          ; 32                          ; 1344                ; 0           ; 4     ; ip/sys/cpu/intel_niosv_dbg_mod_210/synth/debug_rom.mif                                                             ; LAB_X109_Y27_N0, LAB_X105_Y27_N0, LAB_X109_Y29_N0, LAB_X105_Y29_N0                                                                                                                                                                                                                                                                                                                                                                                                                                                                                                                                                                                                                                                                                                                                                                                                                                                                                                                                                                                                                                                                                                                                                                                                                                                                                                                                                                                                                                                                                                                                                                                                                                                                                                                                                                                                                                                                                                                                                                                                                                                                                                                                                                                                                                                                                                                                                                                                                                                                                                                                                                                                                                                                                                                                                                                                                                                                                                                                                                                                                                                                                                                                                                                                                                                                                                                                                                                                                                                                                                                                                                                                                                                                                                                                                                                                                                                                                                                                                                                                                                                                                                                                                                                                                                                                                                                                                                                                                                                                                                                                                                                                                                                                                                                                                                                                                                                                                                                                                                                                                                                                                                                                                                                                                                                                                                                                                                                                                                                                                                                                                                                                                                                                                                                                                                                                                                                                                                                                                                                                                                                                                                                                                                                                                                                                                                                                                                                                                                                                                                                                                                                                                                                                                                                                                                                                                                                                                                                                                                                                                                                                                                                                                                                                                                                                                                                                                                                                                                                                                                                                                                                                                                                                                                                                                                                                                                                                                                                                                                                                                                                                                                                                                                                                                                                                                                                                                                                                                                                                                                                                                                                                                                                                                                                                                                                                                                                                                                                                                                                                                                                                                                                                                                                                                                                                                                                                                                                                                                                                                                                                                                                                                                                                                                                                                                                                                                                                                                                                                                                                                                                                                                                                                                                                                                                                                                                                                                                                                                                                                                                                                                                                                                                                                                                                                                                                                                                                                                                                                                                                                                                                                                                                                                                                                                                                                                                                                                                                                                                                                                                                                                                                                                                                                                                                                                                                                                                                                                                                                                                                                                                                                                                                                                                                                                                                                                                                                                                                                                                                                                                                                                                                                                                                                                                                                                                                                                                                                                                                                                                                                                                                                                                                                                                                                                                                                                                                                                                                                                                                                                                                                                                                                                                                                                                                                                                                                                                                                                                                                                                                                                                                                                                                                                                                                                                                                                                                                                                                                                                                                                                                                                                                                                                                                                                                                                                                                                                                                                                                                                                                                                                                                                                                                                                                                                                                                                                                                                                                                                                                                                                                                                                                                                                                                                                                                                                                                                                                                                                                                                                                                                                                                                                                                                                                                                                                                                                                                                                                                                                                                                                                                                                                                                                                                                                                                                                                                                                                                                                                                                                                                                                                                                                                                                                                                                                                                                                                                                                                                                                                                                                                                                                                                                                                                                                                                                                                                                                                                                                                                                                                                                                                                                                                                                                                                                                                                                                                                                                                                                                                                                                                                                                                                                                                                                                                                                                                                                                                                                                                                                                                                                                                                                                                                                                                                                                                                                                                                                                                                                                                                                                                                                                                                                                                                                                                                                                                                                                                                                                                                                                                                                                                                                                                                                                                                                                                                                                                                                                                                                                                                                                                                                                                                                                                                                                                                                                                                                                                                                                                                                                                                                                                                                                                                                                                                                                                                                                                                                                                                                                                                                                                                                                                                                                                                                                                                                                                                                                                                                                                                                                                                                                                                                                                                                                                                                                                                                                                                                                                                                                                                                                                                                                                                                                                                                                                                                                                                                                                                                                                                                                                                                                                                                                                                                                                                                                                                                                                                                                                                                                                                                                                                                                                                                                                                                                                                                               ; New data            ;                 ;                 ;          ;                        ;                                  ;
; u0|cpu|intel_niosv_g_inst|dbg_mod|dm_inst|niosv_dm_csr_mem_inst|ram_no_ecc.data_ram|auto_generated|ALTDPRAM_INSTANCE                                 ; AUTO       ; Simple Dual Port ; Single Clock ; 10           ; 32           ; 10           ; 32           ; yes                    ; no                      ; no                     ; no                      ; 320      ; 10                          ; 32                          ; 10                          ; 32                          ; 320                 ; 0           ; 2     ; ip/sys/cpu/intel_niosv_dbg_mod_210/synth/csr_mlab.mif                                                              ; LAB_X109_Y23_N0, LAB_X109_Y22_N0                                                                                                                                                                                                                                                                                                                                                                                                                                                                                                                                                                                                                                                                                                                                                                                                                                                                                                                                                                                                                                                                                                                                                                                                                                                                                                                                                                                                                                                                                                                                                                                                                                                                                                                                                                                                                                                                                                                                                                                                                                                                                                                                                                                                                                                                                                                                                                                                                                                                                                                                                                                                                                                                                                                                                                                                                                                                                                                                                                                                                                                                                                                                                                                                                                                                                                                                                                                                                                                                                                                                                                                                                                                                                                                                                                                                                                                                                                                                                                                                                                                                                                                                                                                                                                                                                                                                                                                                                                                                                                                                                                                                                                                                                                                                                                                                                                                                                                                                                                                                                                                                                                                                                                                                                                                                                                                                                                                                                                                                                                                                                                                                                                                                                                                                                                                                                                                                                                                                                                                                                                                                                                                                                                                                                                                                                                                                                                                                                                                                                                                                                                                                                                                                                                                                                                                                                                                                                                                                                                                                                                                                                                                                                                                                                                                                                                                                                                                                                                                                                                                                                                                                                                                                                                                                                                                                                                                                                                                                                                                                                                                                                                                                                                                                                                                                                                                                                                                                                                                                                                                                                                                                                                                                                                                                                                                                                                                                                                                                                                                                                                                                                                                                                                                                                                                                                                                                                                                                                                                                                                                                                                                                                                                                                                                                                                                                                                                                                                                                                                                                                                                                                                                                                                                                                                                                                                                                                                                                                                                                                                                                                                                                                                                                                                                                                                                                                                                                                                                                                                                                                                                                                                                                                                                                                                                                                                                                                                                                                                                                                                                                                                                                                                                                                                                                                                                                                                                                                                                                                                                                                                                                                                                                                                                                                                                                                                                                                                                                                                                                                                                                                                                                                                                                                                                                                                                                                                                                                                                                                                                                                                                                                                                                                                                                                                                                                                                                                                                                                                                                                                                                                                                                                                                                                                                                                                                                                                                                                                                                                                                                                                                                                                                                                                                                                                                                                                                                                                                                                                                                                                                                                                                                                                                                                                                                                                                                                                                                                                                                                                                                                                                                                                                                                                                                                                                                                                                                                                                                                                                                                                                                                                                                                                                                                                                                                                                                                                                                                                                                                                                                                                                                                                                                                                                                                                                                                                                                                                                                                                                                                                                                                                                                                                                                                                                                                                                                                                                                                                                                                                                                                                                                                                                                                                                                                                                                                                                                                                                                                                                                                                                                                                                                                                                                                                                                                                                                                                                                                                                                                                                                                                                                                                                                                                                                                                                                                                                                                                                                                                                                                                                                                                                                                                                                                                                                                                                                                                                                                                                                                                                                                                                                                                                                                                                                                                                                                                                                                                                                                                                                                                                                                                                                                                                                                                                                                                                                                                                                                                                                                                                                                                                                                                                                                                                                                                                                                                                                                                                                                                                                                                                                                                                                                                                                                                                                                                                                                                                                                                                                                                                                                                                                                                                                                                                                                                                                                                                                                                                                                                                                                                                                                                                                                                                                                                                                                                                                                                                                                                                                                                                                                                                                                                                                                                                                                                                                                                                                                                                                                                                                                                                                                                                                                                                                                                                                                                                                                                                                                                                                                                                                                                                                                                                                                                                                                                                                                                                                                                                                                                                                                                                                                                                                                                                                                                                                                                                                                 ; New data            ;                 ;                 ;          ;                        ;                                  ;
; u0|cpu|intel_niosv_g_inst|hart|core_inst|gp_reg_file_inst|reg_file_a|ram_no_ecc.data_ram|auto_generated|ALTSYNCRAM                                   ; M20K block ; Simple Dual Port ; Single Clock ; 32           ; 32           ; 32           ; 32           ; yes                    ; no                      ; yes                    ; no                      ; 1024     ; 32                          ; 32                          ; 32                          ; 32                          ; 1024                ; 1           ; 0     ; None                                                                                                               ; M20K_X90_Y24_N0                                                                                                                                                                                                                                                                                                                                                                                                                                                                                                                                                                                                                                                                                                                                                                                                                                                                                                                                                                                                                                                                                                                                                                                                                                                                                                                                                                                                                                                                                                                                                                                                                                                                                                                                                                                                                                                                                                                                                                                                                                                                                                                                                                                                                                                                                                                                                                                                                                                                                                                                                                                                                                                                                                                                                                                                                                                                                                                                                                                                                                                                                                                                                                                                                                                                                                                                                                                                                                                                                                                                                                                                                                                                                                                                                                                                                                                                                                                                                                                                                                                                                                                                                                                                                                                                                                                                                                                                                                                                                                                                                                                                                                                                                                                                                                                                                                                                                                                                                                                                                                                                                                                                                                                                                                                                                                                                                                                                                                                                                                                                                                                                                                                                                                                                                                                                                                                                                                                                                                                                                                                                                                                                                                                                                                                                                                                                                                                                                                                                                                                                                                                                                                                                                                                                                                                                                                                                                                                                                                                                                                                                                                                                                                                                                                                                                                                                                                                                                                                                                                                                                                                                                                                                                                                                                                                                                                                                                                                                                                                                                                                                                                                                                                                                                                                                                                                                                                                                                                                                                                                                                                                                                                                                                                                                                                                                                                                                                                                                                                                                                                                                                                                                                                                                                                                                                                                                                                                                                                                                                                                                                                                                                                                                                                                                                                                                                                                                                                                                                                                                                                                                                                                                                                                                                                                                                                                                                                                                                                                                                                                                                                                                                                                                                                                                                                                                                                                                                                                                                                                                                                                                                                                                                                                                                                                                                                                                                                                                                                                                                                                                                                                                                                                                                                                                                                                                                                                                                                                                                                                                                                                                                                                                                                                                                                                                                                                                                                                                                                                                                                                                                                                                                                                                                                                                                                                                                                                                                                                                                                                                                                                                                                                                                                                                                                                                                                                                                                                                                                                                                                                                                                                                                                                                                                                                                                                                                                                                                                                                                                                                                                                                                                                                                                                                                                                                                                                                                                                                                                                                                                                                                                                                                                                                                                                                                                                                                                                                                                                                                                                                                                                                                                                                                                                                                                                                                                                                                                                                                                                                                                                                                                                                                                                                                                                                                                                                                                                                                                                                                                                                                                                                                                                                                                                                                                                                                                                                                                                                                                                                                                                                                                                                                                                                                                                                                                                                                                                                                                                                                                                                                                                                                                                                                                                                                                                                                                                                                                                                                                                                                                                                                                                                                                                                                                                                                                                                                                                                                                                                                                                                                                                                                                                                                                                                                                                                                                                                                                                                                                                                                                                                                                                                                                                                                                                                                                                                                                                                                                                                                                                                                                                                                                                                                                                                                                                                                                                                                                                                                                                                                                                                                                                                                                                                                                                                                                                                                                                                                                                                                                                                                                                                                                                                                                                                                                                                                                                                                                                                                                                                                                                                                                                                                                                                                                                                                                                                                                                                                                                                                                                                                                                                                                                                                                                                                                                                                                                                                                                                                                                                                                                                                                                                                                                                                                                                                                                                                                                                                                                                                                                                                                                                                                                                                                                                                                                                                                                                                                                                                                                                                                                                                                                                                                                                                                                                                                                                                                                                                                                                                                                                                                                                                                                                                                                                                                                                                                                                                                                                                                                                                                                                                                                                                                                                                                                                                                                                                                  ; Old data            ; New data        ; New data        ; Off      ; No                     ; No - Block Type Set to Block RAM ;
; u0|cpu|intel_niosv_g_inst|hart|core_inst|gp_reg_file_inst|reg_file_b|ram_no_ecc.data_ram|auto_generated|ALTSYNCRAM                                   ; M20K block ; Simple Dual Port ; Single Clock ; 32           ; 32           ; 32           ; 32           ; yes                    ; no                      ; yes                    ; no                      ; 1024     ; 32                          ; 32                          ; 32                          ; 32                          ; 1024                ; 1           ; 0     ; None                                                                                                               ; M20K_X90_Y25_N0                                                                                                                                                                                                                                                                                                                                                                                                                                                                                                                                                                                                                                                                                                                                                                                                                                                                                                                                                                                                                                                                                                                                                                                                                                                                                                                                                                                                                                                                                                                                                                                                                                                                                                                                                                                                                                                                                                                                                                                                                                                                                                                                                                                                                                                                                                                                                                                                                                                                                                                                                                                                                                                                                                                                                                                                                                                                                                                                                                                                                                                                                                                                                                                                                                                                                                                                                                                                                                                                                                                                                                                                                                                                                                                                                                                                                                                                                                                                                                                                                                                                                                                                                                                                                                                                                                                                                                                                                                                                                                                                                                                                                                                                                                                                                                                                                                                                                                                                                                                                                                                                                                                                                                                                                                                                                                                                                                                                                                                                                                                                                                                                                                                                                                                                                                                                                                                                                                                                                                                                                                                                                                                                                                                                                                                                                                                                                                                                                                                                                                                                                                                                                                                                                                                                                                                                                                                                                                                                                                                                                                                                                                                                                                                                                                                                                                                                                                                                                                                                                                                                                                                                                                                                                                                                                                                                                                                                                                                                                                                                                                                                                                                                                                                                                                                                                                                                                                                                                                                                                                                                                                                                                                                                                                                                                                                                                                                                                                                                                                                                                                                                                                                                                                                                                                                                                                                                                                                                                                                                                                                                                                                                                                                                                                                                                                                                                                                                                                                                                                                                                                                                                                                                                                                                                                                                                                                                                                                                                                                                                                                                                                                                                                                                                                                                                                                                                                                                                                                                                                                                                                                                                                                                                                                                                                                                                                                                                                                                                                                                                                                                                                                                                                                                                                                                                                                                                                                                                                                                                                                                                                                                                                                                                                                                                                                                                                                                                                                                                                                                                                                                                                                                                                                                                                                                                                                                                                                                                                                                                                                                                                                                                                                                                                                                                                                                                                                                                                                                                                                                                                                                                                                                                                                                                                                                                                                                                                                                                                                                                                                                                                                                                                                                                                                                                                                                                                                                                                                                                                                                                                                                                                                                                                                                                                                                                                                                                                                                                                                                                                                                                                                                                                                                                                                                                                                                                                                                                                                                                                                                                                                                                                                                                                                                                                                                                                                                                                                                                                                                                                                                                                                                                                                                                                                                                                                                                                                                                                                                                                                                                                                                                                                                                                                                                                                                                                                                                                                                                                                                                                                                                                                                                                                                                                                                                                                                                                                                                                                                                                                                                                                                                                                                                                                                                                                                                                                                                                                                                                                                                                                                                                                                                                                                                                                                                                                                                                                                                                                                                                                                                                                                                                                                                                                                                                                                                                                                                                                                                                                                                                                                                                                                                                                                                                                                                                                                                                                                                                                                                                                                                                                                                                                                                                                                                                                                                                                                                                                                                                                                                                                                                                                                                                                                                                                                                                                                                                                                                                                                                                                                                                                                                                                                                                                                                                                                                                                                                                                                                                                                                                                                                                                                                                                                                                                                                                                                                                                                                                                                                                                                                                                                                                                                                                                                                                                                                                                                                                                                                                                                                                                                                                                                                                                                                                                                                                                                                                                                                                                                                                                                                                                                                                                                                                                                                                                                                                                                                                                                                                                                                                                                                                                                                                                                                                                                                                                                                                                                                                                                                                                                                                                                                                                                                                                                                                                                                                                                                                  ; Old data            ; New data        ; New data        ; Off      ; No                     ; No - Block Type Set to Block RAM ;
; u0|cpu|intel_niosv_g_inst|hart|core_inst|icache_inst|icache_iram|ram_no_ecc.data_ram|auto_generated|ALTSYNCRAM                                       ; M20K block ; Simple Dual Port ; Single Clock ; 1024         ; 32           ; 1024         ; 32           ; yes                    ; no                      ; yes                    ; no                      ; 32768    ; 1024                        ; 32                          ; 1024                        ; 32                          ; 32768               ; 2           ; 0     ; None                                                                                                               ; M20K_X102_Y30_N0, M20K_X102_Y29_N0                                                                                                                                                                                                                                                                                                                                                                                                                                                                                                                                                                                                                                                                                                                                                                                                                                                                                                                                                                                                                                                                                                                                                                                                                                                                                                                                                                                                                                                                                                                                                                                                                                                                                                                                                                                                                                                                                                                                                                                                                                                                                                                                                                                                                                                                                                                                                                                                                                                                                                                                                                                                                                                                                                                                                                                                                                                                                                                                                                                                                                                                                                                                                                                                                                                                                                                                                                                                                                                                                                                                                                                                                                                                                                                                                                                                                                                                                                                                                                                                                                                                                                                                                                                                                                                                                                                                                                                                                                                                                                                                                                                                                                                                                                                                                                                                                                                                                                                                                                                                                                                                                                                                                                                                                                                                                                                                                                                                                                                                                                                                                                                                                                                                                                                                                                                                                                                                                                                                                                                                                                                                                                                                                                                                                                                                                                                                                                                                                                                                                                                                                                                                                                                                                                                                                                                                                                                                                                                                                                                                                                                                                                                                                                                                                                                                                                                                                                                                                                                                                                                                                                                                                                                                                                                                                                                                                                                                                                                                                                                                                                                                                                                                                                                                                                                                                                                                                                                                                                                                                                                                                                                                                                                                                                                                                                                                                                                                                                                                                                                                                                                                                                                                                                                                                                                                                                                                                                                                                                                                                                                                                                                                                                                                                                                                                                                                                                                                                                                                                                                                                                                                                                                                                                                                                                                                                                                                                                                                                                                                                                                                                                                                                                                                                                                                                                                                                                                                                                                                                                                                                                                                                                                                                                                                                                                                                                                                                                                                                                                                                                                                                                                                                                                                                                                                                                                                                                                                                                                                                                                                                                                                                                                                                                                                                                                                                                                                                                                                                                                                                                                                                                                                                                                                                                                                                                                                                                                                                                                                                                                                                                                                                                                                                                                                                                                                                                                                                                                                                                                                                                                                                                                                                                                                                                                                                                                                                                                                                                                                                                                                                                                                                                                                                                                                                                                                                                                                                                                                                                                                                                                                                                                                                                                                                                                                                                                                                                                                                                                                                                                                                                                                                                                                                                                                                                                                                                                                                                                                                                                                                                                                                                                                                                                                                                                                                                                                                                                                                                                                                                                                                                                                                                                                                                                                                                                                                                                                                                                                                                                                                                                                                                                                                                                                                                                                                                                                                                                                                                                                                                                                                                                                                                                                                                                                                                                                                                                                                                                                                                                                                                                                                                                                                                                                                                                                                                                                                                                                                                                                                                                                                                                                                                                                                                                                                                                                                                                                                                                                                                                                                                                                                                                                                                                                                                                                                                                                                                                                                                                                                                                                                                                                                                                                                                                                                                                                                                                                                                                                                                                                                                                                                                                                                                                                                                                                                                                                                                                                                                                                                                                                                                                                                                                                                                                                                                                                                                                                                                                                                                                                                                                                                                                                                                                                                                                                                                                                                                                                                                                                                                                                                                                                                                                                                                                                                                                                                                                                                                                                                                                                                                                                                                                                                                                                                                                                                                                                                                                                                                                                                                                                                                                                                                                                                                                                                                                                                                                                                                                                                                                                                                                                                                                                                                                                                                                                                                                                                                                                                                                                                                                                                                                                                                                                                                                                                                                                                                                                                                                                                                                                                                                                                                                                                                                                                                                                                                                                               ; Old data            ; New data        ; New data        ; Off      ; No                     ; No - Address Too Wide            ;
; u0|cpu|intel_niosv_g_inst|hart|core_inst|icache_inst|icache_tag_ram|ram_no_ecc.data_ram|auto_generated|ALTSYNCRAM                                    ; M20K block ; Simple Dual Port ; Single Clock ; 128          ; 24           ; 128          ; 24           ; yes                    ; no                      ; yes                    ; no                      ; 3072     ; 128                         ; 24                          ; 128                         ; 24                          ; 3072                ; 1           ; 0     ; None                                                                                                               ; M20K_X108_Y28_N0                                                                                                                                                                                                                                                                                                                                                                                                                                                                                                                                                                                                                                                                                                                                                                                                                                                                                                                                                                                                                                                                                                                                                                                                                                                                                                                                                                                                                                                                                                                                                                                                                                                                                                                                                                                                                                                                                                                                                                                                                                                                                                                                                                                                                                                                                                                                                                                                                                                                                                                                                                                                                                                                                                                                                                                                                                                                                                                                                                                                                                                                                                                                                                                                                                                                                                                                                                                                                                                                                                                                                                                                                                                                                                                                                                                                                                                                                                                                                                                                                                                                                                                                                                                                                                                                                                                                                                                                                                                                                                                                                                                                                                                                                                                                                                                                                                                                                                                                                                                                                                                                                                                                                                                                                                                                                                                                                                                                                                                                                                                                                                                                                                                                                                                                                                                                                                                                                                                                                                                                                                                                                                                                                                                                                                                                                                                                                                                                                                                                                                                                                                                                                                                                                                                                                                                                                                                                                                                                                                                                                                                                                                                                                                                                                                                                                                                                                                                                                                                                                                                                                                                                                                                                                                                                                                                                                                                                                                                                                                                                                                                                                                                                                                                                                                                                                                                                                                                                                                                                                                                                                                                                                                                                                                                                                                                                                                                                                                                                                                                                                                                                                                                                                                                                                                                                                                                                                                                                                                                                                                                                                                                                                                                                                                                                                                                                                                                                                                                                                                                                                                                                                                                                                                                                                                                                                                                                                                                                                                                                                                                                                                                                                                                                                                                                                                                                                                                                                                                                                                                                                                                                                                                                                                                                                                                                                                                                                                                                                                                                                                                                                                                                                                                                                                                                                                                                                                                                                                                                                                                                                                                                                                                                                                                                                                                                                                                                                                                                                                                                                                                                                                                                                                                                                                                                                                                                                                                                                                                                                                                                                                                                                                                                                                                                                                                                                                                                                                                                                                                                                                                                                                                                                                                                                                                                                                                                                                                                                                                                                                                                                                                                                                                                                                                                                                                                                                                                                                                                                                                                                                                                                                                                                                                                                                                                                                                                                                                                                                                                                                                                                                                                                                                                                                                                                                                                                                                                                                                                                                                                                                                                                                                                                                                                                                                                                                                                                                                                                                                                                                                                                                                                                                                                                                                                                                                                                                                                                                                                                                                                                                                                                                                                                                                                                                                                                                                                                                                                                                                                                                                                                                                                                                                                                                                                                                                                                                                                                                                                                                                                                                                                                                                                                                                                                                                                                                                                                                                                                                                                                                                                                                                                                                                                                                                                                                                                                                                                                                                                                                                                                                                                                                                                                                                                                                                                                                                                                                                                                                                                                                                                                                                                                                                                                                                                                                                                                                                                                                                                                                                                                                                                                                                                                                                                                                                                                                                                                                                                                                                                                                                                                                                                                                                                                                                                                                                                                                                                                                                                                                                                                                                                                                                                                                                                                                                                                                                                                                                                                                                                                                                                                                                                                                                                                                                                                                                                                                                                                                                                                                                                                                                                                                                                                                                                                                                                                                                                                                                                                                                                                                                                                                                                                                                                                                                                                                                                                                                                                                                                                                                                                                                                                                                                                                                                                                                                                                                                                                                                                                                                                                                                                                                                                                                                                                                                                                                                                                                                                                                                                                                                                                                                                                                                                                                                                                                                                                                                                                 ; Old data            ; New data        ; New data        ; Off      ; No                     ; No - Block Type Set to Block RAM ;
; u0|cpu|intel_niosv_g_inst|hart|core_inst|lsu_inst|dcache_data_inst|ram_no_ecc.data_ram|auto_generated|ALTSYNCRAM                                     ; M20K block ; Simple Dual Port ; Single Clock ; 1024         ; 32           ; 1024         ; 32           ; yes                    ; no                      ; yes                    ; no                      ; 32768    ; 1024                        ; 32                          ; 1024                        ; 32                          ; 32768               ; 2           ; 0     ; None                                                                                                               ; M20K_X102_Y32_N0, M20K_X102_Y33_N0                                                                                                                                                                                                                                                                                                                                                                                                                                                                                                                                                                                                                                                                                                                                                                                                                                                                                                                                                                                                                                                                                                                                                                                                                                                                                                                                                                                                                                                                                                                                                                                                                                                                                                                                                                                                                                                                                                                                                                                                                                                                                                                                                                                                                                                                                                                                                                                                                                                                                                                                                                                                                                                                                                                                                                                                                                                                                                                                                                                                                                                                                                                                                                                                                                                                                                                                                                                                                                                                                                                                                                                                                                                                                                                                                                                                                                                                                                                                                                                                                                                                                                                                                                                                                                                                                                                                                                                                                                                                                                                                                                                                                                                                                                                                                                                                                                                                                                                                                                                                                                                                                                                                                                                                                                                                                                                                                                                                                                                                                                                                                                                                                                                                                                                                                                                                                                                                                                                                                                                                                                                                                                                                                                                                                                                                                                                                                                                                                                                                                                                                                                                                                                                                                                                                                                                                                                                                                                                                                                                                                                                                                                                                                                                                                                                                                                                                                                                                                                                                                                                                                                                                                                                                                                                                                                                                                                                                                                                                                                                                                                                                                                                                                                                                                                                                                                                                                                                                                                                                                                                                                                                                                                                                                                                                                                                                                                                                                                                                                                                                                                                                                                                                                                                                                                                                                                                                                                                                                                                                                                                                                                                                                                                                                                                                                                                                                                                                                                                                                                                                                                                                                                                                                                                                                                                                                                                                                                                                                                                                                                                                                                                                                                                                                                                                                                                                                                                                                                                                                                                                                                                                                                                                                                                                                                                                                                                                                                                                                                                                                                                                                                                                                                                                                                                                                                                                                                                                                                                                                                                                                                                                                                                                                                                                                                                                                                                                                                                                                                                                                                                                                                                                                                                                                                                                                                                                                                                                                                                                                                                                                                                                                                                                                                                                                                                                                                                                                                                                                                                                                                                                                                                                                                                                                                                                                                                                                                                                                                                                                                                                                                                                                                                                                                                                                                                                                                                                                                                                                                                                                                                                                                                                                                                                                                                                                                                                                                                                                                                                                                                                                                                                                                                                                                                                                                                                                                                                                                                                                                                                                                                                                                                                                                                                                                                                                                                                                                                                                                                                                                                                                                                                                                                                                                                                                                                                                                                                                                                                                                                                                                                                                                                                                                                                                                                                                                                                                                                                                                                                                                                                                                                                                                                                                                                                                                                                                                                                                                                                                                                                                                                                                                                                                                                                                                                                                                                                                                                                                                                                                                                                                                                                                                                                                                                                                                                                                                                                                                                                                                                                                                                                                                                                                                                                                                                                                                                                                                                                                                                                                                                                                                                                                                                                                                                                                                                                                                                                                                                                                                                                                                                                                                                                                                                                                                                                                                                                                                                                                                                                                                                                                                                                                                                                                                                                                                                                                                                                                                                                                                                                                                                                                                                                                                                                                                                                                                                                                                                                                                                                                                                                                                                                                                                                                                                                                                                                                                                                                                                                                                                                                                                                                                                                                                                                                                                                                                                                                                                                                                                                                                                                                                                                                                                                                                                                                                                                                                                                                                                                                                                                                                                                                                                                                                                                                                                                                                                                                                                                                                                                                                                                                                                                                                                                                                                                                                                                                                                                                                                                                                                                                                                                                                                                                                                                                                                                                                                                               ; Old data            ; New data        ; New data        ; Off      ; No                     ; No - Address Too Wide            ;
; u0|cpu|intel_niosv_g_inst|hart|core_inst|lsu_inst|dcache_tag_ram|ram_no_ecc.data_ram|auto_generated|ALTSYNCRAM                                       ; M20K block ; Simple Dual Port ; Single Clock ; 128          ; 22           ; 128          ; 22           ; yes                    ; no                      ; yes                    ; no                      ; 2816     ; 128                         ; 22                          ; 128                         ; 22                          ; 2816                ; 1           ; 0     ; None                                                                                                               ; M20K_X90_Y26_N0                                                                                                                                                                                                                                                                                                                                                                                                                                                                                                                                                                                                                                                                                                                                                                                                                                                                                                                                                                                                                                                                                                                                                                                                                                                                                                                                                                                                                                                                                                                                                                                                                                                                                                                                                                                                                                                                                                                                                                                                                                                                                                                                                                                                                                                                                                                                                                                                                                                                                                                                                                                                                                                                                                                                                                                                                                                                                                                                                                                                                                                                                                                                                                                                                                                                                                                                                                                                                                                                                                                                                                                                                                                                                                                                                                                                                                                                                                                                                                                                                                                                                                                                                                                                                                                                                                                                                                                                                                                                                                                                                                                                                                                                                                                                                                                                                                                                                                                                                                                                                                                                                                                                                                                                                                                                                                                                                                                                                                                                                                                                                                                                                                                                                                                                                                                                                                                                                                                                                                                                                                                                                                                                                                                                                                                                                                                                                                                                                                                                                                                                                                                                                                                                                                                                                                                                                                                                                                                                                                                                                                                                                                                                                                                                                                                                                                                                                                                                                                                                                                                                                                                                                                                                                                                                                                                                                                                                                                                                                                                                                                                                                                                                                                                                                                                                                                                                                                                                                                                                                                                                                                                                                                                                                                                                                                                                                                                                                                                                                                                                                                                                                                                                                                                                                                                                                                                                                                                                                                                                                                                                                                                                                                                                                                                                                                                                                                                                                                                                                                                                                                                                                                                                                                                                                                                                                                                                                                                                                                                                                                                                                                                                                                                                                                                                                                                                                                                                                                                                                                                                                                                                                                                                                                                                                                                                                                                                                                                                                                                                                                                                                                                                                                                                                                                                                                                                                                                                                                                                                                                                                                                                                                                                                                                                                                                                                                                                                                                                                                                                                                                                                                                                                                                                                                                                                                                                                                                                                                                                                                                                                                                                                                                                                                                                                                                                                                                                                                                                                                                                                                                                                                                                                                                                                                                                                                                                                                                                                                                                                                                                                                                                                                                                                                                                                                                                                                                                                                                                                                                                                                                                                                                                                                                                                                                                                                                                                                                                                                                                                                                                                                                                                                                                                                                                                                                                                                                                                                                                                                                                                                                                                                                                                                                                                                                                                                                                                                                                                                                                                                                                                                                                                                                                                                                                                                                                                                                                                                                                                                                                                                                                                                                                                                                                                                                                                                                                                                                                                                                                                                                                                                                                                                                                                                                                                                                                                                                                                                                                                                                                                                                                                                                                                                                                                                                                                                                                                                                                                                                                                                                                                                                                                                                                                                                                                                                                                                                                                                                                                                                                                                                                                                                                                                                                                                                                                                                                                                                                                                                                                                                                                                                                                                                                                                                                                                                                                                                                                                                                                                                                                                                                                                                                                                                                                                                                                                                                                                                                                                                                                                                                                                                                                                                                                                                                                                                                                                                                                                                                                                                                                                                                                                                                                                                                                                                                                                                                                                                                                                                                                                                                                                                                                                                                                                                                                                                                                                                                                                                                                                                                                                                                                                                                                                                                                                                                                                                                                                                                                                                                                                                                                                                                                                                                                                                                                                                                                                                                                                                                                                                                                                                                                                                                                                                                                                                                                                                                                                                                                                                                                                                                                                                                                                                                                                                                                                                                                                                                                                                                                                                                                                                                                                                                                                                                                                                                                                                                                                  ; Old data            ; New data        ; New data        ; Off      ; No                     ; No - Block Type Set to Block RAM ;
; u0|cpu|intel_niosv_g_inst|hart|core_inst|lsu_inst|niosv_victim_buffer_inst|victim_buffer|auto_generated|ALTDPRAM_INSTANCE                            ; AUTO       ; Simple Dual Port ; Single Clock ; 8            ; 34           ; 8            ; 34           ; yes                    ; no                      ; no                     ; no                      ; 272      ; 8                           ; 34                          ; 8                           ; 34                          ; 272                 ; 0           ; 2     ; None                                                                                                               ; LAB_X94_Y32_N0, LAB_X97_Y32_N0                                                                                                                                                                                                                                                                                                                                                                                                                                                                                                                                                                                                                                                                                                                                                                                                                                                                                                                                                                                                                                                                                                                                                                                                                                                                                                                                                                                                                                                                                                                                                                                                                                                                                                                                                                                                                                                                                                                                                                                                                                                                                                                                                                                                                                                                                                                                                                                                                                                                                                                                                                                                                                                                                                                                                                                                                                                                                                                                                                                                                                                                                                                                                                                                                                                                                                                                                                                                                                                                                                                                                                                                                                                                                                                                                                                                                                                                                                                                                                                                                                                                                                                                                                                                                                                                                                                                                                                                                                                                                                                                                                                                                                                                                                                                                                                                                                                                                                                                                                                                                                                                                                                                                                                                                                                                                                                                                                                                                                                                                                                                                                                                                                                                                                                                                                                                                                                                                                                                                                                                                                                                                                                                                                                                                                                                                                                                                                                                                                                                                                                                                                                                                                                                                                                                                                                                                                                                                                                                                                                                                                                                                                                                                                                                                                                                                                                                                                                                                                                                                                                                                                                                                                                                                                                                                                                                                                                                                                                                                                                                                                                                                                                                                                                                                                                                                                                                                                                                                                                                                                                                                                                                                                                                                                                                                                                                                                                                                                                                                                                                                                                                                                                                                                                                                                                                                                                                                                                                                                                                                                                                                                                                                                                                                                                                                                                                                                                                                                                                                                                                                                                                                                                                                                                                                                                                                                                                                                                                                                                                                                                                                                                                                                                                                                                                                                                                                                                                                                                                                                                                                                                                                                                                                                                                                                                                                                                                                                                                                                                                                                                                                                                                                                                                                                                                                                                                                                                                                                                                                                                                                                                                                                                                                                                                                                                                                                                                                                                                                                                                                                                                                                                                                                                                                                                                                                                                                                                                                                                                                                                                                                                                                                                                                                                                                                                                                                                                                                                                                                                                                                                                                                                                                                                                                                                                                                                                                                                                                                                                                                                                                                                                                                                                                                                                                                                                                                                                                                                                                                                                                                                                                                                                                                                                                                                                                                                                                                                                                                                                                                                                                                                                                                                                                                                                                                                                                                                                                                                                                                                                                                                                                                                                                                                                                                                                                                                                                                                                                                                                                                                                                                                                                                                                                                                                                                                                                                                                                                                                                                                                                                                                                                                                                                                                                                                                                                                                                                                                                                                                                                                                                                                                                                                                                                                                                                                                                                                                                                                                                                                                                                                                                                                                                                                                                                                                                                                                                                                                                                                                                                                                                                                                                                                                                                                                                                                                                                                                                                                                                                                                                                                                                                                                                                                                                                                                                                                                                                                                                                                                                                                                                                                                                                                                                                                                                                                                                                                                                                                                                                                                                                                                                                                                                                                                                                                                                                                                                                                                                                                                                                                                                                                                                                                                                                                                                                                                                                                                                                                                                                                                                                                                                                                                                                                                                                                                                                                                                                                                                                                                                                                                                                                                                                                                                                                                                                                                                                                                                                                                                                                                                                                                                                                                                                                                                                                                                                                                                                                                                                                                                                                                                                                                                                                                                                                                                                                                                                                                                                                                                                                                                                                                                                                                                                                                                                                                                                                                                                                                                                                                                                                                                                                                                                                                                                                                                                                                                                                                                                                                                                                                                                                                                                                                                                                                                                                                                                                                                   ; Don't care          ;                 ;                 ;          ;                        ;                                  ;
; u0|jtag_uart|altera_avalon_jtag_uart_inst|the_jtag_uart_altera_avalon_jtag_uart_1924_dwkezqq_scfifo_r|rfifo|auto_generated|dpfifo|FIFOram|ALTSYNCRAM ; AUTO       ; Simple Dual Port ; Single Clock ; 64           ; 8            ; 64           ; 8            ; yes                    ; no                      ; yes                    ; no                      ; 512      ; 64                          ; 8                           ; 64                          ; 8                           ; 512                 ; 1           ; 0     ; None                                                                                                               ; M20K_X108_Y26_N0                                                                                                                                                                                                                                                                                                                                                                                                                                                                                                                                                                                                                                                                                                                                                                                                                                                                                                                                                                                                                                                                                                                                                                                                                                                                                                                                                                                                                                                                                                                                                                                                                                                                                                                                                                                                                                                                                                                                                                                                                                                                                                                                                                                                                                                                                                                                                                                                                                                                                                                                                                                                                                                                                                                                                                                                                                                                                                                                                                                                                                                                                                                                                                                                                                                                                                                                                                                                                                                                                                                                                                                                                                                                                                                                                                                                                                                                                                                                                                                                                                                                                                                                                                                                                                                                                                                                                                                                                                                                                                                                                                                                                                                                                                                                                                                                                                                                                                                                                                                                                                                                                                                                                                                                                                                                                                                                                                                                                                                                                                                                                                                                                                                                                                                                                                                                                                                                                                                                                                                                                                                                                                                                                                                                                                                                                                                                                                                                                                                                                                                                                                                                                                                                                                                                                                                                                                                                                                                                                                                                                                                                                                                                                                                                                                                                                                                                                                                                                                                                                                                                                                                                                                                                                                                                                                                                                                                                                                                                                                                                                                                                                                                                                                                                                                                                                                                                                                                                                                                                                                                                                                                                                                                                                                                                                                                                                                                                                                                                                                                                                                                                                                                                                                                                                                                                                                                                                                                                                                                                                                                                                                                                                                                                                                                                                                                                                                                                                                                                                                                                                                                                                                                                                                                                                                                                                                                                                                                                                                                                                                                                                                                                                                                                                                                                                                                                                                                                                                                                                                                                                                                                                                                                                                                                                                                                                                                                                                                                                                                                                                                                                                                                                                                                                                                                                                                                                                                                                                                                                                                                                                                                                                                                                                                                                                                                                                                                                                                                                                                                                                                                                                                                                                                                                                                                                                                                                                                                                                                                                                                                                                                                                                                                                                                                                                                                                                                                                                                                                                                                                                                                                                                                                                                                                                                                                                                                                                                                                                                                                                                                                                                                                                                                                                                                                                                                                                                                                                                                                                                                                                                                                                                                                                                                                                                                                                                                                                                                                                                                                                                                                                                                                                                                                                                                                                                                                                                                                                                                                                                                                                                                                                                                                                                                                                                                                                                                                                                                                                                                                                                                                                                                                                                                                                                                                                                                                                                                                                                                                                                                                                                                                                                                                                                                                                                                                                                                                                                                                                                                                                                                                                                                                                                                                                                                                                                                                                                                                                                                                                                                                                                                                                                                                                                                                                                                                                                                                                                                                                                                                                                                                                                                                                                                                                                                                                                                                                                                                                                                                                                                                                                                                                                                                                                                                                                                                                                                                                                                                                                                                                                                                                                                                                                                                                                                                                                                                                                                                                                                                                                                                                                                                                                                                                                                                                                                                                                                                                                                                                                                                                                                                                                                                                                                                                                                                                                                                                                                                                                                                                                                                                                                                                                                                                                                                                                                                                                                                                                                                                                                                                                                                                                                                                                                                                                                                                                                                                                                                                                                                                                                                                                                                                                                                                                                                                                                                                                                                                                                                                                                                                                                                                                                                                                                                                                                                                                                                                                                                                                                                                                                                                                                                                                                                                                                                                                                                                                                                                                                                                                                                                                                                                                                                                                                                                                                                                                                                                                                                                                                                                                                                                                                                                                                                                                                                                                                                                                                                                 ; Don't care          ; New data        ; New data        ; Off      ; No                     ; No - Latch Type Behaviour        ;
; u0|jtag_uart|altera_avalon_jtag_uart_inst|the_jtag_uart_altera_avalon_jtag_uart_1924_dwkezqq_scfifo_w|wfifo|auto_generated|dpfifo|FIFOram|ALTSYNCRAM ; AUTO       ; Simple Dual Port ; Single Clock ; 64           ; 8            ; 64           ; 8            ; yes                    ; no                      ; yes                    ; yes                     ; 512      ; 64                          ; 8                           ; 64                          ; 8                           ; 512                 ; 1           ; 0     ; None                                                                                                               ; M20K_X108_Y11_N0                                                                                                                                                                                                                                                                                                                                                                                                                                                                                                                                                                                                                                                                                                                                                                                                                                                                                                                                                                                                                                                                                                                                                                                                                                                                                                                                                                                                                                                                                                                                                                                                                                                                                                                                                                                                                                                                                                                                                                                                                                                                                                                                                                                                                                                                                                                                                                                                                                                                                                                                                                                                                                                                                                                                                                                                                                                                                                                                                                                                                                                                                                                                                                                                                                                                                                                                                                                                                                                                                                                                                                                                                                                                                                                                                                                                                                                                                                                                                                                                                                                                                                                                                                                                                                                                                                                                                                                                                                                                                                                                                                                                                                                                                                                                                                                                                                                                                                                                                                                                                                                                                                                                                                                                                                                                                                                                                                                                                                                                                                                                                                                                                                                                                                                                                                                                                                                                                                                                                                                                                                                                                                                                                                                                                                                                                                                                                                                                                                                                                                                                                                                                                                                                                                                                                                                                                                                                                                                                                                                                                                                                                                                                                                                                                                                                                                                                                                                                                                                                                                                                                                                                                                                                                                                                                                                                                                                                                                                                                                                                                                                                                                                                                                                                                                                                                                                                                                                                                                                                                                                                                                                                                                                                                                                                                                                                                                                                                                                                                                                                                                                                                                                                                                                                                                                                                                                                                                                                                                                                                                                                                                                                                                                                                                                                                                                                                                                                                                                                                                                                                                                                                                                                                                                                                                                                                                                                                                                                                                                                                                                                                                                                                                                                                                                                                                                                                                                                                                                                                                                                                                                                                                                                                                                                                                                                                                                                                                                                                                                                                                                                                                                                                                                                                                                                                                                                                                                                                                                                                                                                                                                                                                                                                                                                                                                                                                                                                                                                                                                                                                                                                                                                                                                                                                                                                                                                                                                                                                                                                                                                                                                                                                                                                                                                                                                                                                                                                                                                                                                                                                                                                                                                                                                                                                                                                                                                                                                                                                                                                                                                                                                                                                                                                                                                                                                                                                                                                                                                                                                                                                                                                                                                                                                                                                                                                                                                                                                                                                                                                                                                                                                                                                                                                                                                                                                                                                                                                                                                                                                                                                                                                                                                                                                                                                                                                                                                                                                                                                                                                                                                                                                                                                                                                                                                                                                                                                                                                                                                                                                                                                                                                                                                                                                                                                                                                                                                                                                                                                                                                                                                                                                                                                                                                                                                                                                                                                                                                                                                                                                                                                                                                                                                                                                                                                                                                                                                                                                                                                                                                                                                                                                                                                                                                                                                                                                                                                                                                                                                                                                                                                                                                                                                                                                                                                                                                                                                                                                                                                                                                                                                                                                                                                                                                                                                                                                                                                                                                                                                                                                                                                                                                                                                                                                                                                                                                                                                                                                                                                                                                                                                                                                                                                                                                                                                                                                                                                                                                                                                                                                                                                                                                                                                                                                                                                                                                                                                                                                                                                                                                                                                                                                                                                                                                                                                                                                                                                                                                                                                                                                                                                                                                                                                                                                                                                                                                                                                                                                                                                                                                                                                                                                                                                                                                                                                                                                                                                                                                                                                                                                                                                                                                                                                                                                                                                                                                                                                                                                                                                                                                                                                                                                                                                                                                                                                                                                                                                                                                                                                                                                                                                                                                                                                                                                                                                                                                                                                                                 ; Don't care          ; New data        ; New data        ; Off      ; No                     ; No - Latch Type Behaviour        ;
; u0|ram|intel_onchip_memory_0|altera_syncram_component|auto_generated|altsyncram1|ALTSYNCRAM                                                          ; AUTO       ; Single Port      ; Single Clock ; 655360       ; 32           ; --           ; --           ; yes                    ; no                      ; --                     ; --                      ; 20971520 ; 655360                      ; 32                          ; --                          ; --                          ; 20971520            ; 1280        ; 0     ; ip/sys/sys_intel_onchip_memory_0/intel_onchip_memory_148/synth/sys_intel_onchip_memory_0_intel_onchip_memory_0.hex ; M20K_X52_Y28_N0, M20K_X134_Y25_N0, M20K_X108_Y30_N0, M20K_X140_Y25_N0, M20K_X140_Y27_N0, M20K_X140_Y28_N0, M20K_X134_Y26_N0, M20K_X134_Y27_N0, M20K_X108_Y20_N0, M20K_X134_Y19_N0, M20K_X134_Y20_N0, M20K_X140_Y20_N0, M20K_X108_Y62_N0, M20K_X108_Y63_N0, M20K_X108_Y64_N0, M20K_X134_Y63_N0, M20K_X134_Y154_N0, M20K_X108_Y154_N0, M20K_X108_Y156_N0, M20K_X108_Y155_N0, M20K_X84_Y111_N0, M20K_X52_Y107_N0, M20K_X52_Y108_N0, M20K_X52_Y111_N0, M20K_X70_Y151_N0, M20K_X140_Y137_N0, M20K_X108_Y133_N0, M20K_X140_Y135_N0, M20K_X90_Y119_N0, M20K_X102_Y111_N0, M20K_X70_Y123_N0, M20K_X102_Y147_N0, M20K_X108_Y41_N0, M20K_X140_Y40_N0, M20K_X134_Y79_N0, M20K_X134_Y40_N0, M20K_X108_Y57_N0, M20K_X70_Y81_N0, M20K_X108_Y60_N0, M20K_X108_Y53_N0, M20K_X134_Y91_N0, M20K_X70_Y91_N0, M20K_X90_Y91_N0, M20K_X90_Y92_N0, M20K_X108_Y79_N0, M20K_X134_Y82_N0, M20K_X134_Y78_N0, M20K_X134_Y80_N0, M20K_X108_Y33_N0, M20K_X102_Y31_N0, M20K_X108_Y32_N0, M20K_X108_Y31_N0, M20K_X102_Y82_N0, M20K_X102_Y86_N0, M20K_X108_Y87_N0, M20K_X52_Y86_N0, M20K_X134_Y156_N0, M20K_X70_Y167_N0, M20K_X84_Y152_N0, M20K_X52_Y152_N0, M20K_X134_Y159_N0, M20K_X90_Y165_N0, M20K_X84_Y162_N0, M20K_X52_Y160_N0, M20K_X134_Y167_N0, M20K_X102_Y167_N0, M20K_X70_Y164_N0, M20K_X108_Y166_N0, M20K_X108_Y140_N0, M20K_X108_Y146_N0, M20K_X134_Y145_N0, M20K_X108_Y148_N0, M20K_X84_Y89_N0, M20K_X70_Y85_N0, M20K_X52_Y88_N0, M20K_X90_Y89_N0, M20K_X84_Y59_N0, M20K_X70_Y64_N0, M20K_X70_Y63_N0, M20K_X84_Y66_N0, M20K_X102_Y20_N0, M20K_X90_Y3_N0, M20K_X90_Y32_N0, M20K_X90_Y18_N0, M20K_X90_Y21_N0, M20K_X90_Y41_N0, M20K_X90_Y22_N0, M20K_X90_Y10_N0, M20K_X70_Y39_N0, M20K_X84_Y5_N0, M20K_X70_Y5_N0, M20K_X70_Y40_N0, M20K_X102_Y4_N0, M20K_X70_Y7_N0, M20K_X102_Y3_N0, M20K_X102_Y10_N0, M20K_X108_Y147_N0, M20K_X140_Y147_N0, M20K_X134_Y147_N0, M20K_X108_Y145_N0, M20K_X140_Y114_N0, M20K_X84_Y113_N0, M20K_X102_Y113_N0, M20K_X140_Y113_N0, M20K_X140_Y139_N0, M20K_X70_Y134_N0, M20K_X108_Y139_N0, M20K_X108_Y132_N0, M20K_X102_Y135_N0, M20K_X140_Y132_N0, M20K_X102_Y146_N0, M20K_X102_Y128_N0, M20K_X134_Y38_N0, M20K_X140_Y66_N0, M20K_X134_Y34_N0, M20K_X134_Y35_N0, M20K_X134_Y83_N0, M20K_X108_Y83_N0, M20K_X134_Y86_N0, M20K_X134_Y87_N0, M20K_X70_Y48_N0, M20K_X90_Y46_N0, M20K_X90_Y50_N0, M20K_X90_Y66_N0, M20K_X84_Y26_N0, M20K_X84_Y1_N0, M20K_X84_Y24_N0, M20K_X52_Y16_N0, M20K_X84_Y2_N0, M20K_X102_Y6_N0, M20K_X90_Y49_N0, M20K_X90_Y43_N0, M20K_X70_Y6_N0, M20K_X84_Y8_N0, M20K_X52_Y13_N0, M20K_X52_Y24_N0, M20K_X108_Y120_N0, M20K_X108_Y118_N0, M20K_X102_Y121_N0, M20K_X108_Y116_N0, M20K_X90_Y156_N0, M20K_X90_Y154_N0, M20K_X134_Y152_N0, M20K_X90_Y153_N0, M20K_X134_Y135_N0, M20K_X134_Y129_N0, M20K_X90_Y129_N0, M20K_X134_Y132_N0, M20K_X52_Y143_N0, M20K_X84_Y141_N0, M20K_X84_Y148_N0, M20K_X84_Y140_N0, M20K_X70_Y87_N0, M20K_X52_Y95_N0, M20K_X84_Y91_N0, M20K_X84_Y88_N0, M20K_X52_Y99_N0, M20K_X70_Y99_N0, M20K_X70_Y103_N0, M20K_X84_Y98_N0, M20K_X108_Y86_N0, M20K_X108_Y89_N0, M20K_X108_Y84_N0, M20K_X108_Y88_N0, M20K_X102_Y62_N0, M20K_X102_Y65_N0, M20K_X52_Y54_N0, M20K_X140_Y69_N0, M20K_X134_Y36_N0, M20K_X134_Y54_N0, M20K_X140_Y43_N0, M20K_X140_Y53_N0, M20K_X84_Y32_N0, M20K_X70_Y32_N0, M20K_X84_Y33_N0, M20K_X52_Y34_N0, M20K_X90_Y106_N0, M20K_X90_Y111_N0, M20K_X52_Y109_N0, M20K_X70_Y111_N0, M20K_X102_Y132_N0, M20K_X52_Y134_N0, M20K_X70_Y132_N0, M20K_X140_Y126_N0, M20K_X90_Y130_N0, M20K_X52_Y124_N0, M20K_X84_Y118_N0, M20K_X90_Y132_N0, M20K_X52_Y135_N0, M20K_X84_Y135_N0, M20K_X84_Y134_N0, M20K_X70_Y135_N0, M20K_X134_Y67_N0, M20K_X140_Y61_N0, M20K_X102_Y61_N0, M20K_X70_Y60_N0, M20K_X70_Y97_N0, M20K_X70_Y101_N0, M20K_X84_Y97_N0, M20K_X70_Y98_N0, M20K_X102_Y96_N0, M20K_X102_Y88_N0, M20K_X102_Y91_N0, M20K_X102_Y92_N0, M20K_X102_Y40_N0, M20K_X102_Y38_N0, M20K_X52_Y42_N0, M20K_X140_Y39_N0, M20K_X108_Y40_N0, M20K_X102_Y41_N0, M20K_X102_Y42_N0, M20K_X140_Y38_N0, M20K_X108_Y46_N0, M20K_X140_Y58_N0, M20K_X108_Y42_N0, M20K_X52_Y46_N0, M20K_X84_Y167_N0, M20K_X140_Y165_N0, M20K_X70_Y173_N0, M20K_X70_Y172_N0, M20K_X52_Y128_N0, M20K_X140_Y162_N0, M20K_X140_Y157_N0, M20K_X102_Y130_N0, M20K_X134_Y170_N0, M20K_X70_Y168_N0, M20K_X140_Y154_N0, M20K_X108_Y157_N0, M20K_X102_Y150_N0, M20K_X90_Y149_N0, M20K_X140_Y146_N0, M20K_X70_Y174_N0, M20K_X102_Y94_N0, M20K_X134_Y92_N0, M20K_X108_Y93_N0, M20K_X140_Y92_N0, M20K_X70_Y92_N0, M20K_X52_Y91_N0, M20K_X70_Y95_N0, M20K_X140_Y91_N0, M20K_X90_Y34_N0, M20K_X90_Y35_N0, M20K_X52_Y36_N0, M20K_X102_Y37_N0, M20K_X90_Y36_N0, M20K_X90_Y40_N0, M20K_X70_Y41_N0, M20K_X52_Y39_N0, M20K_X90_Y33_N0, M20K_X70_Y37_N0, M20K_X134_Y33_N0, M20K_X90_Y37_N0, M20K_X84_Y41_N0, M20K_X84_Y42_N0, M20K_X52_Y87_N0, M20K_X52_Y41_N0, M20K_X134_Y155_N0, M20K_X140_Y158_N0, M20K_X134_Y157_N0, M20K_X70_Y158_N0, M20K_X70_Y113_N0, M20K_X140_Y111_N0, M20K_X140_Y116_N0, M20K_X134_Y113_N0, M20K_X52_Y145_N0, M20K_X52_Y140_N0, M20K_X84_Y145_N0, M20K_X52_Y144_N0, M20K_X90_Y157_N0, M20K_X102_Y156_N0, M20K_X102_Y157_N0, M20K_X102_Y158_N0, M20K_X134_Y102_N0, M20K_X108_Y95_N0, M20K_X140_Y102_N0, M20K_X108_Y100_N0, M20K_X90_Y85_N0, M20K_X84_Y85_N0, M20K_X140_Y85_N0, M20K_X134_Y89_N0, M20K_X108_Y17_N0, M20K_X108_Y18_N0, M20K_X102_Y15_N0, M20K_X102_Y14_N0, M20K_X108_Y5_N0, M20K_X108_Y1_N0, M20K_X108_Y23_N0, M20K_X134_Y12_N0, M20K_X52_Y15_N0, M20K_X52_Y14_N0, M20K_X84_Y4_N0, M20K_X52_Y21_N0, M20K_X90_Y1_N0, M20K_X108_Y7_N0, M20K_X140_Y16_N0, M20K_X134_Y13_N0, M20K_X70_Y129_N0, M20K_X70_Y121_N0, M20K_X70_Y128_N0, M20K_X84_Y121_N0, M20K_X84_Y120_N0, M20K_X52_Y116_N0, M20K_X90_Y120_N0, M20K_X90_Y117_N0, M20K_X84_Y133_N0, M20K_X52_Y133_N0, M20K_X140_Y133_N0, M20K_X90_Y133_N0, M20K_X84_Y123_N0, M20K_X84_Y112_N0, M20K_X52_Y113_N0, M20K_X52_Y119_N0, M20K_X84_Y37_N0, M20K_X84_Y38_N0, M20K_X84_Y34_N0, M20K_X52_Y35_N0, M20K_X84_Y60_N0, M20K_X84_Y64_N0, M20K_X134_Y62_N0, M20K_X84_Y70_N0, M20K_X84_Y75_N0, M20K_X70_Y69_N0, M20K_X52_Y77_N0, M20K_X84_Y83_N0, M20K_X140_Y18_N0, M20K_X134_Y18_N0, M20K_X108_Y19_N0, M20K_X140_Y19_N0, M20K_X90_Y56_N0, M20K_X70_Y54_N0, M20K_X134_Y56_N0, M20K_X90_Y60_N0, M20K_X140_Y29_N0, M20K_X140_Y26_N0, M20K_X134_Y32_N0, M20K_X140_Y32_N0, M20K_X70_Y114_N0, M20K_X140_Y107_N0, M20K_X70_Y108_N0, M20K_X90_Y104_N0, M20K_X108_Y102_N0, M20K_X108_Y97_N0, M20K_X108_Y99_N0, M20K_X134_Y99_N0, M20K_X140_Y149_N0, M20K_X70_Y149_N0, M20K_X140_Y148_N0, M20K_X134_Y148_N0, M20K_X84_Y129_N0, M20K_X90_Y128_N0, M20K_X52_Y125_N0, M20K_X90_Y124_N0, M20K_X90_Y102_N0, M20K_X90_Y96_N0, M20K_X70_Y100_N0, M20K_X90_Y98_N0, M20K_X134_Y95_N0, M20K_X134_Y98_N0, M20K_X140_Y98_N0, M20K_X108_Y98_N0, M20K_X84_Y71_N0, M20K_X84_Y49_N0, M20K_X52_Y85_N0, M20K_X84_Y47_N0, M20K_X52_Y71_N0, M20K_X70_Y21_N0, M20K_X90_Y68_N0, M20K_X84_Y46_N0, M20K_X70_Y12_N0, M20K_X102_Y12_N0, M20K_X84_Y12_N0, M20K_X70_Y18_N0, M20K_X70_Y43_N0, M20K_X84_Y43_N0, M20K_X70_Y14_N0, M20K_X70_Y15_N0, M20K_X90_Y115_N0, M20K_X90_Y116_N0, M20K_X134_Y134_N0, M20K_X134_Y116_N0, M20K_X70_Y148_N0, M20K_X90_Y147_N0, M20K_X90_Y146_N0, M20K_X90_Y150_N0, M20K_X70_Y169_N0, M20K_X90_Y139_N0, M20K_X90_Y138_N0, M20K_X134_Y166_N0, M20K_X134_Y136_N0, M20K_X134_Y133_N0, M20K_X70_Y136_N0, M20K_X70_Y141_N0, M20K_X102_Y77_N0, M20K_X70_Y84_N0, M20K_X84_Y77_N0, M20K_X102_Y84_N0, M20K_X84_Y105_N0, M20K_X52_Y105_N0, M20K_X90_Y107_N0, M20K_X90_Y109_N0, M20K_X70_Y16_N0, M20K_X108_Y8_N0, M20K_X108_Y16_N0, M20K_X108_Y14_N0, M20K_X102_Y8_N0, M20K_X102_Y55_N0, M20K_X102_Y58_N0, M20K_X102_Y51_N0, M20K_X90_Y16_N0, M20K_X90_Y12_N0, M20K_X52_Y22_N0, M20K_X52_Y26_N0, M20K_X108_Y9_N0, M20K_X134_Y8_N0, M20K_X108_Y12_N0, M20K_X134_Y9_N0, M20K_X70_Y109_N0, M20K_X134_Y108_N0, M20K_X102_Y101_N0, M20K_X108_Y105_N0, M20K_X84_Y109_N0, M20K_X90_Y105_N0, M20K_X134_Y109_N0, M20K_X52_Y103_N0, M20K_X70_Y115_N0, M20K_X52_Y121_N0, M20K_X52_Y106_N0, M20K_X134_Y121_N0, M20K_X52_Y115_N0, M20K_X84_Y115_N0, M20K_X84_Y108_N0, M20K_X52_Y118_N0, M20K_X52_Y84_N0, M20K_X52_Y80_N0, M20K_X70_Y82_N0, M20K_X70_Y80_N0, M20K_X84_Y73_N0, M20K_X84_Y72_N0, M20K_X52_Y69_N0, M20K_X84_Y69_N0, M20K_X102_Y50_N0, M20K_X102_Y43_N0, M20K_X102_Y45_N0, M20K_X108_Y49_N0, M20K_X70_Y67_N0, M20K_X70_Y66_N0, M20K_X52_Y67_N0, M20K_X84_Y67_N0, M20K_X134_Y29_N0, M20K_X108_Y29_N0, M20K_X102_Y27_N0, M20K_X108_Y27_N0, M20K_X102_Y26_N0, M20K_X140_Y31_N0, M20K_X140_Y34_N0, M20K_X70_Y34_N0, M20K_X108_Y130_N0, M20K_X134_Y118_N0, M20K_X108_Y114_N0, M20K_X108_Y115_N0, M20K_X52_Y102_N0, M20K_X102_Y97_N0, M20K_X140_Y97_N0, M20K_X102_Y99_N0, M20K_X102_Y153_N0, M20K_X140_Y155_N0, M20K_X140_Y153_N0, M20K_X102_Y155_N0, M20K_X134_Y124_N0, M20K_X84_Y110_N0, M20K_X134_Y128_N0, M20K_X90_Y114_N0, M20K_X108_Y74_N0, M20K_X140_Y77_N0, M20K_X108_Y73_N0, M20K_X140_Y81_N0, M20K_X134_Y101_N0, M20K_X134_Y97_N0, M20K_X108_Y101_N0, M20K_X140_Y95_N0, M20K_X134_Y24_N0, M20K_X134_Y14_N0, M20K_X140_Y21_N0, M20K_X140_Y14_N0, M20K_X134_Y64_N0, M20K_X140_Y35_N0, M20K_X134_Y37_N0, M20K_X134_Y21_N0, M20K_X90_Y14_N0, M20K_X90_Y13_N0, M20K_X90_Y15_N0, M20K_X90_Y17_N0, M20K_X140_Y30_N0, M20K_X134_Y31_N0, M20K_X134_Y28_N0, M20K_X134_Y30_N0, M20K_X84_Y106_N0, M20K_X84_Y107_N0, M20K_X84_Y101_N0, M20K_X84_Y104_N0, M20K_X134_Y103_N0, M20K_X84_Y103_N0, M20K_X70_Y104_N0, M20K_X84_Y102_N0, M20K_X84_Y114_N0, M20K_X52_Y122_N0, M20K_X90_Y103_N0, M20K_X52_Y120_N0, M20K_X134_Y114_N0, M20K_X134_Y119_N0, M20K_X52_Y114_N0, M20K_X134_Y115_N0, M20K_X134_Y43_N0, M20K_X140_Y63_N0, M20K_X102_Y53_N0, M20K_X102_Y49_N0, M20K_X102_Y80_N0, M20K_X102_Y79_N0, M20K_X90_Y81_N0, M20K_X140_Y79_N0, M20K_X102_Y24_N0, M20K_X102_Y25_N0, M20K_X102_Y36_N0, M20K_X108_Y38_N0, M20K_X70_Y25_N0, M20K_X70_Y29_N0, M20K_X84_Y36_N0, M20K_X70_Y35_N0, M20K_X70_Y26_N0, M20K_X90_Y29_N0, M20K_X90_Y30_N0, M20K_X90_Y28_N0, M20K_X70_Y24_N0, M20K_X84_Y39_N0, M20K_X70_Y36_N0, M20K_X84_Y40_N0, M20K_X134_Y137_N0, M20K_X102_Y137_N0, M20K_X70_Y176_N0, M20K_X102_Y136_N0, M20K_X134_Y158_N0, M20K_X70_Y162_N0, M20K_X102_Y154_N0, M20K_X108_Y158_N0, M20K_X134_Y169_N0, M20K_X70_Y163_N0, M20K_X140_Y163_N0, M20K_X90_Y166_N0, M20K_X90_Y161_N0, M20K_X102_Y161_N0, M20K_X140_Y159_N0, M20K_X70_Y175_N0, M20K_X134_Y90_N0, M20K_X70_Y89_N0, M20K_X70_Y88_N0, M20K_X70_Y90_N0, M20K_X90_Y123_N0, M20K_X70_Y124_N0, M20K_X102_Y120_N0, M20K_X102_Y123_N0, M20K_X84_Y48_N0, M20K_X70_Y42_N0, M20K_X70_Y44_N0, M20K_X90_Y44_N0, M20K_X108_Y70_N0, M20K_X134_Y72_N0, M20K_X134_Y75_N0, M20K_X108_Y68_N0, M20K_X108_Y52_N0, M20K_X108_Y55_N0, M20K_X134_Y55_N0, M20K_X134_Y57_N0, M20K_X90_Y82_N0, M20K_X84_Y86_N0, M20K_X90_Y86_N0, M20K_X70_Y86_N0, M20K_X108_Y162_N0, M20K_X108_Y163_N0, M20K_X108_Y161_N0, M20K_X134_Y162_N0, M20K_X70_Y110_N0, M20K_X102_Y95_N0, M20K_X52_Y97_N0, M20K_X102_Y98_N0, M20K_X70_Y157_N0, M20K_X70_Y154_N0, M20K_X84_Y154_N0, M20K_X84_Y149_N0, M20K_X52_Y117_N0, M20K_X84_Y124_N0, M20K_X52_Y132_N0, M20K_X70_Y116_N0, M20K_X84_Y61_N0, M20K_X134_Y70_N0, M20K_X70_Y58_N0, M20K_X84_Y74_N0, M20K_X84_Y80_N0, M20K_X84_Y58_N0, M20K_X52_Y56_N0, M20K_X70_Y62_N0, M20K_X90_Y64_N0, M20K_X90_Y74_N0, M20K_X90_Y72_N0, M20K_X134_Y58_N0, M20K_X70_Y56_N0, M20K_X140_Y60_N0, M20K_X108_Y59_N0, M20K_X108_Y56_N0, M20K_X140_Y57_N0, M20K_X70_Y52_N0, M20K_X102_Y56_N0, M20K_X108_Y58_N0, M20K_X140_Y68_N0, M20K_X140_Y84_N0, M20K_X102_Y59_N0, M20K_X140_Y64_N0, M20K_X84_Y166_N0, M20K_X84_Y159_N0, M20K_X70_Y166_N0, M20K_X84_Y165_N0, M20K_X52_Y126_N0, M20K_X84_Y130_N0, M20K_X84_Y125_N0, M20K_X84_Y126_N0, M20K_X70_Y125_N0, M20K_X70_Y143_N0, M20K_X134_Y125_N0, M20K_X70_Y165_N0, M20K_X70_Y133_N0, M20K_X108_Y138_N0, M20K_X108_Y137_N0, M20K_X134_Y139_N0, M20K_X90_Y67_N0, M20K_X140_Y67_N0, M20K_X90_Y77_N0, M20K_X108_Y61_N0, M20K_X140_Y80_N0, M20K_X102_Y52_N0, M20K_X140_Y56_N0, M20K_X90_Y52_N0, M20K_X134_Y71_N0, M20K_X134_Y68_N0, M20K_X108_Y66_N0, M20K_X108_Y67_N0, M20K_X52_Y18_N0, M20K_X84_Y20_N0, M20K_X52_Y19_N0, M20K_X52_Y20_N0, M20K_X70_Y47_N0, M20K_X70_Y51_N0, M20K_X52_Y47_N0, M20K_X90_Y45_N0, M20K_X70_Y19_N0, M20K_X84_Y18_N0, M20K_X84_Y19_N0, M20K_X84_Y22_N0, M20K_X84_Y139_N0, M20K_X70_Y139_N0, M20K_X84_Y136_N0, M20K_X84_Y138_N0, M20K_X108_Y134_N0, M20K_X134_Y126_N0, M20K_X108_Y127_N0, M20K_X52_Y123_N0, M20K_X70_Y130_N0, M20K_X84_Y137_N0, M20K_X70_Y126_N0, M20K_X52_Y138_N0, M20K_X70_Y137_N0, M20K_X108_Y119_N0, M20K_X52_Y137_N0, M20K_X52_Y127_N0, M20K_X84_Y63_N0, M20K_X52_Y70_N0, M20K_X84_Y62_N0, M20K_X52_Y51_N0, M20K_X84_Y96_N0, M20K_X52_Y94_N0, M20K_X52_Y92_N0, M20K_X84_Y92_N0, M20K_X70_Y27_N0, M20K_X84_Y31_N0, M20K_X70_Y31_N0, M20K_X90_Y23_N0, M20K_X140_Y22_N0, M20K_X108_Y22_N0, M20K_X134_Y22_N0, M20K_X108_Y21_N0, M20K_X52_Y48_N0, M20K_X70_Y46_N0, M20K_X52_Y43_N0, M20K_X70_Y22_N0, M20K_X108_Y51_N0, M20K_X140_Y51_N0, M20K_X140_Y55_N0, M20K_X52_Y79_N0, M20K_X90_Y167_N0, M20K_X134_Y168_N0, M20K_X70_Y171_N0, M20K_X70_Y170_N0, M20K_X102_Y122_N0, M20K_X108_Y122_N0, M20K_X70_Y122_N0, M20K_X140_Y138_N0, M20K_X108_Y164_N0, M20K_X108_Y167_N0, M20K_X134_Y164_N0, M20K_X108_Y165_N0, M20K_X84_Y122_N0, M20K_X140_Y122_N0, M20K_X140_Y136_N0, M20K_X134_Y122_N0, M20K_X108_Y91_N0, M20K_X108_Y90_N0, M20K_X134_Y94_N0, M20K_X134_Y88_N0, M20K_X102_Y68_N0, M20K_X140_Y74_N0, M20K_X140_Y75_N0, M20K_X140_Y76_N0, M20K_X102_Y22_N0, M20K_X108_Y3_N0, M20K_X102_Y19_N0, M20K_X102_Y21_N0, M20K_X52_Y29_N0, M20K_X84_Y29_N0, M20K_X70_Y17_N0, M20K_X52_Y25_N0, M20K_X84_Y3_N0, M20K_X84_Y6_N0, M20K_X90_Y4_N0, M20K_X90_Y20_N0, M20K_X102_Y13_N0, M20K_X90_Y7_N0, M20K_X52_Y83_N0, M20K_X70_Y30_N0, M20K_X90_Y155_N0, M20K_X84_Y153_N0, M20K_X84_Y155_N0, M20K_X84_Y151_N0, M20K_X134_Y120_N0, M20K_X108_Y117_N0, M20K_X140_Y121_N0, M20K_X140_Y118_N0, M20K_X134_Y153_N0, M20K_X108_Y153_N0, M20K_X108_Y152_N0, M20K_X140_Y152_N0, M20K_X90_Y142_N0, M20K_X140_Y110_N0, M20K_X90_Y108_N0, M20K_X90_Y110_N0, M20K_X108_Y71_N0, M20K_X70_Y68_N0, M20K_X70_Y71_N0, M20K_X70_Y83_N0, M20K_X52_Y89_N0, M20K_X102_Y89_N0, M20K_X102_Y93_N0, M20K_X140_Y93_N0, M20K_X52_Y30_N0, M20K_X70_Y28_N0, M20K_X90_Y31_N0, M20K_X102_Y28_N0, M20K_X140_Y46_N0, M20K_X102_Y47_N0, M20K_X102_Y44_N0, M20K_X102_Y46_N0, M20K_X52_Y40_N0, M20K_X52_Y44_N0, M20K_X108_Y48_N0, M20K_X140_Y48_N0, M20K_X70_Y73_N0, M20K_X70_Y65_N0, M20K_X52_Y37_N0, M20K_X84_Y76_N0, M20K_X102_Y149_N0, M20K_X140_Y141_N0, M20K_X102_Y166_N0, M20K_X102_Y148_N0, M20K_X102_Y152_N0, M20K_X102_Y151_N0, M20K_X70_Y147_N0, M20K_X90_Y141_N0, M20K_X102_Y165_N0, M20K_X102_Y144_N0, M20K_X108_Y128_N0, M20K_X140_Y134_N0, M20K_X134_Y161_N0, M20K_X140_Y161_N0, M20K_X108_Y159_N0, M20K_X134_Y165_N0, M20K_X108_Y37_N0, M20K_X108_Y36_N0, M20K_X102_Y34_N0, M20K_X140_Y36_N0, M20K_X90_Y57_N0, M20K_X70_Y53_N0, M20K_X90_Y61_N0, M20K_X90_Y53_N0, M20K_X52_Y52_N0, M20K_X90_Y70_N0, M20K_X84_Y68_N0, M20K_X90_Y63_N0, M20K_X140_Y49_N0, M20K_X134_Y46_N0, M20K_X134_Y47_N0, M20K_X134_Y48_N0, M20K_X90_Y54_N0, M20K_X84_Y52_N0, M20K_X90_Y55_N0, M20K_X102_Y60_N0, M20K_X140_Y72_N0, M20K_X102_Y71_N0, M20K_X102_Y73_N0, M20K_X102_Y72_N0, M20K_X84_Y156_N0, M20K_X84_Y158_N0, M20K_X84_Y157_N0, M20K_X70_Y155_N0, M20K_X70_Y160_N0, M20K_X140_Y160_N0, M20K_X134_Y160_N0, M20K_X102_Y160_N0, M20K_X70_Y153_N0, M20K_X140_Y131_N0, M20K_X134_Y138_N0, M20K_X140_Y129_N0, M20K_X70_Y150_N0, M20K_X84_Y150_N0, M20K_X70_Y156_N0, M20K_X52_Y150_N0, M20K_X84_Y99_N0, M20K_X84_Y95_N0, M20K_X84_Y100_N0, M20K_X140_Y99_N0, M20K_X140_Y123_N0, M20K_X134_Y123_N0, M20K_X140_Y120_N0, M20K_X108_Y123_N0, M20K_X84_Y30_N0, M20K_X70_Y23_N0, M20K_X84_Y35_N0, M20K_X84_Y28_N0, M20K_X70_Y9_N0, M20K_X84_Y27_N0, M20K_X52_Y27_N0, M20K_X70_Y11_N0, M20K_X84_Y25_N0, M20K_X84_Y23_N0, M20K_X70_Y8_N0, M20K_X52_Y23_N0, M20K_X70_Y10_N0, M20K_X84_Y9_N0, M20K_X70_Y13_N0, M20K_X84_Y11_N0, M20K_X134_Y106_N0, M20K_X140_Y108_N0, M20K_X102_Y108_N0, M20K_X108_Y104_N0, M20K_X140_Y103_N0, M20K_X52_Y101_N0, M20K_X70_Y106_N0, M20K_X102_Y100_N0, M20K_X90_Y134_N0, M20K_X102_Y134_N0, M20K_X90_Y131_N0, M20K_X140_Y128_N0, M20K_X90_Y137_N0, M20K_X90_Y136_N0, M20K_X90_Y135_N0, M20K_X52_Y136_N0, M20K_X70_Y102_N0, M20K_X108_Y96_N0, M20K_X140_Y101_N0, M20K_X140_Y100_N0, M20K_X140_Y88_N0, M20K_X140_Y87_N0, M20K_X90_Y87_N0, M20K_X102_Y87_N0, M20K_X70_Y96_N0, M20K_X84_Y90_N0, M20K_X102_Y90_N0, M20K_X84_Y94_N0, M20K_X70_Y78_N0, M20K_X140_Y82_N0, M20K_X84_Y78_N0, M20K_X52_Y78_N0, M20K_X90_Y27_N0, M20K_X102_Y5_N0, M20K_X90_Y5_N0, M20K_X90_Y19_N0, M20K_X84_Y15_N0, M20K_X84_Y7_N0, M20K_X84_Y10_N0, M20K_X84_Y21_N0, M20K_X108_Y160_N0, M20K_X90_Y164_N0, M20K_X102_Y164_N0, M20K_X102_Y162_N0, M20K_X84_Y160_N0, M20K_X134_Y163_N0, M20K_X90_Y162_N0, M20K_X70_Y159_N0, M20K_X70_Y161_N0, M20K_X84_Y164_N0, M20K_X102_Y163_N0, M20K_X140_Y164_N0, M20K_X90_Y160_N0, M20K_X102_Y159_N0, M20K_X90_Y158_N0, M20K_X52_Y159_N0, M20K_X90_Y76_N0, M20K_X140_Y78_N0, M20K_X90_Y80_N0, M20K_X102_Y69_N0, M20K_X90_Y97_N0, M20K_X90_Y99_N0, M20K_X134_Y100_N0, M20K_X90_Y100_N0, M20K_X84_Y16_N0, M20K_X84_Y13_N0, M20K_X84_Y17_N0, M20K_X84_Y14_N0, M20K_X140_Y44_N0, M20K_X140_Y41_N0, M20K_X134_Y39_N0, M20K_X140_Y52_N0, M20K_X140_Y45_N0, M20K_X134_Y44_N0, M20K_X140_Y47_N0, M20K_X134_Y49_N0, M20K_X140_Y15_N0, M20K_X52_Y17_N0, M20K_X108_Y13_N0, M20K_X140_Y13_N0, M20K_X90_Y145_N0, M20K_X84_Y146_N0, M20K_X52_Y139_N0, M20K_X52_Y146_N0, M20K_X108_Y131_N0, M20K_X70_Y144_N0, M20K_X108_Y136_N0, M20K_X108_Y135_N0, M20K_X84_Y144_N0, M20K_X70_Y146_N0, M20K_X140_Y142_N0, M20K_X90_Y143_N0, M20K_X134_Y146_N0, M20K_X108_Y143_N0, M20K_X108_Y144_N0, M20K_X134_Y144_N0, M20K_X108_Y72_N0, M20K_X52_Y76_N0, M20K_X102_Y66_N0, M20K_X70_Y76_N0, M20K_X90_Y118_N0, M20K_X90_Y122_N0, M20K_X70_Y118_N0, M20K_X90_Y121_N0, M20K_X134_Y65_N0, M20K_X134_Y77_N0, M20K_X140_Y37_N0, M20K_X134_Y81_N0, M20K_X140_Y11_N0, M20K_X108_Y10_N0, M20K_X134_Y17_N0, M20K_X134_Y10_N0, M20K_X140_Y33_N0, M20K_X134_Y11_N0, M20K_X102_Y16_N0, M20K_X102_Y23_N0, M20K_X102_Y83_N0, M20K_X102_Y85_N0, M20K_X140_Y89_N0, M20K_X108_Y85_N0, M20K_X108_Y113_N0, M20K_X140_Y119_N0, M20K_X108_Y111_N0, M20K_X108_Y112_N0, M20K_X108_Y107_N0, M20K_X108_Y106_N0, M20K_X134_Y111_N0, M20K_X134_Y112_N0, M20K_X108_Y121_N0, M20K_X108_Y124_N0, M20K_X140_Y125_N0, M20K_X108_Y125_N0, M20K_X108_Y109_N0, M20K_X102_Y109_N0, M20K_X108_Y108_N0, M20K_X102_Y110_N0, M20K_X134_Y41_N0, M20K_X140_Y42_N0, M20K_X140_Y73_N0, M20K_X134_Y42_N0, M20K_X134_Y60_N0, M20K_X134_Y61_N0, M20K_X140_Y71_N0, M20K_X140_Y70_N0, M20K_X90_Y83_N0, M20K_X134_Y85_N0, M20K_X90_Y84_N0, M20K_X140_Y83_N0, M20K_X70_Y79_N0, M20K_X84_Y79_N0, M20K_X90_Y78_N0, M20K_X90_Y79_N0, M20K_X90_Y48_N0, M20K_X90_Y42_N0, M20K_X90_Y47_N0, M20K_X90_Y51_N0, M20K_X134_Y52_N0, M20K_X134_Y45_N0, M20K_X134_Y59_N0, M20K_X134_Y66_N0, M20K_X90_Y144_N0, M20K_X140_Y140_N0, M20K_X90_Y140_N0, M20K_X70_Y140_N0, M20K_X70_Y145_N0, M20K_X102_Y145_N0, M20K_X140_Y156_N0, M20K_X140_Y145_N0, M20K_X84_Y161_N0, M20K_X90_Y163_N0, M20K_X84_Y163_N0, M20K_X90_Y159_N0, M20K_X70_Y131_N0, M20K_X84_Y127_N0, M20K_X70_Y127_N0, M20K_X134_Y127_N0, M20K_X134_Y76_N0, M20K_X70_Y75_N0, M20K_X102_Y70_N0, M20K_X70_Y72_N0, M20K_X70_Y105_N0, M20K_X140_Y105_N0, M20K_X102_Y105_N0, M20K_X140_Y104_N0, M20K_X102_Y48_N0, M20K_X108_Y44_N0, M20K_X108_Y45_N0, M20K_X140_Y59_N0, M20K_X84_Y56_N0, M20K_X90_Y71_N0, M20K_X52_Y50_N0, M20K_X52_Y64_N0, M20K_X102_Y54_N0, M20K_X108_Y54_N0, M20K_X140_Y54_N0, M20K_X84_Y54_N0, M20K_X140_Y24_N0, M20K_X108_Y24_N0, M20K_X134_Y23_N0, M20K_X140_Y23_N0, M20K_X134_Y107_N0, M20K_X70_Y107_N0, M20K_X90_Y101_N0, M20K_X134_Y104_N0, M20K_X134_Y117_N0, M20K_X140_Y117_N0, M20K_X84_Y119_N0, M20K_X70_Y117_N0, M20K_X84_Y147_N0, M20K_X52_Y148_N0, M20K_X52_Y149_N0, M20K_X52_Y147_N0, M20K_X84_Y128_N0, M20K_X84_Y132_N0, M20K_X134_Y131_N0, M20K_X84_Y117_N0, M20K_X84_Y84_N0, M20K_X84_Y87_N0, M20K_X52_Y73_N0, M20K_X70_Y70_N0, M20K_X90_Y62_N0, M20K_X52_Y66_N0, M20K_X84_Y65_N0, M20K_X52_Y65_N0, M20K_X134_Y16_N0, M20K_X108_Y2_N0, M20K_X134_Y15_N0, M20K_X108_Y15_N0, M20K_X108_Y4_N0, M20K_X102_Y1_N0, M20K_X108_Y25_N0, M20K_X102_Y11_N0, M20K_X90_Y11_N0, M20K_X90_Y9_N0, M20K_X102_Y9_N0, M20K_X102_Y17_N0, M20K_X102_Y2_N0, M20K_X134_Y7_N0, M20K_X90_Y2_N0, M20K_X108_Y34_N0, M20K_X102_Y138_N0, M20K_X102_Y142_N0, M20K_X52_Y141_N0, M20K_X102_Y143_N0, M20K_X102_Y117_N0, M20K_X102_Y116_N0, M20K_X84_Y116_N0, M20K_X102_Y112_N0, M20K_X102_Y133_N0, M20K_X134_Y140_N0, M20K_X108_Y129_N0, M20K_X134_Y130_N0, M20K_X70_Y138_N0, M20K_X84_Y131_N0, M20K_X70_Y142_N0, M20K_X52_Y131_N0, M20K_X102_Y39_N0, M20K_X108_Y39_N0, M20K_X108_Y35_N0, M20K_X102_Y35_N0, M20K_X102_Y67_N0, M20K_X102_Y64_N0, M20K_X102_Y63_N0, M20K_X52_Y81_N0, M20K_X52_Y45_N0, M20K_X70_Y45_N0, M20K_X84_Y45_N0, M20K_X84_Y44_N0, M20K_X52_Y49_N0, M20K_X70_Y49_N0, M20K_X84_Y55_N0, M20K_X84_Y50_N0, M20K_X52_Y31_N0, M20K_X52_Y33_N0, M20K_X52_Y32_N0, M20K_X70_Y33_N0, M20K_X134_Y69_N0, M20K_X134_Y73_N0, M20K_X134_Y84_N0, M20K_X108_Y69_N0, M20K_X70_Y152_N0, M20K_X90_Y148_N0, M20K_X90_Y152_N0, M20K_X90_Y151_N0, M20K_X52_Y142_N0, M20K_X134_Y142_N0, M20K_X84_Y142_N0, M20K_X84_Y143_N0, M20K_X52_Y112_N0, M20K_X140_Y112_N0, M20K_X70_Y112_N0, M20K_X90_Y112_N0, M20K_X52_Y130_N0, M20K_X102_Y124_N0, M20K_X140_Y130_N0, M20K_X102_Y129_N0, M20K_X70_Y59_N0, M20K_X70_Y61_N0, M20K_X52_Y55_N0, M20K_X52_Y72_N0, M20K_X108_Y94_N0, M20K_X108_Y92_N0, M20K_X134_Y96_N0, M20K_X140_Y96_N0, M20K_X70_Y74_N0, M20K_X84_Y82_N0, M20K_X52_Y74_N0, M20K_X84_Y81_N0, M20K_X108_Y75_N0, M20K_X90_Y75_N0, M20K_X70_Y77_N0, M20K_X102_Y76_N0, M20K_X84_Y57_N0, M20K_X70_Y55_N0, M20K_X52_Y53_N0, M20K_X102_Y57_N0, M20K_X140_Y65_N0, M20K_X52_Y68_N0, M20K_X52_Y75_N0, M20K_X70_Y57_N0, M20K_X102_Y106_N0, M20K_X102_Y107_N0, M20K_X52_Y104_N0, M20K_X102_Y104_N0, M20K_X102_Y114_N0, M20K_X102_Y127_N0, M20K_X90_Y113_N0, M20K_X140_Y127_N0, M20K_X102_Y102_N0, M20K_X140_Y106_N0, M20K_X102_Y103_N0, M20K_X134_Y105_N0, M20K_X102_Y139_N0, M20K_X108_Y141_N0, M20K_X102_Y140_N0, M20K_X102_Y141_N0, M20K_X90_Y73_N0, M20K_X90_Y65_N0, M20K_X108_Y65_N0, M20K_X90_Y69_N0, M20K_X102_Y81_N0, M20K_X102_Y78_N0, M20K_X108_Y76_N0, M20K_X108_Y77_N0, M20K_X108_Y47_N0, M20K_X108_Y43_N0, M20K_X140_Y62_N0, M20K_X108_Y50_N0, M20K_X108_Y80_N0, M20K_X108_Y82_N0, M20K_X108_Y78_N0, M20K_X108_Y81_N0, M20K_X140_Y50_N0, M20K_X134_Y51_N0, M20K_X134_Y50_N0, M20K_X134_Y53_N0, M20K_X90_Y38_N0, M20K_X90_Y39_N0, M20K_X70_Y38_N0, M20K_X52_Y38_N0, M20K_X134_Y150_N0, M20K_X140_Y151_N0, M20K_X134_Y151_N0, M20K_X134_Y149_N0, M20K_X90_Y125_N0, M20K_X90_Y127_N0, M20K_X102_Y131_N0, M20K_X52_Y129_N0, M20K_X140_Y150_N0, M20K_X108_Y150_N0, M20K_X108_Y151_N0, M20K_X108_Y149_N0, M20K_X134_Y143_N0, M20K_X140_Y143_N0, M20K_X108_Y142_N0, M20K_X134_Y141_N0, M20K_X52_Y82_N0, M20K_X70_Y50_N0, M20K_X84_Y53_N0, M20K_X84_Y51_N0, M20K_X52_Y93_N0, M20K_X90_Y94_N0, M20K_X90_Y95_N0, M20K_X70_Y94_N0, M20K_X102_Y75_N0, M20K_X102_Y74_N0, M20K_X140_Y86_N0, M20K_X140_Y94_N0, M20K_X90_Y6_N0, M20K_X90_Y59_N0, M20K_X90_Y58_N0, M20K_X134_Y74_N0, M20K_X134_Y5_N0, M20K_X90_Y8_N0, M20K_X134_Y6_N0, M20K_X70_Y20_N0, M20K_X102_Y18_N0, M20K_X102_Y7_N0, M20K_X108_Y6_N0, M20K_X140_Y17_N0, M20K_X102_Y126_N0, M20K_X102_Y125_N0, M20K_X108_Y126_N0, M20K_X90_Y126_N0, M20K_X140_Y115_N0, M20K_X140_Y124_N0, M20K_X108_Y103_N0, M20K_X70_Y120_N0, M20K_X102_Y119_N0, M20K_X102_Y118_N0, M20K_X102_Y115_N0, M20K_X70_Y119_N0, M20K_X52_Y110_N0, M20K_X140_Y109_N0, M20K_X134_Y110_N0, M20K_X108_Y110_N0, M20K_X84_Y93_N0, M20K_X90_Y93_N0, M20K_X134_Y93_N0, M20K_X70_Y93_N0, M20K_X52_Y90_N0, M20K_X90_Y90_N0, M20K_X140_Y90_N0, M20K_X90_Y88_N0 ; Don't care          ; Don't care      ; New data        ; Off      ; No                     ; No - Address Too Wide            ;
+------------------------------------------------------------------------------------------------------------------------------------------------------+------------+------------------+--------------+--------------+--------------+--------------+--------------+------------------------+-------------------------+------------------------+-------------------------+----------+-----------------------------+-----------------------------+-----------------------------+-----------------------------+---------------------+-------------+-------+--------------------------------------------------------------------------------------------------------------------+--------------------------------------------------------------------------------------------------------------------------------------------------------------------------------------------------------------------------------------------------------------------------------------------------------------------------------------------------------------------------------------------------------------------------------------------------------------------------------------------------------------------------------------------------------------------------------------------------------------------------------------------------------------------------------------------------------------------------------------------------------------------------------------------------------------------------------------------------------------------------------------------------------------------------------------------------------------------------------------------------------------------------------------------------------------------------------------------------------------------------------------------------------------------------------------------------------------------------------------------------------------------------------------------------------------------------------------------------------------------------------------------------------------------------------------------------------------------------------------------------------------------------------------------------------------------------------------------------------------------------------------------------------------------------------------------------------------------------------------------------------------------------------------------------------------------------------------------------------------------------------------------------------------------------------------------------------------------------------------------------------------------------------------------------------------------------------------------------------------------------------------------------------------------------------------------------------------------------------------------------------------------------------------------------------------------------------------------------------------------------------------------------------------------------------------------------------------------------------------------------------------------------------------------------------------------------------------------------------------------------------------------------------------------------------------------------------------------------------------------------------------------------------------------------------------------------------------------------------------------------------------------------------------------------------------------------------------------------------------------------------------------------------------------------------------------------------------------------------------------------------------------------------------------------------------------------------------------------------------------------------------------------------------------------------------------------------------------------------------------------------------------------------------------------------------------------------------------------------------------------------------------------------------------------------------------------------------------------------------------------------------------------------------------------------------------------------------------------------------------------------------------------------------------------------------------------------------------------------------------------------------------------------------------------------------------------------------------------------------------------------------------------------------------------------------------------------------------------------------------------------------------------------------------------------------------------------------------------------------------------------------------------------------------------------------------------------------------------------------------------------------------------------------------------------------------------------------------------------------------------------------------------------------------------------------------------------------------------------------------------------------------------------------------------------------------------------------------------------------------------------------------------------------------------------------------------------------------------------------------------------------------------------------------------------------------------------------------------------------------------------------------------------------------------------------------------------------------------------------------------------------------------------------------------------------------------------------------------------------------------------------------------------------------------------------------------------------------------------------------------------------------------------------------------------------------------------------------------------------------------------------------------------------------------------------------------------------------------------------------------------------------------------------------------------------------------------------------------------------------------------------------------------------------------------------------------------------------------------------------------------------------------------------------------------------------------------------------------------------------------------------------------------------------------------------------------------------------------------------------------------------------------------------------------------------------------------------------------------------------------------------------------------------------------------------------------------------------------------------------------------------------------------------------------------------------------------------------------------------------------------------------------------------------------------------------------------------------------------------------------------------------------------------------------------------------------------------------------------------------------------------------------------------------------------------------------------------------------------------------------------------------------------------------------------------------------------------------------------------------------------------------------------------------------------------------------------------------------------------------------------------------------------------------------------------------------------------------------------------------------------------------------------------------------------------------------------------------------------------------------------------------------------------------------------------------------------------------------------------------------------------------------------------------------------------------------------------------------------------------------------------------------------------------------------------------------------------------------------------------------------------------------------------------------------------------------------------------------------------------------------------------------------------------------------------------------------------------------------------------------------------------------------------------------------------------------------------------------------------------------------------------------------------------------------------------------------------------------------------------------------------------------------------------------------------------------------------------------------------------------------------------------------------------------------------------------------------------------------------------------------------------------------------------------------------------------------------------------------------------------------------------------------------------------------------------------------------------------------------------------------------------------------------------------------------------------------------------------------------------------------------------------------------------------------------------------------------------------------------------------------------------------------------------------------------------------------------------------------------------------------------------------------------------------------------------------------------------------------------------------------------------------------------------------------------------------------------------------------------------------------------------------------------------------------------------------------------------------------------------------------------------------------------------------------------------------------------------------------------------------------------------------------------------------------------------------------------------------------------------------------------------------------------------------------------------------------------------------------------------------------------------------------------------------------------------------------------------------------------------------------------------------------------------------------------------------------------------------------------------------------------------------------------------------------------------------------------------------------------------------------------------------------------------------------------------------------------------------------------------------------------------------------------------------------------------------------------------------------------------------------------------------------------------------------------------------------------------------------------------------------------------------------------------------------------------------------------------------------------------------------------------------------------------------------------------------------------------------------------------------------------------------------------------------------------------------------------------------------------------------------------------------------------------------------------------------------------------------------------------------------------------------------------------------------------------------------------------------------------------------------------------------------------------------------------------------------------------------------------------------------------------------------------------------------------------------------------------------------------------------------------------------------------------------------------------------------------------------------------------------------------------------------------------------------------------------------------------------------------------------------------------------------------------------------------------------------------------------------------------------------------------------------------------------------------------------------------------------------------------------------------------------------------------------------------------------------------------------------------------------------------------------------------------------------------------------------------------------------------------------------------------------------------------------------------------------------------------------------------------------------------------------------------------------------------------------------------------------------------------------------------------------------------------------------------------------------------------------------------------------------------------------------------------------------------------------------------------------------------------------------------------------------------------------------------------------------------------------------------------------------------------------------------------------------------------------------------------------------------------------------------------------------------------------------------------------------------------------------------------------------------------------------------------------------------------------------------------------------------------------------------------------------------------------------------------------------------------------------------------------------------------------------------------------------------------------------------------------------------------------------------------------------------------------------------------------------------------------------------------------------------------------------------------------------------------------------------------------------------------------------------------------------------------------------------------------------------------------------------------------------------------------------------------------------------------------------------------------------------------------------------------------------------------------------------------------------------------------------------------------------------------------------------------------------------------------------------------------------------------------------------------------------------------------------------------------------------------------------------------------------------------------------------------------------------------------------------------------------------------------------------------------------------------------------------------------------------------------------------------------------------------------------------------------------------------------------------------------------------------------------------------------------------------------------------------------------------------------------------------------------------------------------------------------------------------------------------------------------------------------------------------------------------------------------------------------------------------------------------------------------------------------------------------------------------------------------------------------------------------------------------------------------------------------------------------------------------------------------------------------------------------------------------------------------------------------------------------------------------------------------------------------------------------------------------------------------------------------------------------------------------------------------------------------------------------------------------------------------------------------------------------------------------------------------------------------------------------------------------------------------------------------------------------------------------------------------------------------------------------------------------------------------------------------------------------------------------------------------------------------------------------------------------------------------------------------------------------------------------------------------------------------------------------------------------------------------------------------------------------------------------------------------------------------------------------------------------------------------------------------------------------------------------------------------------------------------------------------------------------------------------------------------------------------------------------------------------------------------------------------------------------------------------------------------------------------------------------------------------------------------------------------------------------------------------------------------------------------------------------------------------------------------------------------------------------------------------------------------------------------------------------------------------------------------------------------------------------------------------------------------------------------------------------------------------------------------------------------------------------------------------------------------------------------------------------------------------------------------------------------------------------------------------------------------------------------------------------------------------------------------------------------------------------------------------------------------------------------------------------------------------------------------------------------------------------------------------------------------------------------------------------------------------------------------------------------------------------------------------------------------------------------------------------------------------------------------------------------------------------------------------------------------------------------------------------------------------------------------------------------------------------------------------------------------------------------------------------------------------------------------------------------------------------------------------------------------------------------------------------------------------------------------------------------------------------------------------------------------------------------------------------------------------------------------------------------------------------------------------------------------------------------------------------------------------------------------------------------------------------------------------------------------------------------------------------------------------------------------------------------------------------------------------------------------------------------------------------------------------------------------------------------------------------------------------------------------------------------------------------------------------------------------------------------------------------------------------------------------------------------------------------------------------------------------------------------------------------------------------------------------------------------------------------------------------------------------------------------------------------------------------------------------------------------------------------------------------------------------------------------------------------------------------------------------------------------------------------------------------------------------------------------------------------------------------------------------------------------------------------------------------------------------------------------------------------------------------------------------------------------------------------------------------------------------------------------------------------------------------------------------------------------------------------------------------------------------------------------------------------------------------------------------------------------------------------------------------------------------------------------------------------------------------------------------------------------------------------------------------------------------------------------------------------------------------------------------------------------------------------------------------------------------------------------------------------------------------------------------------------------------------------------------------------------------------------------------------------------------------------------------------------------------------------------------------------------------------------------------------------------------------------------------------------------------------------------------------------------------------------------------------------------------------------------------------------------------------------------------------------------------------------------------------------------------------------------------------------------------------------------------------------------------------------------------------------------------------------------------------------------------------------------------------------------------------------------------------------------------------------------------------------------------------------------------------------------------------------------------------------------------------------------------------------------------------------------------------------------------------------------------------------------------------------------------------------------------------------------------------------------------------------------------------------------------------------------------------------------------------------------------------------------------------------------------------------------------------------------------------------------------------------------------------------------------------------------------------------------------------------------------------------------------------------------------------------------------------------------------------------------------------------------------------------------------------------------------------------------------------------------------------------------------------------------------------------------------------------------------------------------------------------------------------------------------------------------------------------------------------------------------------------------------------------------------------------------------------------------------------------------------------------------------------------------------------------------------------------------------------------------------------------------------------------------------------------------------------------------------------------------------------------------------------------------------------------------------------------------------------------------------------------------------------------------------------------------------------------------------------------------------------------------------------------------------------------------------------------------------------------------------------------------------------------------------------------------------------------------+---------------------+-----------------+-----------------+----------+------------------------+----------------------------------+
Note: Fitter may spread logical memories into multiple blocks to improve timing. The actual required RAM blocks can be found in the Fitter Resource Usage section.


+----------------------------------------------------------------------------------------------------------------------------------------------------------------------------------------------------------------------------------------+
; Fitter Physical RAM Information                                                                                                                                                                                                        ;
+-----------------------+-------------------------+-------------------------------+------------------------------------------------------------------------------------------------------------------------------------------------------+
; Physical RAM Location ; Physical RAM Usage Bits ; Physical RAM Usage Percentage ; Logical RAM Name                                                                                                                                     ;
+-----------------------+-------------------------+-------------------------------+------------------------------------------------------------------------------------------------------------------------------------------------------+
; M20K_X108_Y11_N0      ; 512                     ; 2.5                           ; u0|jtag_uart|altera_avalon_jtag_uart_inst|the_jtag_uart_altera_avalon_jtag_uart_1924_dwkezqq_scfifo_w|wfifo|auto_generated|dpfifo|FIFOram|ALTSYNCRAM ;
; M20K_X108_Y26_N0      ; 512                     ; 2.5                           ; u0|jtag_uart|altera_avalon_jtag_uart_inst|the_jtag_uart_altera_avalon_jtag_uart_1924_dwkezqq_scfifo_r|rfifo|auto_generated|dpfifo|FIFOram|ALTSYNCRAM ;
; M20K_X90_Y24_N0       ; 1024                    ; 5.0                           ; u0|cpu|intel_niosv_g_inst|hart|core_inst|gp_reg_file_inst|reg_file_a|ram_no_ecc.data_ram|auto_generated|ALTSYNCRAM                                   ;
; M20K_X90_Y25_N0       ; 1024                    ; 5.0                           ; u0|cpu|intel_niosv_g_inst|hart|core_inst|gp_reg_file_inst|reg_file_b|ram_no_ecc.data_ram|auto_generated|ALTSYNCRAM                                   ;
; M20K_X90_Y26_N0       ; 2816                    ; 13.8                          ; u0|cpu|intel_niosv_g_inst|hart|core_inst|lsu_inst|dcache_tag_ram|ram_no_ecc.data_ram|auto_generated|ALTSYNCRAM                                       ;
; M20K_X108_Y28_N0      ; 3072                    ; 15.0                          ; u0|cpu|intel_niosv_g_inst|hart|core_inst|icache_inst|icache_tag_ram|ram_no_ecc.data_ram|auto_generated|ALTSYNCRAM                                    ;
; M20K_X102_Y29_N0      ; 12288                   ; 60.0                          ; u0|cpu|intel_niosv_g_inst|hart|core_inst|icache_inst|icache_iram|ram_no_ecc.data_ram|auto_generated|ALTSYNCRAM                                       ;
; M20K_X102_Y100_N0     ; 16384                   ; 80.0                          ; u0|ram|intel_onchip_memory_0|altera_syncram_component|auto_generated|altsyncram1|ALTSYNCRAM                                                          ;
; M20K_X102_Y101_N0     ; 16384                   ; 80.0                          ; u0|ram|intel_onchip_memory_0|altera_syncram_component|auto_generated|altsyncram1|ALTSYNCRAM                                                          ;
; M20K_X102_Y102_N0     ; 16384                   ; 80.0                          ; u0|ram|intel_onchip_memory_0|altera_syncram_component|auto_generated|altsyncram1|ALTSYNCRAM                                                          ;
; M20K_X102_Y103_N0     ; 16384                   ; 80.0                          ; u0|ram|intel_onchip_memory_0|altera_syncram_component|auto_generated|altsyncram1|ALTSYNCRAM                                                          ;
; M20K_X102_Y104_N0     ; 16384                   ; 80.0                          ; u0|ram|intel_onchip_memory_0|altera_syncram_component|auto_generated|altsyncram1|ALTSYNCRAM                                                          ;
; M20K_X102_Y105_N0     ; 16384                   ; 80.0                          ; u0|ram|intel_onchip_memory_0|altera_syncram_component|auto_generated|altsyncram1|ALTSYNCRAM                                                          ;
; M20K_X102_Y106_N0     ; 16384                   ; 80.0                          ; u0|ram|intel_onchip_memory_0|altera_syncram_component|auto_generated|altsyncram1|ALTSYNCRAM                                                          ;
; M20K_X102_Y107_N0     ; 16384                   ; 80.0                          ; u0|ram|intel_onchip_memory_0|altera_syncram_component|auto_generated|altsyncram1|ALTSYNCRAM                                                          ;
; M20K_X102_Y108_N0     ; 16384                   ; 80.0                          ; u0|ram|intel_onchip_memory_0|altera_syncram_component|auto_generated|altsyncram1|ALTSYNCRAM                                                          ;
; M20K_X102_Y109_N0     ; 16384                   ; 80.0                          ; u0|ram|intel_onchip_memory_0|altera_syncram_component|auto_generated|altsyncram1|ALTSYNCRAM                                                          ;
; M20K_X102_Y10_N0      ; 16384                   ; 80.0                          ; u0|ram|intel_onchip_memory_0|altera_syncram_component|auto_generated|altsyncram1|ALTSYNCRAM                                                          ;
; M20K_X102_Y110_N0     ; 16384                   ; 80.0                          ; u0|ram|intel_onchip_memory_0|altera_syncram_component|auto_generated|altsyncram1|ALTSYNCRAM                                                          ;
; M20K_X102_Y111_N0     ; 16384                   ; 80.0                          ; u0|ram|intel_onchip_memory_0|altera_syncram_component|auto_generated|altsyncram1|ALTSYNCRAM                                                          ;
; M20K_X102_Y112_N0     ; 16384                   ; 80.0                          ; u0|ram|intel_onchip_memory_0|altera_syncram_component|auto_generated|altsyncram1|ALTSYNCRAM                                                          ;
; M20K_X102_Y113_N0     ; 16384                   ; 80.0                          ; u0|ram|intel_onchip_memory_0|altera_syncram_component|auto_generated|altsyncram1|ALTSYNCRAM                                                          ;
; M20K_X102_Y114_N0     ; 16384                   ; 80.0                          ; u0|ram|intel_onchip_memory_0|altera_syncram_component|auto_generated|altsyncram1|ALTSYNCRAM                                                          ;
; M20K_X102_Y115_N0     ; 16384                   ; 80.0                          ; u0|ram|intel_onchip_memory_0|altera_syncram_component|auto_generated|altsyncram1|ALTSYNCRAM                                                          ;
; M20K_X102_Y116_N0     ; 16384                   ; 80.0                          ; u0|ram|intel_onchip_memory_0|altera_syncram_component|auto_generated|altsyncram1|ALTSYNCRAM                                                          ;
; M20K_X102_Y117_N0     ; 16384                   ; 80.0                          ; u0|ram|intel_onchip_memory_0|altera_syncram_component|auto_generated|altsyncram1|ALTSYNCRAM                                                          ;
; M20K_X102_Y118_N0     ; 16384                   ; 80.0                          ; u0|ram|intel_onchip_memory_0|altera_syncram_component|auto_generated|altsyncram1|ALTSYNCRAM                                                          ;
; M20K_X102_Y119_N0     ; 16384                   ; 80.0                          ; u0|ram|intel_onchip_memory_0|altera_syncram_component|auto_generated|altsyncram1|ALTSYNCRAM                                                          ;
; M20K_X102_Y11_N0      ; 16384                   ; 80.0                          ; u0|ram|intel_onchip_memory_0|altera_syncram_component|auto_generated|altsyncram1|ALTSYNCRAM                                                          ;
; M20K_X102_Y120_N0     ; 16384                   ; 80.0                          ; u0|ram|intel_onchip_memory_0|altera_syncram_component|auto_generated|altsyncram1|ALTSYNCRAM                                                          ;
; M20K_X102_Y121_N0     ; 16384                   ; 80.0                          ; u0|ram|intel_onchip_memory_0|altera_syncram_component|auto_generated|altsyncram1|ALTSYNCRAM                                                          ;
; M20K_X102_Y122_N0     ; 16384                   ; 80.0                          ; u0|ram|intel_onchip_memory_0|altera_syncram_component|auto_generated|altsyncram1|ALTSYNCRAM                                                          ;
; M20K_X102_Y123_N0     ; 16384                   ; 80.0                          ; u0|ram|intel_onchip_memory_0|altera_syncram_component|auto_generated|altsyncram1|ALTSYNCRAM                                                          ;
; M20K_X102_Y124_N0     ; 16384                   ; 80.0                          ; u0|ram|intel_onchip_memory_0|altera_syncram_component|auto_generated|altsyncram1|ALTSYNCRAM                                                          ;
; M20K_X102_Y125_N0     ; 16384                   ; 80.0                          ; u0|ram|intel_onchip_memory_0|altera_syncram_component|auto_generated|altsyncram1|ALTSYNCRAM                                                          ;
; M20K_X102_Y126_N0     ; 16384                   ; 80.0                          ; u0|ram|intel_onchip_memory_0|altera_syncram_component|auto_generated|altsyncram1|ALTSYNCRAM                                                          ;
; M20K_X102_Y127_N0     ; 16384                   ; 80.0                          ; u0|ram|intel_onchip_memory_0|altera_syncram_component|auto_generated|altsyncram1|ALTSYNCRAM                                                          ;
; M20K_X102_Y128_N0     ; 16384                   ; 80.0                          ; u0|ram|intel_onchip_memory_0|altera_syncram_component|auto_generated|altsyncram1|ALTSYNCRAM                                                          ;
; M20K_X102_Y129_N0     ; 16384                   ; 80.0                          ; u0|ram|intel_onchip_memory_0|altera_syncram_component|auto_generated|altsyncram1|ALTSYNCRAM                                                          ;
; M20K_X102_Y12_N0      ; 16384                   ; 80.0                          ; u0|ram|intel_onchip_memory_0|altera_syncram_component|auto_generated|altsyncram1|ALTSYNCRAM                                                          ;
; M20K_X102_Y130_N0     ; 16384                   ; 80.0                          ; u0|ram|intel_onchip_memory_0|altera_syncram_component|auto_generated|altsyncram1|ALTSYNCRAM                                                          ;
; M20K_X102_Y131_N0     ; 16384                   ; 80.0                          ; u0|ram|intel_onchip_memory_0|altera_syncram_component|auto_generated|altsyncram1|ALTSYNCRAM                                                          ;
; M20K_X102_Y132_N0     ; 16384                   ; 80.0                          ; u0|ram|intel_onchip_memory_0|altera_syncram_component|auto_generated|altsyncram1|ALTSYNCRAM                                                          ;
; M20K_X102_Y133_N0     ; 16384                   ; 80.0                          ; u0|ram|intel_onchip_memory_0|altera_syncram_component|auto_generated|altsyncram1|ALTSYNCRAM                                                          ;
; M20K_X102_Y134_N0     ; 16384                   ; 80.0                          ; u0|ram|intel_onchip_memory_0|altera_syncram_component|auto_generated|altsyncram1|ALTSYNCRAM                                                          ;
; M20K_X102_Y135_N0     ; 16384                   ; 80.0                          ; u0|ram|intel_onchip_memory_0|altera_syncram_component|auto_generated|altsyncram1|ALTSYNCRAM                                                          ;
; M20K_X102_Y136_N0     ; 16384                   ; 80.0                          ; u0|ram|intel_onchip_memory_0|altera_syncram_component|auto_generated|altsyncram1|ALTSYNCRAM                                                          ;
; M20K_X102_Y137_N0     ; 16384                   ; 80.0                          ; u0|ram|intel_onchip_memory_0|altera_syncram_component|auto_generated|altsyncram1|ALTSYNCRAM                                                          ;
; M20K_X102_Y138_N0     ; 16384                   ; 80.0                          ; u0|ram|intel_onchip_memory_0|altera_syncram_component|auto_generated|altsyncram1|ALTSYNCRAM                                                          ;
; M20K_X102_Y139_N0     ; 16384                   ; 80.0                          ; u0|ram|intel_onchip_memory_0|altera_syncram_component|auto_generated|altsyncram1|ALTSYNCRAM                                                          ;
; M20K_X102_Y13_N0      ; 16384                   ; 80.0                          ; u0|ram|intel_onchip_memory_0|altera_syncram_component|auto_generated|altsyncram1|ALTSYNCRAM                                                          ;
; M20K_X102_Y140_N0     ; 16384                   ; 80.0                          ; u0|ram|intel_onchip_memory_0|altera_syncram_component|auto_generated|altsyncram1|ALTSYNCRAM                                                          ;
; M20K_X102_Y141_N0     ; 16384                   ; 80.0                          ; u0|ram|intel_onchip_memory_0|altera_syncram_component|auto_generated|altsyncram1|ALTSYNCRAM                                                          ;
; M20K_X102_Y142_N0     ; 16384                   ; 80.0                          ; u0|ram|intel_onchip_memory_0|altera_syncram_component|auto_generated|altsyncram1|ALTSYNCRAM                                                          ;
; M20K_X102_Y143_N0     ; 16384                   ; 80.0                          ; u0|ram|intel_onchip_memory_0|altera_syncram_component|auto_generated|altsyncram1|ALTSYNCRAM                                                          ;
; M20K_X102_Y144_N0     ; 16384                   ; 80.0                          ; u0|ram|intel_onchip_memory_0|altera_syncram_component|auto_generated|altsyncram1|ALTSYNCRAM                                                          ;
; M20K_X102_Y145_N0     ; 16384                   ; 80.0                          ; u0|ram|intel_onchip_memory_0|altera_syncram_component|auto_generated|altsyncram1|ALTSYNCRAM                                                          ;
; M20K_X102_Y146_N0     ; 16384                   ; 80.0                          ; u0|ram|intel_onchip_memory_0|altera_syncram_component|auto_generated|altsyncram1|ALTSYNCRAM                                                          ;
; M20K_X102_Y147_N0     ; 16384                   ; 80.0                          ; u0|ram|intel_onchip_memory_0|altera_syncram_component|auto_generated|altsyncram1|ALTSYNCRAM                                                          ;
; M20K_X102_Y148_N0     ; 16384                   ; 80.0                          ; u0|ram|intel_onchip_memory_0|altera_syncram_component|auto_generated|altsyncram1|ALTSYNCRAM                                                          ;
; M20K_X102_Y149_N0     ; 16384                   ; 80.0                          ; u0|ram|intel_onchip_memory_0|altera_syncram_component|auto_generated|altsyncram1|ALTSYNCRAM                                                          ;
; M20K_X102_Y14_N0      ; 16384                   ; 80.0                          ; u0|ram|intel_onchip_memory_0|altera_syncram_component|auto_generated|altsyncram1|ALTSYNCRAM                                                          ;
; M20K_X102_Y150_N0     ; 16384                   ; 80.0                          ; u0|ram|intel_onchip_memory_0|altera_syncram_component|auto_generated|altsyncram1|ALTSYNCRAM                                                          ;
; M20K_X102_Y151_N0     ; 16384                   ; 80.0                          ; u0|ram|intel_onchip_memory_0|altera_syncram_component|auto_generated|altsyncram1|ALTSYNCRAM                                                          ;
; M20K_X102_Y152_N0     ; 16384                   ; 80.0                          ; u0|ram|intel_onchip_memory_0|altera_syncram_component|auto_generated|altsyncram1|ALTSYNCRAM                                                          ;
; M20K_X102_Y153_N0     ; 16384                   ; 80.0                          ; u0|ram|intel_onchip_memory_0|altera_syncram_component|auto_generated|altsyncram1|ALTSYNCRAM                                                          ;
; M20K_X102_Y154_N0     ; 16384                   ; 80.0                          ; u0|ram|intel_onchip_memory_0|altera_syncram_component|auto_generated|altsyncram1|ALTSYNCRAM                                                          ;
; M20K_X102_Y155_N0     ; 16384                   ; 80.0                          ; u0|ram|intel_onchip_memory_0|altera_syncram_component|auto_generated|altsyncram1|ALTSYNCRAM                                                          ;
; M20K_X102_Y156_N0     ; 16384                   ; 80.0                          ; u0|ram|intel_onchip_memory_0|altera_syncram_component|auto_generated|altsyncram1|ALTSYNCRAM                                                          ;
; M20K_X102_Y157_N0     ; 16384                   ; 80.0                          ; u0|ram|intel_onchip_memory_0|altera_syncram_component|auto_generated|altsyncram1|ALTSYNCRAM                                                          ;
; M20K_X102_Y158_N0     ; 16384                   ; 80.0                          ; u0|ram|intel_onchip_memory_0|altera_syncram_component|auto_generated|altsyncram1|ALTSYNCRAM                                                          ;
; M20K_X102_Y159_N0     ; 16384                   ; 80.0                          ; u0|ram|intel_onchip_memory_0|altera_syncram_component|auto_generated|altsyncram1|ALTSYNCRAM                                                          ;
; M20K_X102_Y15_N0      ; 16384                   ; 80.0                          ; u0|ram|intel_onchip_memory_0|altera_syncram_component|auto_generated|altsyncram1|ALTSYNCRAM                                                          ;
; M20K_X102_Y160_N0     ; 16384                   ; 80.0                          ; u0|ram|intel_onchip_memory_0|altera_syncram_component|auto_generated|altsyncram1|ALTSYNCRAM                                                          ;
; M20K_X102_Y161_N0     ; 16384                   ; 80.0                          ; u0|ram|intel_onchip_memory_0|altera_syncram_component|auto_generated|altsyncram1|ALTSYNCRAM                                                          ;
; M20K_X102_Y162_N0     ; 16384                   ; 80.0                          ; u0|ram|intel_onchip_memory_0|altera_syncram_component|auto_generated|altsyncram1|ALTSYNCRAM                                                          ;
; M20K_X102_Y163_N0     ; 16384                   ; 80.0                          ; u0|ram|intel_onchip_memory_0|altera_syncram_component|auto_generated|altsyncram1|ALTSYNCRAM                                                          ;
; M20K_X102_Y164_N0     ; 16384                   ; 80.0                          ; u0|ram|intel_onchip_memory_0|altera_syncram_component|auto_generated|altsyncram1|ALTSYNCRAM                                                          ;
; M20K_X102_Y165_N0     ; 16384                   ; 80.0                          ; u0|ram|intel_onchip_memory_0|altera_syncram_component|auto_generated|altsyncram1|ALTSYNCRAM                                                          ;
; M20K_X102_Y166_N0     ; 16384                   ; 80.0                          ; u0|ram|intel_onchip_memory_0|altera_syncram_component|auto_generated|altsyncram1|ALTSYNCRAM                                                          ;
; M20K_X102_Y167_N0     ; 16384                   ; 80.0                          ; u0|ram|intel_onchip_memory_0|altera_syncram_component|auto_generated|altsyncram1|ALTSYNCRAM                                                          ;
; M20K_X102_Y16_N0      ; 16384                   ; 80.0                          ; u0|ram|intel_onchip_memory_0|altera_syncram_component|auto_generated|altsyncram1|ALTSYNCRAM                                                          ;
; M20K_X102_Y17_N0      ; 16384                   ; 80.0                          ; u0|ram|intel_onchip_memory_0|altera_syncram_component|auto_generated|altsyncram1|ALTSYNCRAM                                                          ;
; M20K_X102_Y18_N0      ; 16384                   ; 80.0                          ; u0|ram|intel_onchip_memory_0|altera_syncram_component|auto_generated|altsyncram1|ALTSYNCRAM                                                          ;
; M20K_X102_Y19_N0      ; 16384                   ; 80.0                          ; u0|ram|intel_onchip_memory_0|altera_syncram_component|auto_generated|altsyncram1|ALTSYNCRAM                                                          ;
; M20K_X102_Y1_N0       ; 16384                   ; 80.0                          ; u0|ram|intel_onchip_memory_0|altera_syncram_component|auto_generated|altsyncram1|ALTSYNCRAM                                                          ;
; M20K_X102_Y20_N0      ; 16384                   ; 80.0                          ; u0|ram|intel_onchip_memory_0|altera_syncram_component|auto_generated|altsyncram1|ALTSYNCRAM                                                          ;
; M20K_X102_Y21_N0      ; 16384                   ; 80.0                          ; u0|ram|intel_onchip_memory_0|altera_syncram_component|auto_generated|altsyncram1|ALTSYNCRAM                                                          ;
; M20K_X102_Y22_N0      ; 16384                   ; 80.0                          ; u0|ram|intel_onchip_memory_0|altera_syncram_component|auto_generated|altsyncram1|ALTSYNCRAM                                                          ;
; M20K_X102_Y23_N0      ; 16384                   ; 80.0                          ; u0|ram|intel_onchip_memory_0|altera_syncram_component|auto_generated|altsyncram1|ALTSYNCRAM                                                          ;
; M20K_X102_Y24_N0      ; 16384                   ; 80.0                          ; u0|ram|intel_onchip_memory_0|altera_syncram_component|auto_generated|altsyncram1|ALTSYNCRAM                                                          ;
; M20K_X102_Y25_N0      ; 16384                   ; 80.0                          ; u0|ram|intel_onchip_memory_0|altera_syncram_component|auto_generated|altsyncram1|ALTSYNCRAM                                                          ;
; M20K_X102_Y26_N0      ; 16384                   ; 80.0                          ; u0|ram|intel_onchip_memory_0|altera_syncram_component|auto_generated|altsyncram1|ALTSYNCRAM                                                          ;
; M20K_X102_Y27_N0      ; 16384                   ; 80.0                          ; u0|ram|intel_onchip_memory_0|altera_syncram_component|auto_generated|altsyncram1|ALTSYNCRAM                                                          ;
; M20K_X102_Y28_N0      ; 16384                   ; 80.0                          ; u0|ram|intel_onchip_memory_0|altera_syncram_component|auto_generated|altsyncram1|ALTSYNCRAM                                                          ;
; M20K_X102_Y2_N0       ; 16384                   ; 80.0                          ; u0|ram|intel_onchip_memory_0|altera_syncram_component|auto_generated|altsyncram1|ALTSYNCRAM                                                          ;
; M20K_X102_Y31_N0      ; 16384                   ; 80.0                          ; u0|ram|intel_onchip_memory_0|altera_syncram_component|auto_generated|altsyncram1|ALTSYNCRAM                                                          ;
; M20K_X102_Y32_N0      ; 16384                   ; 80.0                          ; u0|cpu|intel_niosv_g_inst|hart|core_inst|lsu_inst|dcache_data_inst|ram_no_ecc.data_ram|auto_generated|ALTSYNCRAM                                     ;
; M20K_X102_Y33_N0      ; 16384                   ; 80.0                          ; u0|cpu|intel_niosv_g_inst|hart|core_inst|lsu_inst|dcache_data_inst|ram_no_ecc.data_ram|auto_generated|ALTSYNCRAM                                     ;
; M20K_X102_Y34_N0      ; 16384                   ; 80.0                          ; u0|ram|intel_onchip_memory_0|altera_syncram_component|auto_generated|altsyncram1|ALTSYNCRAM                                                          ;
; M20K_X102_Y35_N0      ; 16384                   ; 80.0                          ; u0|ram|intel_onchip_memory_0|altera_syncram_component|auto_generated|altsyncram1|ALTSYNCRAM                                                          ;
; M20K_X102_Y36_N0      ; 16384                   ; 80.0                          ; u0|ram|intel_onchip_memory_0|altera_syncram_component|auto_generated|altsyncram1|ALTSYNCRAM                                                          ;
; M20K_X102_Y37_N0      ; 16384                   ; 80.0                          ; u0|ram|intel_onchip_memory_0|altera_syncram_component|auto_generated|altsyncram1|ALTSYNCRAM                                                          ;
; M20K_X102_Y38_N0      ; 16384                   ; 80.0                          ; u0|ram|intel_onchip_memory_0|altera_syncram_component|auto_generated|altsyncram1|ALTSYNCRAM                                                          ;
; M20K_X102_Y39_N0      ; 16384                   ; 80.0                          ; u0|ram|intel_onchip_memory_0|altera_syncram_component|auto_generated|altsyncram1|ALTSYNCRAM                                                          ;
; M20K_X102_Y3_N0       ; 16384                   ; 80.0                          ; u0|ram|intel_onchip_memory_0|altera_syncram_component|auto_generated|altsyncram1|ALTSYNCRAM                                                          ;
; M20K_X102_Y40_N0      ; 16384                   ; 80.0                          ; u0|ram|intel_onchip_memory_0|altera_syncram_component|auto_generated|altsyncram1|ALTSYNCRAM                                                          ;
; M20K_X102_Y41_N0      ; 16384                   ; 80.0                          ; u0|ram|intel_onchip_memory_0|altera_syncram_component|auto_generated|altsyncram1|ALTSYNCRAM                                                          ;
; M20K_X102_Y42_N0      ; 16384                   ; 80.0                          ; u0|ram|intel_onchip_memory_0|altera_syncram_component|auto_generated|altsyncram1|ALTSYNCRAM                                                          ;
; M20K_X102_Y43_N0      ; 16384                   ; 80.0                          ; u0|ram|intel_onchip_memory_0|altera_syncram_component|auto_generated|altsyncram1|ALTSYNCRAM                                                          ;
; M20K_X102_Y44_N0      ; 16384                   ; 80.0                          ; u0|ram|intel_onchip_memory_0|altera_syncram_component|auto_generated|altsyncram1|ALTSYNCRAM                                                          ;
; M20K_X102_Y45_N0      ; 16384                   ; 80.0                          ; u0|ram|intel_onchip_memory_0|altera_syncram_component|auto_generated|altsyncram1|ALTSYNCRAM                                                          ;
; M20K_X102_Y46_N0      ; 16384                   ; 80.0                          ; u0|ram|intel_onchip_memory_0|altera_syncram_component|auto_generated|altsyncram1|ALTSYNCRAM                                                          ;
; M20K_X102_Y47_N0      ; 16384                   ; 80.0                          ; u0|ram|intel_onchip_memory_0|altera_syncram_component|auto_generated|altsyncram1|ALTSYNCRAM                                                          ;
; M20K_X102_Y48_N0      ; 16384                   ; 80.0                          ; u0|ram|intel_onchip_memory_0|altera_syncram_component|auto_generated|altsyncram1|ALTSYNCRAM                                                          ;
; M20K_X102_Y49_N0      ; 16384                   ; 80.0                          ; u0|ram|intel_onchip_memory_0|altera_syncram_component|auto_generated|altsyncram1|ALTSYNCRAM                                                          ;
; M20K_X102_Y4_N0       ; 16384                   ; 80.0                          ; u0|ram|intel_onchip_memory_0|altera_syncram_component|auto_generated|altsyncram1|ALTSYNCRAM                                                          ;
; M20K_X102_Y50_N0      ; 16384                   ; 80.0                          ; u0|ram|intel_onchip_memory_0|altera_syncram_component|auto_generated|altsyncram1|ALTSYNCRAM                                                          ;
; M20K_X102_Y51_N0      ; 16384                   ; 80.0                          ; u0|ram|intel_onchip_memory_0|altera_syncram_component|auto_generated|altsyncram1|ALTSYNCRAM                                                          ;
; M20K_X102_Y52_N0      ; 16384                   ; 80.0                          ; u0|ram|intel_onchip_memory_0|altera_syncram_component|auto_generated|altsyncram1|ALTSYNCRAM                                                          ;
; M20K_X102_Y53_N0      ; 16384                   ; 80.0                          ; u0|ram|intel_onchip_memory_0|altera_syncram_component|auto_generated|altsyncram1|ALTSYNCRAM                                                          ;
; M20K_X102_Y54_N0      ; 16384                   ; 80.0                          ; u0|ram|intel_onchip_memory_0|altera_syncram_component|auto_generated|altsyncram1|ALTSYNCRAM                                                          ;
; M20K_X102_Y55_N0      ; 16384                   ; 80.0                          ; u0|ram|intel_onchip_memory_0|altera_syncram_component|auto_generated|altsyncram1|ALTSYNCRAM                                                          ;
; M20K_X102_Y56_N0      ; 16384                   ; 80.0                          ; u0|ram|intel_onchip_memory_0|altera_syncram_component|auto_generated|altsyncram1|ALTSYNCRAM                                                          ;
; M20K_X102_Y57_N0      ; 16384                   ; 80.0                          ; u0|ram|intel_onchip_memory_0|altera_syncram_component|auto_generated|altsyncram1|ALTSYNCRAM                                                          ;
; M20K_X102_Y58_N0      ; 16384                   ; 80.0                          ; u0|ram|intel_onchip_memory_0|altera_syncram_component|auto_generated|altsyncram1|ALTSYNCRAM                                                          ;
; M20K_X102_Y59_N0      ; 16384                   ; 80.0                          ; u0|ram|intel_onchip_memory_0|altera_syncram_component|auto_generated|altsyncram1|ALTSYNCRAM                                                          ;
; M20K_X102_Y5_N0       ; 16384                   ; 80.0                          ; u0|ram|intel_onchip_memory_0|altera_syncram_component|auto_generated|altsyncram1|ALTSYNCRAM                                                          ;
; M20K_X102_Y60_N0      ; 16384                   ; 80.0                          ; u0|ram|intel_onchip_memory_0|altera_syncram_component|auto_generated|altsyncram1|ALTSYNCRAM                                                          ;
; M20K_X102_Y61_N0      ; 16384                   ; 80.0                          ; u0|ram|intel_onchip_memory_0|altera_syncram_component|auto_generated|altsyncram1|ALTSYNCRAM                                                          ;
; M20K_X102_Y62_N0      ; 16384                   ; 80.0                          ; u0|ram|intel_onchip_memory_0|altera_syncram_component|auto_generated|altsyncram1|ALTSYNCRAM                                                          ;
; M20K_X102_Y63_N0      ; 16384                   ; 80.0                          ; u0|ram|intel_onchip_memory_0|altera_syncram_component|auto_generated|altsyncram1|ALTSYNCRAM                                                          ;
; M20K_X102_Y64_N0      ; 16384                   ; 80.0                          ; u0|ram|intel_onchip_memory_0|altera_syncram_component|auto_generated|altsyncram1|ALTSYNCRAM                                                          ;
; M20K_X102_Y65_N0      ; 16384                   ; 80.0                          ; u0|ram|intel_onchip_memory_0|altera_syncram_component|auto_generated|altsyncram1|ALTSYNCRAM                                                          ;
; M20K_X102_Y66_N0      ; 16384                   ; 80.0                          ; u0|ram|intel_onchip_memory_0|altera_syncram_component|auto_generated|altsyncram1|ALTSYNCRAM                                                          ;
; M20K_X102_Y67_N0      ; 16384                   ; 80.0                          ; u0|ram|intel_onchip_memory_0|altera_syncram_component|auto_generated|altsyncram1|ALTSYNCRAM                                                          ;
; M20K_X102_Y68_N0      ; 16384                   ; 80.0                          ; u0|ram|intel_onchip_memory_0|altera_syncram_component|auto_generated|altsyncram1|ALTSYNCRAM                                                          ;
; M20K_X102_Y69_N0      ; 16384                   ; 80.0                          ; u0|ram|intel_onchip_memory_0|altera_syncram_component|auto_generated|altsyncram1|ALTSYNCRAM                                                          ;
; M20K_X102_Y6_N0       ; 16384                   ; 80.0                          ; u0|ram|intel_onchip_memory_0|altera_syncram_component|auto_generated|altsyncram1|ALTSYNCRAM                                                          ;
; M20K_X102_Y70_N0      ; 16384                   ; 80.0                          ; u0|ram|intel_onchip_memory_0|altera_syncram_component|auto_generated|altsyncram1|ALTSYNCRAM                                                          ;
; M20K_X102_Y71_N0      ; 16384                   ; 80.0                          ; u0|ram|intel_onchip_memory_0|altera_syncram_component|auto_generated|altsyncram1|ALTSYNCRAM                                                          ;
; M20K_X102_Y72_N0      ; 16384                   ; 80.0                          ; u0|ram|intel_onchip_memory_0|altera_syncram_component|auto_generated|altsyncram1|ALTSYNCRAM                                                          ;
; M20K_X102_Y73_N0      ; 16384                   ; 80.0                          ; u0|ram|intel_onchip_memory_0|altera_syncram_component|auto_generated|altsyncram1|ALTSYNCRAM                                                          ;
; M20K_X102_Y74_N0      ; 16384                   ; 80.0                          ; u0|ram|intel_onchip_memory_0|altera_syncram_component|auto_generated|altsyncram1|ALTSYNCRAM                                                          ;
; M20K_X102_Y75_N0      ; 16384                   ; 80.0                          ; u0|ram|intel_onchip_memory_0|altera_syncram_component|auto_generated|altsyncram1|ALTSYNCRAM                                                          ;
; M20K_X102_Y76_N0      ; 16384                   ; 80.0                          ; u0|ram|intel_onchip_memory_0|altera_syncram_component|auto_generated|altsyncram1|ALTSYNCRAM                                                          ;
; M20K_X102_Y77_N0      ; 16384                   ; 80.0                          ; u0|ram|intel_onchip_memory_0|altera_syncram_component|auto_generated|altsyncram1|ALTSYNCRAM                                                          ;
; M20K_X102_Y78_N0      ; 16384                   ; 80.0                          ; u0|ram|intel_onchip_memory_0|altera_syncram_component|auto_generated|altsyncram1|ALTSYNCRAM                                                          ;
; M20K_X102_Y79_N0      ; 16384                   ; 80.0                          ; u0|ram|intel_onchip_memory_0|altera_syncram_component|auto_generated|altsyncram1|ALTSYNCRAM                                                          ;
; M20K_X102_Y7_N0       ; 16384                   ; 80.0                          ; u0|ram|intel_onchip_memory_0|altera_syncram_component|auto_generated|altsyncram1|ALTSYNCRAM                                                          ;
; M20K_X102_Y80_N0      ; 16384                   ; 80.0                          ; u0|ram|intel_onchip_memory_0|altera_syncram_component|auto_generated|altsyncram1|ALTSYNCRAM                                                          ;
; M20K_X102_Y81_N0      ; 16384                   ; 80.0                          ; u0|ram|intel_onchip_memory_0|altera_syncram_component|auto_generated|altsyncram1|ALTSYNCRAM                                                          ;
; M20K_X102_Y82_N0      ; 16384                   ; 80.0                          ; u0|ram|intel_onchip_memory_0|altera_syncram_component|auto_generated|altsyncram1|ALTSYNCRAM                                                          ;
; M20K_X102_Y83_N0      ; 16384                   ; 80.0                          ; u0|ram|intel_onchip_memory_0|altera_syncram_component|auto_generated|altsyncram1|ALTSYNCRAM                                                          ;
; M20K_X102_Y84_N0      ; 16384                   ; 80.0                          ; u0|ram|intel_onchip_memory_0|altera_syncram_component|auto_generated|altsyncram1|ALTSYNCRAM                                                          ;
; M20K_X102_Y85_N0      ; 16384                   ; 80.0                          ; u0|ram|intel_onchip_memory_0|altera_syncram_component|auto_generated|altsyncram1|ALTSYNCRAM                                                          ;
; M20K_X102_Y86_N0      ; 16384                   ; 80.0                          ; u0|ram|intel_onchip_memory_0|altera_syncram_component|auto_generated|altsyncram1|ALTSYNCRAM                                                          ;
; M20K_X102_Y87_N0      ; 16384                   ; 80.0                          ; u0|ram|intel_onchip_memory_0|altera_syncram_component|auto_generated|altsyncram1|ALTSYNCRAM                                                          ;
; M20K_X102_Y88_N0      ; 16384                   ; 80.0                          ; u0|ram|intel_onchip_memory_0|altera_syncram_component|auto_generated|altsyncram1|ALTSYNCRAM                                                          ;
; M20K_X102_Y89_N0      ; 16384                   ; 80.0                          ; u0|ram|intel_onchip_memory_0|altera_syncram_component|auto_generated|altsyncram1|ALTSYNCRAM                                                          ;
; M20K_X102_Y8_N0       ; 16384                   ; 80.0                          ; u0|ram|intel_onchip_memory_0|altera_syncram_component|auto_generated|altsyncram1|ALTSYNCRAM                                                          ;
; M20K_X102_Y90_N0      ; 16384                   ; 80.0                          ; u0|ram|intel_onchip_memory_0|altera_syncram_component|auto_generated|altsyncram1|ALTSYNCRAM                                                          ;
; M20K_X102_Y91_N0      ; 16384                   ; 80.0                          ; u0|ram|intel_onchip_memory_0|altera_syncram_component|auto_generated|altsyncram1|ALTSYNCRAM                                                          ;
; M20K_X102_Y92_N0      ; 16384                   ; 80.0                          ; u0|ram|intel_onchip_memory_0|altera_syncram_component|auto_generated|altsyncram1|ALTSYNCRAM                                                          ;
; M20K_X102_Y93_N0      ; 16384                   ; 80.0                          ; u0|ram|intel_onchip_memory_0|altera_syncram_component|auto_generated|altsyncram1|ALTSYNCRAM                                                          ;
; M20K_X102_Y94_N0      ; 16384                   ; 80.0                          ; u0|ram|intel_onchip_memory_0|altera_syncram_component|auto_generated|altsyncram1|ALTSYNCRAM                                                          ;
; M20K_X102_Y95_N0      ; 16384                   ; 80.0                          ; u0|ram|intel_onchip_memory_0|altera_syncram_component|auto_generated|altsyncram1|ALTSYNCRAM                                                          ;
; M20K_X102_Y96_N0      ; 16384                   ; 80.0                          ; u0|ram|intel_onchip_memory_0|altera_syncram_component|auto_generated|altsyncram1|ALTSYNCRAM                                                          ;
; M20K_X102_Y97_N0      ; 16384                   ; 80.0                          ; u0|ram|intel_onchip_memory_0|altera_syncram_component|auto_generated|altsyncram1|ALTSYNCRAM                                                          ;
; M20K_X102_Y98_N0      ; 16384                   ; 80.0                          ; u0|ram|intel_onchip_memory_0|altera_syncram_component|auto_generated|altsyncram1|ALTSYNCRAM                                                          ;
; M20K_X102_Y99_N0      ; 16384                   ; 80.0                          ; u0|ram|intel_onchip_memory_0|altera_syncram_component|auto_generated|altsyncram1|ALTSYNCRAM                                                          ;
; M20K_X102_Y9_N0       ; 16384                   ; 80.0                          ; u0|ram|intel_onchip_memory_0|altera_syncram_component|auto_generated|altsyncram1|ALTSYNCRAM                                                          ;
; M20K_X108_Y100_N0     ; 16384                   ; 80.0                          ; u0|ram|intel_onchip_memory_0|altera_syncram_component|auto_generated|altsyncram1|ALTSYNCRAM                                                          ;
; M20K_X108_Y101_N0     ; 16384                   ; 80.0                          ; u0|ram|intel_onchip_memory_0|altera_syncram_component|auto_generated|altsyncram1|ALTSYNCRAM                                                          ;
; M20K_X108_Y102_N0     ; 16384                   ; 80.0                          ; u0|ram|intel_onchip_memory_0|altera_syncram_component|auto_generated|altsyncram1|ALTSYNCRAM                                                          ;
; M20K_X108_Y103_N0     ; 16384                   ; 80.0                          ; u0|ram|intel_onchip_memory_0|altera_syncram_component|auto_generated|altsyncram1|ALTSYNCRAM                                                          ;
; M20K_X108_Y104_N0     ; 16384                   ; 80.0                          ; u0|ram|intel_onchip_memory_0|altera_syncram_component|auto_generated|altsyncram1|ALTSYNCRAM                                                          ;
; M20K_X108_Y105_N0     ; 16384                   ; 80.0                          ; u0|ram|intel_onchip_memory_0|altera_syncram_component|auto_generated|altsyncram1|ALTSYNCRAM                                                          ;
; M20K_X108_Y106_N0     ; 16384                   ; 80.0                          ; u0|ram|intel_onchip_memory_0|altera_syncram_component|auto_generated|altsyncram1|ALTSYNCRAM                                                          ;
; M20K_X108_Y107_N0     ; 16384                   ; 80.0                          ; u0|ram|intel_onchip_memory_0|altera_syncram_component|auto_generated|altsyncram1|ALTSYNCRAM                                                          ;
; M20K_X108_Y108_N0     ; 16384                   ; 80.0                          ; u0|ram|intel_onchip_memory_0|altera_syncram_component|auto_generated|altsyncram1|ALTSYNCRAM                                                          ;
; M20K_X108_Y109_N0     ; 16384                   ; 80.0                          ; u0|ram|intel_onchip_memory_0|altera_syncram_component|auto_generated|altsyncram1|ALTSYNCRAM                                                          ;
; M20K_X108_Y10_N0      ; 16384                   ; 80.0                          ; u0|ram|intel_onchip_memory_0|altera_syncram_component|auto_generated|altsyncram1|ALTSYNCRAM                                                          ;
; M20K_X108_Y110_N0     ; 16384                   ; 80.0                          ; u0|ram|intel_onchip_memory_0|altera_syncram_component|auto_generated|altsyncram1|ALTSYNCRAM                                                          ;
; M20K_X108_Y111_N0     ; 16384                   ; 80.0                          ; u0|ram|intel_onchip_memory_0|altera_syncram_component|auto_generated|altsyncram1|ALTSYNCRAM                                                          ;
; M20K_X108_Y112_N0     ; 16384                   ; 80.0                          ; u0|ram|intel_onchip_memory_0|altera_syncram_component|auto_generated|altsyncram1|ALTSYNCRAM                                                          ;
; M20K_X108_Y113_N0     ; 16384                   ; 80.0                          ; u0|ram|intel_onchip_memory_0|altera_syncram_component|auto_generated|altsyncram1|ALTSYNCRAM                                                          ;
; M20K_X108_Y114_N0     ; 16384                   ; 80.0                          ; u0|ram|intel_onchip_memory_0|altera_syncram_component|auto_generated|altsyncram1|ALTSYNCRAM                                                          ;
; M20K_X108_Y115_N0     ; 16384                   ; 80.0                          ; u0|ram|intel_onchip_memory_0|altera_syncram_component|auto_generated|altsyncram1|ALTSYNCRAM                                                          ;
; M20K_X108_Y116_N0     ; 16384                   ; 80.0                          ; u0|ram|intel_onchip_memory_0|altera_syncram_component|auto_generated|altsyncram1|ALTSYNCRAM                                                          ;
; M20K_X108_Y117_N0     ; 16384                   ; 80.0                          ; u0|ram|intel_onchip_memory_0|altera_syncram_component|auto_generated|altsyncram1|ALTSYNCRAM                                                          ;
; M20K_X108_Y118_N0     ; 16384                   ; 80.0                          ; u0|ram|intel_onchip_memory_0|altera_syncram_component|auto_generated|altsyncram1|ALTSYNCRAM                                                          ;
; M20K_X108_Y119_N0     ; 16384                   ; 80.0                          ; u0|ram|intel_onchip_memory_0|altera_syncram_component|auto_generated|altsyncram1|ALTSYNCRAM                                                          ;
; M20K_X108_Y120_N0     ; 16384                   ; 80.0                          ; u0|ram|intel_onchip_memory_0|altera_syncram_component|auto_generated|altsyncram1|ALTSYNCRAM                                                          ;
; M20K_X108_Y121_N0     ; 16384                   ; 80.0                          ; u0|ram|intel_onchip_memory_0|altera_syncram_component|auto_generated|altsyncram1|ALTSYNCRAM                                                          ;
; M20K_X108_Y122_N0     ; 16384                   ; 80.0                          ; u0|ram|intel_onchip_memory_0|altera_syncram_component|auto_generated|altsyncram1|ALTSYNCRAM                                                          ;
; M20K_X108_Y123_N0     ; 16384                   ; 80.0                          ; u0|ram|intel_onchip_memory_0|altera_syncram_component|auto_generated|altsyncram1|ALTSYNCRAM                                                          ;
; M20K_X108_Y124_N0     ; 16384                   ; 80.0                          ; u0|ram|intel_onchip_memory_0|altera_syncram_component|auto_generated|altsyncram1|ALTSYNCRAM                                                          ;
; M20K_X108_Y125_N0     ; 16384                   ; 80.0                          ; u0|ram|intel_onchip_memory_0|altera_syncram_component|auto_generated|altsyncram1|ALTSYNCRAM                                                          ;
; M20K_X108_Y126_N0     ; 16384                   ; 80.0                          ; u0|ram|intel_onchip_memory_0|altera_syncram_component|auto_generated|altsyncram1|ALTSYNCRAM                                                          ;
; M20K_X108_Y127_N0     ; 16384                   ; 80.0                          ; u0|ram|intel_onchip_memory_0|altera_syncram_component|auto_generated|altsyncram1|ALTSYNCRAM                                                          ;
; M20K_X108_Y128_N0     ; 16384                   ; 80.0                          ; u0|ram|intel_onchip_memory_0|altera_syncram_component|auto_generated|altsyncram1|ALTSYNCRAM                                                          ;
; M20K_X108_Y129_N0     ; 16384                   ; 80.0                          ; u0|ram|intel_onchip_memory_0|altera_syncram_component|auto_generated|altsyncram1|ALTSYNCRAM                                                          ;
; M20K_X108_Y12_N0      ; 16384                   ; 80.0                          ; u0|ram|intel_onchip_memory_0|altera_syncram_component|auto_generated|altsyncram1|ALTSYNCRAM                                                          ;
; M20K_X108_Y130_N0     ; 16384                   ; 80.0                          ; u0|ram|intel_onchip_memory_0|altera_syncram_component|auto_generated|altsyncram1|ALTSYNCRAM                                                          ;
; M20K_X108_Y131_N0     ; 16384                   ; 80.0                          ; u0|ram|intel_onchip_memory_0|altera_syncram_component|auto_generated|altsyncram1|ALTSYNCRAM                                                          ;
; M20K_X108_Y132_N0     ; 16384                   ; 80.0                          ; u0|ram|intel_onchip_memory_0|altera_syncram_component|auto_generated|altsyncram1|ALTSYNCRAM                                                          ;
; M20K_X108_Y133_N0     ; 16384                   ; 80.0                          ; u0|ram|intel_onchip_memory_0|altera_syncram_component|auto_generated|altsyncram1|ALTSYNCRAM                                                          ;
; M20K_X108_Y134_N0     ; 16384                   ; 80.0                          ; u0|ram|intel_onchip_memory_0|altera_syncram_component|auto_generated|altsyncram1|ALTSYNCRAM                                                          ;
; M20K_X108_Y135_N0     ; 16384                   ; 80.0                          ; u0|ram|intel_onchip_memory_0|altera_syncram_component|auto_generated|altsyncram1|ALTSYNCRAM                                                          ;
; M20K_X108_Y136_N0     ; 16384                   ; 80.0                          ; u0|ram|intel_onchip_memory_0|altera_syncram_component|auto_generated|altsyncram1|ALTSYNCRAM                                                          ;
; M20K_X108_Y137_N0     ; 16384                   ; 80.0                          ; u0|ram|intel_onchip_memory_0|altera_syncram_component|auto_generated|altsyncram1|ALTSYNCRAM                                                          ;
; M20K_X108_Y138_N0     ; 16384                   ; 80.0                          ; u0|ram|intel_onchip_memory_0|altera_syncram_component|auto_generated|altsyncram1|ALTSYNCRAM                                                          ;
; M20K_X108_Y139_N0     ; 16384                   ; 80.0                          ; u0|ram|intel_onchip_memory_0|altera_syncram_component|auto_generated|altsyncram1|ALTSYNCRAM                                                          ;
; M20K_X108_Y13_N0      ; 16384                   ; 80.0                          ; u0|ram|intel_onchip_memory_0|altera_syncram_component|auto_generated|altsyncram1|ALTSYNCRAM                                                          ;
; M20K_X108_Y140_N0     ; 16384                   ; 80.0                          ; u0|ram|intel_onchip_memory_0|altera_syncram_component|auto_generated|altsyncram1|ALTSYNCRAM                                                          ;
; M20K_X108_Y141_N0     ; 16384                   ; 80.0                          ; u0|ram|intel_onchip_memory_0|altera_syncram_component|auto_generated|altsyncram1|ALTSYNCRAM                                                          ;
; M20K_X108_Y142_N0     ; 16384                   ; 80.0                          ; u0|ram|intel_onchip_memory_0|altera_syncram_component|auto_generated|altsyncram1|ALTSYNCRAM                                                          ;
; M20K_X108_Y143_N0     ; 16384                   ; 80.0                          ; u0|ram|intel_onchip_memory_0|altera_syncram_component|auto_generated|altsyncram1|ALTSYNCRAM                                                          ;
; M20K_X108_Y144_N0     ; 16384                   ; 80.0                          ; u0|ram|intel_onchip_memory_0|altera_syncram_component|auto_generated|altsyncram1|ALTSYNCRAM                                                          ;
; M20K_X108_Y145_N0     ; 16384                   ; 80.0                          ; u0|ram|intel_onchip_memory_0|altera_syncram_component|auto_generated|altsyncram1|ALTSYNCRAM                                                          ;
; M20K_X108_Y146_N0     ; 16384                   ; 80.0                          ; u0|ram|intel_onchip_memory_0|altera_syncram_component|auto_generated|altsyncram1|ALTSYNCRAM                                                          ;
; M20K_X108_Y147_N0     ; 16384                   ; 80.0                          ; u0|ram|intel_onchip_memory_0|altera_syncram_component|auto_generated|altsyncram1|ALTSYNCRAM                                                          ;
; M20K_X108_Y148_N0     ; 16384                   ; 80.0                          ; u0|ram|intel_onchip_memory_0|altera_syncram_component|auto_generated|altsyncram1|ALTSYNCRAM                                                          ;
; M20K_X108_Y149_N0     ; 16384                   ; 80.0                          ; u0|ram|intel_onchip_memory_0|altera_syncram_component|auto_generated|altsyncram1|ALTSYNCRAM                                                          ;
; M20K_X108_Y14_N0      ; 16384                   ; 80.0                          ; u0|ram|intel_onchip_memory_0|altera_syncram_component|auto_generated|altsyncram1|ALTSYNCRAM                                                          ;
; M20K_X108_Y150_N0     ; 16384                   ; 80.0                          ; u0|ram|intel_onchip_memory_0|altera_syncram_component|auto_generated|altsyncram1|ALTSYNCRAM                                                          ;
; M20K_X108_Y151_N0     ; 16384                   ; 80.0                          ; u0|ram|intel_onchip_memory_0|altera_syncram_component|auto_generated|altsyncram1|ALTSYNCRAM                                                          ;
; M20K_X108_Y152_N0     ; 16384                   ; 80.0                          ; u0|ram|intel_onchip_memory_0|altera_syncram_component|auto_generated|altsyncram1|ALTSYNCRAM                                                          ;
; M20K_X108_Y153_N0     ; 16384                   ; 80.0                          ; u0|ram|intel_onchip_memory_0|altera_syncram_component|auto_generated|altsyncram1|ALTSYNCRAM                                                          ;
; M20K_X108_Y154_N0     ; 16384                   ; 80.0                          ; u0|ram|intel_onchip_memory_0|altera_syncram_component|auto_generated|altsyncram1|ALTSYNCRAM                                                          ;
; M20K_X108_Y155_N0     ; 16384                   ; 80.0                          ; u0|ram|intel_onchip_memory_0|altera_syncram_component|auto_generated|altsyncram1|ALTSYNCRAM                                                          ;
; M20K_X108_Y156_N0     ; 16384                   ; 80.0                          ; u0|ram|intel_onchip_memory_0|altera_syncram_component|auto_generated|altsyncram1|ALTSYNCRAM                                                          ;
; M20K_X108_Y157_N0     ; 16384                   ; 80.0                          ; u0|ram|intel_onchip_memory_0|altera_syncram_component|auto_generated|altsyncram1|ALTSYNCRAM                                                          ;
; M20K_X108_Y158_N0     ; 16384                   ; 80.0                          ; u0|ram|intel_onchip_memory_0|altera_syncram_component|auto_generated|altsyncram1|ALTSYNCRAM                                                          ;
; M20K_X108_Y159_N0     ; 16384                   ; 80.0                          ; u0|ram|intel_onchip_memory_0|altera_syncram_component|auto_generated|altsyncram1|ALTSYNCRAM                                                          ;
; M20K_X108_Y15_N0      ; 16384                   ; 80.0                          ; u0|ram|intel_onchip_memory_0|altera_syncram_component|auto_generated|altsyncram1|ALTSYNCRAM                                                          ;
; M20K_X108_Y160_N0     ; 16384                   ; 80.0                          ; u0|ram|intel_onchip_memory_0|altera_syncram_component|auto_generated|altsyncram1|ALTSYNCRAM                                                          ;
; M20K_X108_Y161_N0     ; 16384                   ; 80.0                          ; u0|ram|intel_onchip_memory_0|altera_syncram_component|auto_generated|altsyncram1|ALTSYNCRAM                                                          ;
; M20K_X108_Y162_N0     ; 16384                   ; 80.0                          ; u0|ram|intel_onchip_memory_0|altera_syncram_component|auto_generated|altsyncram1|ALTSYNCRAM                                                          ;
; M20K_X108_Y163_N0     ; 16384                   ; 80.0                          ; u0|ram|intel_onchip_memory_0|altera_syncram_component|auto_generated|altsyncram1|ALTSYNCRAM                                                          ;
; M20K_X108_Y164_N0     ; 16384                   ; 80.0                          ; u0|ram|intel_onchip_memory_0|altera_syncram_component|auto_generated|altsyncram1|ALTSYNCRAM                                                          ;
; M20K_X108_Y165_N0     ; 16384                   ; 80.0                          ; u0|ram|intel_onchip_memory_0|altera_syncram_component|auto_generated|altsyncram1|ALTSYNCRAM                                                          ;
; M20K_X108_Y166_N0     ; 16384                   ; 80.0                          ; u0|ram|intel_onchip_memory_0|altera_syncram_component|auto_generated|altsyncram1|ALTSYNCRAM                                                          ;
; M20K_X108_Y167_N0     ; 16384                   ; 80.0                          ; u0|ram|intel_onchip_memory_0|altera_syncram_component|auto_generated|altsyncram1|ALTSYNCRAM                                                          ;
; M20K_X108_Y16_N0      ; 16384                   ; 80.0                          ; u0|ram|intel_onchip_memory_0|altera_syncram_component|auto_generated|altsyncram1|ALTSYNCRAM                                                          ;
; M20K_X108_Y17_N0      ; 16384                   ; 80.0                          ; u0|ram|intel_onchip_memory_0|altera_syncram_component|auto_generated|altsyncram1|ALTSYNCRAM                                                          ;
; M20K_X108_Y18_N0      ; 16384                   ; 80.0                          ; u0|ram|intel_onchip_memory_0|altera_syncram_component|auto_generated|altsyncram1|ALTSYNCRAM                                                          ;
; M20K_X108_Y19_N0      ; 16384                   ; 80.0                          ; u0|ram|intel_onchip_memory_0|altera_syncram_component|auto_generated|altsyncram1|ALTSYNCRAM                                                          ;
; M20K_X108_Y1_N0       ; 16384                   ; 80.0                          ; u0|ram|intel_onchip_memory_0|altera_syncram_component|auto_generated|altsyncram1|ALTSYNCRAM                                                          ;
; M20K_X108_Y20_N0      ; 16384                   ; 80.0                          ; u0|ram|intel_onchip_memory_0|altera_syncram_component|auto_generated|altsyncram1|ALTSYNCRAM                                                          ;
; M20K_X108_Y21_N0      ; 16384                   ; 80.0                          ; u0|ram|intel_onchip_memory_0|altera_syncram_component|auto_generated|altsyncram1|ALTSYNCRAM                                                          ;
; M20K_X108_Y22_N0      ; 16384                   ; 80.0                          ; u0|ram|intel_onchip_memory_0|altera_syncram_component|auto_generated|altsyncram1|ALTSYNCRAM                                                          ;
; M20K_X108_Y23_N0      ; 16384                   ; 80.0                          ; u0|ram|intel_onchip_memory_0|altera_syncram_component|auto_generated|altsyncram1|ALTSYNCRAM                                                          ;
; M20K_X108_Y24_N0      ; 16384                   ; 80.0                          ; u0|ram|intel_onchip_memory_0|altera_syncram_component|auto_generated|altsyncram1|ALTSYNCRAM                                                          ;
; M20K_X108_Y25_N0      ; 16384                   ; 80.0                          ; u0|ram|intel_onchip_memory_0|altera_syncram_component|auto_generated|altsyncram1|ALTSYNCRAM                                                          ;
; M20K_X108_Y27_N0      ; 16384                   ; 80.0                          ; u0|ram|intel_onchip_memory_0|altera_syncram_component|auto_generated|altsyncram1|ALTSYNCRAM                                                          ;
; M20K_X108_Y29_N0      ; 16384                   ; 80.0                          ; u0|ram|intel_onchip_memory_0|altera_syncram_component|auto_generated|altsyncram1|ALTSYNCRAM                                                          ;
; M20K_X108_Y2_N0       ; 16384                   ; 80.0                          ; u0|ram|intel_onchip_memory_0|altera_syncram_component|auto_generated|altsyncram1|ALTSYNCRAM                                                          ;
; M20K_X108_Y30_N0      ; 16384                   ; 80.0                          ; u0|ram|intel_onchip_memory_0|altera_syncram_component|auto_generated|altsyncram1|ALTSYNCRAM                                                          ;
; M20K_X108_Y31_N0      ; 16384                   ; 80.0                          ; u0|ram|intel_onchip_memory_0|altera_syncram_component|auto_generated|altsyncram1|ALTSYNCRAM                                                          ;
; M20K_X108_Y32_N0      ; 16384                   ; 80.0                          ; u0|ram|intel_onchip_memory_0|altera_syncram_component|auto_generated|altsyncram1|ALTSYNCRAM                                                          ;
; M20K_X108_Y33_N0      ; 16384                   ; 80.0                          ; u0|ram|intel_onchip_memory_0|altera_syncram_component|auto_generated|altsyncram1|ALTSYNCRAM                                                          ;
; M20K_X108_Y34_N0      ; 16384                   ; 80.0                          ; u0|ram|intel_onchip_memory_0|altera_syncram_component|auto_generated|altsyncram1|ALTSYNCRAM                                                          ;
; M20K_X108_Y35_N0      ; 16384                   ; 80.0                          ; u0|ram|intel_onchip_memory_0|altera_syncram_component|auto_generated|altsyncram1|ALTSYNCRAM                                                          ;
; M20K_X108_Y36_N0      ; 16384                   ; 80.0                          ; u0|ram|intel_onchip_memory_0|altera_syncram_component|auto_generated|altsyncram1|ALTSYNCRAM                                                          ;
; M20K_X108_Y37_N0      ; 16384                   ; 80.0                          ; u0|ram|intel_onchip_memory_0|altera_syncram_component|auto_generated|altsyncram1|ALTSYNCRAM                                                          ;
; M20K_X108_Y38_N0      ; 16384                   ; 80.0                          ; u0|ram|intel_onchip_memory_0|altera_syncram_component|auto_generated|altsyncram1|ALTSYNCRAM                                                          ;
; M20K_X108_Y39_N0      ; 16384                   ; 80.0                          ; u0|ram|intel_onchip_memory_0|altera_syncram_component|auto_generated|altsyncram1|ALTSYNCRAM                                                          ;
; M20K_X108_Y3_N0       ; 16384                   ; 80.0                          ; u0|ram|intel_onchip_memory_0|altera_syncram_component|auto_generated|altsyncram1|ALTSYNCRAM                                                          ;
; M20K_X108_Y40_N0      ; 16384                   ; 80.0                          ; u0|ram|intel_onchip_memory_0|altera_syncram_component|auto_generated|altsyncram1|ALTSYNCRAM                                                          ;
; M20K_X108_Y41_N0      ; 16384                   ; 80.0                          ; u0|ram|intel_onchip_memory_0|altera_syncram_component|auto_generated|altsyncram1|ALTSYNCRAM                                                          ;
; M20K_X108_Y42_N0      ; 16384                   ; 80.0                          ; u0|ram|intel_onchip_memory_0|altera_syncram_component|auto_generated|altsyncram1|ALTSYNCRAM                                                          ;
; M20K_X108_Y43_N0      ; 16384                   ; 80.0                          ; u0|ram|intel_onchip_memory_0|altera_syncram_component|auto_generated|altsyncram1|ALTSYNCRAM                                                          ;
; M20K_X108_Y44_N0      ; 16384                   ; 80.0                          ; u0|ram|intel_onchip_memory_0|altera_syncram_component|auto_generated|altsyncram1|ALTSYNCRAM                                                          ;
; M20K_X108_Y45_N0      ; 16384                   ; 80.0                          ; u0|ram|intel_onchip_memory_0|altera_syncram_component|auto_generated|altsyncram1|ALTSYNCRAM                                                          ;
; M20K_X108_Y46_N0      ; 16384                   ; 80.0                          ; u0|ram|intel_onchip_memory_0|altera_syncram_component|auto_generated|altsyncram1|ALTSYNCRAM                                                          ;
; M20K_X108_Y47_N0      ; 16384                   ; 80.0                          ; u0|ram|intel_onchip_memory_0|altera_syncram_component|auto_generated|altsyncram1|ALTSYNCRAM                                                          ;
; M20K_X108_Y48_N0      ; 16384                   ; 80.0                          ; u0|ram|intel_onchip_memory_0|altera_syncram_component|auto_generated|altsyncram1|ALTSYNCRAM                                                          ;
; M20K_X108_Y49_N0      ; 16384                   ; 80.0                          ; u0|ram|intel_onchip_memory_0|altera_syncram_component|auto_generated|altsyncram1|ALTSYNCRAM                                                          ;
; M20K_X108_Y4_N0       ; 16384                   ; 80.0                          ; u0|ram|intel_onchip_memory_0|altera_syncram_component|auto_generated|altsyncram1|ALTSYNCRAM                                                          ;
; M20K_X108_Y50_N0      ; 16384                   ; 80.0                          ; u0|ram|intel_onchip_memory_0|altera_syncram_component|auto_generated|altsyncram1|ALTSYNCRAM                                                          ;
; M20K_X108_Y51_N0      ; 16384                   ; 80.0                          ; u0|ram|intel_onchip_memory_0|altera_syncram_component|auto_generated|altsyncram1|ALTSYNCRAM                                                          ;
; M20K_X108_Y52_N0      ; 16384                   ; 80.0                          ; u0|ram|intel_onchip_memory_0|altera_syncram_component|auto_generated|altsyncram1|ALTSYNCRAM                                                          ;
; M20K_X108_Y53_N0      ; 16384                   ; 80.0                          ; u0|ram|intel_onchip_memory_0|altera_syncram_component|auto_generated|altsyncram1|ALTSYNCRAM                                                          ;
; M20K_X108_Y54_N0      ; 16384                   ; 80.0                          ; u0|ram|intel_onchip_memory_0|altera_syncram_component|auto_generated|altsyncram1|ALTSYNCRAM                                                          ;
; M20K_X108_Y55_N0      ; 16384                   ; 80.0                          ; u0|ram|intel_onchip_memory_0|altera_syncram_component|auto_generated|altsyncram1|ALTSYNCRAM                                                          ;
; M20K_X108_Y56_N0      ; 16384                   ; 80.0                          ; u0|ram|intel_onchip_memory_0|altera_syncram_component|auto_generated|altsyncram1|ALTSYNCRAM                                                          ;
; M20K_X108_Y57_N0      ; 16384                   ; 80.0                          ; u0|ram|intel_onchip_memory_0|altera_syncram_component|auto_generated|altsyncram1|ALTSYNCRAM                                                          ;
; M20K_X108_Y58_N0      ; 16384                   ; 80.0                          ; u0|ram|intel_onchip_memory_0|altera_syncram_component|auto_generated|altsyncram1|ALTSYNCRAM                                                          ;
; M20K_X108_Y59_N0      ; 16384                   ; 80.0                          ; u0|ram|intel_onchip_memory_0|altera_syncram_component|auto_generated|altsyncram1|ALTSYNCRAM                                                          ;
; M20K_X108_Y5_N0       ; 16384                   ; 80.0                          ; u0|ram|intel_onchip_memory_0|altera_syncram_component|auto_generated|altsyncram1|ALTSYNCRAM                                                          ;
; M20K_X108_Y60_N0      ; 16384                   ; 80.0                          ; u0|ram|intel_onchip_memory_0|altera_syncram_component|auto_generated|altsyncram1|ALTSYNCRAM                                                          ;
; M20K_X108_Y61_N0      ; 16384                   ; 80.0                          ; u0|ram|intel_onchip_memory_0|altera_syncram_component|auto_generated|altsyncram1|ALTSYNCRAM                                                          ;
; M20K_X108_Y62_N0      ; 16384                   ; 80.0                          ; u0|ram|intel_onchip_memory_0|altera_syncram_component|auto_generated|altsyncram1|ALTSYNCRAM                                                          ;
; M20K_X108_Y63_N0      ; 16384                   ; 80.0                          ; u0|ram|intel_onchip_memory_0|altera_syncram_component|auto_generated|altsyncram1|ALTSYNCRAM                                                          ;
; M20K_X108_Y64_N0      ; 16384                   ; 80.0                          ; u0|ram|intel_onchip_memory_0|altera_syncram_component|auto_generated|altsyncram1|ALTSYNCRAM                                                          ;
; M20K_X108_Y65_N0      ; 16384                   ; 80.0                          ; u0|ram|intel_onchip_memory_0|altera_syncram_component|auto_generated|altsyncram1|ALTSYNCRAM                                                          ;
; M20K_X108_Y66_N0      ; 16384                   ; 80.0                          ; u0|ram|intel_onchip_memory_0|altera_syncram_component|auto_generated|altsyncram1|ALTSYNCRAM                                                          ;
; M20K_X108_Y67_N0      ; 16384                   ; 80.0                          ; u0|ram|intel_onchip_memory_0|altera_syncram_component|auto_generated|altsyncram1|ALTSYNCRAM                                                          ;
; M20K_X108_Y68_N0      ; 16384                   ; 80.0                          ; u0|ram|intel_onchip_memory_0|altera_syncram_component|auto_generated|altsyncram1|ALTSYNCRAM                                                          ;
; M20K_X108_Y69_N0      ; 16384                   ; 80.0                          ; u0|ram|intel_onchip_memory_0|altera_syncram_component|auto_generated|altsyncram1|ALTSYNCRAM                                                          ;
; M20K_X108_Y6_N0       ; 16384                   ; 80.0                          ; u0|ram|intel_onchip_memory_0|altera_syncram_component|auto_generated|altsyncram1|ALTSYNCRAM                                                          ;
; M20K_X108_Y70_N0      ; 16384                   ; 80.0                          ; u0|ram|intel_onchip_memory_0|altera_syncram_component|auto_generated|altsyncram1|ALTSYNCRAM                                                          ;
; M20K_X108_Y71_N0      ; 16384                   ; 80.0                          ; u0|ram|intel_onchip_memory_0|altera_syncram_component|auto_generated|altsyncram1|ALTSYNCRAM                                                          ;
; M20K_X108_Y72_N0      ; 16384                   ; 80.0                          ; u0|ram|intel_onchip_memory_0|altera_syncram_component|auto_generated|altsyncram1|ALTSYNCRAM                                                          ;
; M20K_X108_Y73_N0      ; 16384                   ; 80.0                          ; u0|ram|intel_onchip_memory_0|altera_syncram_component|auto_generated|altsyncram1|ALTSYNCRAM                                                          ;
; M20K_X108_Y74_N0      ; 16384                   ; 80.0                          ; u0|ram|intel_onchip_memory_0|altera_syncram_component|auto_generated|altsyncram1|ALTSYNCRAM                                                          ;
; M20K_X108_Y75_N0      ; 16384                   ; 80.0                          ; u0|ram|intel_onchip_memory_0|altera_syncram_component|auto_generated|altsyncram1|ALTSYNCRAM                                                          ;
; M20K_X108_Y76_N0      ; 16384                   ; 80.0                          ; u0|ram|intel_onchip_memory_0|altera_syncram_component|auto_generated|altsyncram1|ALTSYNCRAM                                                          ;
; M20K_X108_Y77_N0      ; 16384                   ; 80.0                          ; u0|ram|intel_onchip_memory_0|altera_syncram_component|auto_generated|altsyncram1|ALTSYNCRAM                                                          ;
; M20K_X108_Y78_N0      ; 16384                   ; 80.0                          ; u0|ram|intel_onchip_memory_0|altera_syncram_component|auto_generated|altsyncram1|ALTSYNCRAM                                                          ;
; M20K_X108_Y79_N0      ; 16384                   ; 80.0                          ; u0|ram|intel_onchip_memory_0|altera_syncram_component|auto_generated|altsyncram1|ALTSYNCRAM                                                          ;
; M20K_X108_Y7_N0       ; 16384                   ; 80.0                          ; u0|ram|intel_onchip_memory_0|altera_syncram_component|auto_generated|altsyncram1|ALTSYNCRAM                                                          ;
; M20K_X108_Y80_N0      ; 16384                   ; 80.0                          ; u0|ram|intel_onchip_memory_0|altera_syncram_component|auto_generated|altsyncram1|ALTSYNCRAM                                                          ;
; M20K_X108_Y81_N0      ; 16384                   ; 80.0                          ; u0|ram|intel_onchip_memory_0|altera_syncram_component|auto_generated|altsyncram1|ALTSYNCRAM                                                          ;
; M20K_X108_Y82_N0      ; 16384                   ; 80.0                          ; u0|ram|intel_onchip_memory_0|altera_syncram_component|auto_generated|altsyncram1|ALTSYNCRAM                                                          ;
; M20K_X108_Y83_N0      ; 16384                   ; 80.0                          ; u0|ram|intel_onchip_memory_0|altera_syncram_component|auto_generated|altsyncram1|ALTSYNCRAM                                                          ;
; M20K_X108_Y84_N0      ; 16384                   ; 80.0                          ; u0|ram|intel_onchip_memory_0|altera_syncram_component|auto_generated|altsyncram1|ALTSYNCRAM                                                          ;
; M20K_X108_Y85_N0      ; 16384                   ; 80.0                          ; u0|ram|intel_onchip_memory_0|altera_syncram_component|auto_generated|altsyncram1|ALTSYNCRAM                                                          ;
; M20K_X108_Y86_N0      ; 16384                   ; 80.0                          ; u0|ram|intel_onchip_memory_0|altera_syncram_component|auto_generated|altsyncram1|ALTSYNCRAM                                                          ;
; M20K_X108_Y87_N0      ; 16384                   ; 80.0                          ; u0|ram|intel_onchip_memory_0|altera_syncram_component|auto_generated|altsyncram1|ALTSYNCRAM                                                          ;
; M20K_X108_Y88_N0      ; 16384                   ; 80.0                          ; u0|ram|intel_onchip_memory_0|altera_syncram_component|auto_generated|altsyncram1|ALTSYNCRAM                                                          ;
; M20K_X108_Y89_N0      ; 16384                   ; 80.0                          ; u0|ram|intel_onchip_memory_0|altera_syncram_component|auto_generated|altsyncram1|ALTSYNCRAM                                                          ;
; M20K_X108_Y8_N0       ; 16384                   ; 80.0                          ; u0|ram|intel_onchip_memory_0|altera_syncram_component|auto_generated|altsyncram1|ALTSYNCRAM                                                          ;
; M20K_X108_Y90_N0      ; 16384                   ; 80.0                          ; u0|ram|intel_onchip_memory_0|altera_syncram_component|auto_generated|altsyncram1|ALTSYNCRAM                                                          ;
; M20K_X108_Y91_N0      ; 16384                   ; 80.0                          ; u0|ram|intel_onchip_memory_0|altera_syncram_component|auto_generated|altsyncram1|ALTSYNCRAM                                                          ;
; M20K_X108_Y92_N0      ; 16384                   ; 80.0                          ; u0|ram|intel_onchip_memory_0|altera_syncram_component|auto_generated|altsyncram1|ALTSYNCRAM                                                          ;
; M20K_X108_Y93_N0      ; 16384                   ; 80.0                          ; u0|ram|intel_onchip_memory_0|altera_syncram_component|auto_generated|altsyncram1|ALTSYNCRAM                                                          ;
; M20K_X108_Y94_N0      ; 16384                   ; 80.0                          ; u0|ram|intel_onchip_memory_0|altera_syncram_component|auto_generated|altsyncram1|ALTSYNCRAM                                                          ;
; M20K_X108_Y95_N0      ; 16384                   ; 80.0                          ; u0|ram|intel_onchip_memory_0|altera_syncram_component|auto_generated|altsyncram1|ALTSYNCRAM                                                          ;
; M20K_X108_Y96_N0      ; 16384                   ; 80.0                          ; u0|ram|intel_onchip_memory_0|altera_syncram_component|auto_generated|altsyncram1|ALTSYNCRAM                                                          ;
; M20K_X108_Y97_N0      ; 16384                   ; 80.0                          ; u0|ram|intel_onchip_memory_0|altera_syncram_component|auto_generated|altsyncram1|ALTSYNCRAM                                                          ;
; M20K_X108_Y98_N0      ; 16384                   ; 80.0                          ; u0|ram|intel_onchip_memory_0|altera_syncram_component|auto_generated|altsyncram1|ALTSYNCRAM                                                          ;
; M20K_X108_Y99_N0      ; 16384                   ; 80.0                          ; u0|ram|intel_onchip_memory_0|altera_syncram_component|auto_generated|altsyncram1|ALTSYNCRAM                                                          ;
; M20K_X108_Y9_N0       ; 16384                   ; 80.0                          ; u0|ram|intel_onchip_memory_0|altera_syncram_component|auto_generated|altsyncram1|ALTSYNCRAM                                                          ;
; M20K_X134_Y100_N0     ; 16384                   ; 80.0                          ; u0|ram|intel_onchip_memory_0|altera_syncram_component|auto_generated|altsyncram1|ALTSYNCRAM                                                          ;
; M20K_X134_Y101_N0     ; 16384                   ; 80.0                          ; u0|ram|intel_onchip_memory_0|altera_syncram_component|auto_generated|altsyncram1|ALTSYNCRAM                                                          ;
; M20K_X134_Y102_N0     ; 16384                   ; 80.0                          ; u0|ram|intel_onchip_memory_0|altera_syncram_component|auto_generated|altsyncram1|ALTSYNCRAM                                                          ;
; M20K_X134_Y103_N0     ; 16384                   ; 80.0                          ; u0|ram|intel_onchip_memory_0|altera_syncram_component|auto_generated|altsyncram1|ALTSYNCRAM                                                          ;
; M20K_X134_Y104_N0     ; 16384                   ; 80.0                          ; u0|ram|intel_onchip_memory_0|altera_syncram_component|auto_generated|altsyncram1|ALTSYNCRAM                                                          ;
; M20K_X134_Y105_N0     ; 16384                   ; 80.0                          ; u0|ram|intel_onchip_memory_0|altera_syncram_component|auto_generated|altsyncram1|ALTSYNCRAM                                                          ;
; M20K_X134_Y106_N0     ; 16384                   ; 80.0                          ; u0|ram|intel_onchip_memory_0|altera_syncram_component|auto_generated|altsyncram1|ALTSYNCRAM                                                          ;
; M20K_X134_Y107_N0     ; 16384                   ; 80.0                          ; u0|ram|intel_onchip_memory_0|altera_syncram_component|auto_generated|altsyncram1|ALTSYNCRAM                                                          ;
; M20K_X134_Y108_N0     ; 16384                   ; 80.0                          ; u0|ram|intel_onchip_memory_0|altera_syncram_component|auto_generated|altsyncram1|ALTSYNCRAM                                                          ;
; M20K_X134_Y109_N0     ; 16384                   ; 80.0                          ; u0|ram|intel_onchip_memory_0|altera_syncram_component|auto_generated|altsyncram1|ALTSYNCRAM                                                          ;
; M20K_X134_Y10_N0      ; 16384                   ; 80.0                          ; u0|ram|intel_onchip_memory_0|altera_syncram_component|auto_generated|altsyncram1|ALTSYNCRAM                                                          ;
; M20K_X134_Y110_N0     ; 16384                   ; 80.0                          ; u0|ram|intel_onchip_memory_0|altera_syncram_component|auto_generated|altsyncram1|ALTSYNCRAM                                                          ;
; M20K_X134_Y111_N0     ; 16384                   ; 80.0                          ; u0|ram|intel_onchip_memory_0|altera_syncram_component|auto_generated|altsyncram1|ALTSYNCRAM                                                          ;
; M20K_X134_Y112_N0     ; 16384                   ; 80.0                          ; u0|ram|intel_onchip_memory_0|altera_syncram_component|auto_generated|altsyncram1|ALTSYNCRAM                                                          ;
; M20K_X134_Y113_N0     ; 16384                   ; 80.0                          ; u0|ram|intel_onchip_memory_0|altera_syncram_component|auto_generated|altsyncram1|ALTSYNCRAM                                                          ;
; M20K_X134_Y114_N0     ; 16384                   ; 80.0                          ; u0|ram|intel_onchip_memory_0|altera_syncram_component|auto_generated|altsyncram1|ALTSYNCRAM                                                          ;
; M20K_X134_Y115_N0     ; 16384                   ; 80.0                          ; u0|ram|intel_onchip_memory_0|altera_syncram_component|auto_generated|altsyncram1|ALTSYNCRAM                                                          ;
; M20K_X134_Y116_N0     ; 16384                   ; 80.0                          ; u0|ram|intel_onchip_memory_0|altera_syncram_component|auto_generated|altsyncram1|ALTSYNCRAM                                                          ;
; M20K_X134_Y117_N0     ; 16384                   ; 80.0                          ; u0|ram|intel_onchip_memory_0|altera_syncram_component|auto_generated|altsyncram1|ALTSYNCRAM                                                          ;
; M20K_X134_Y118_N0     ; 16384                   ; 80.0                          ; u0|ram|intel_onchip_memory_0|altera_syncram_component|auto_generated|altsyncram1|ALTSYNCRAM                                                          ;
; M20K_X134_Y119_N0     ; 16384                   ; 80.0                          ; u0|ram|intel_onchip_memory_0|altera_syncram_component|auto_generated|altsyncram1|ALTSYNCRAM                                                          ;
; M20K_X134_Y11_N0      ; 16384                   ; 80.0                          ; u0|ram|intel_onchip_memory_0|altera_syncram_component|auto_generated|altsyncram1|ALTSYNCRAM                                                          ;
; M20K_X134_Y120_N0     ; 16384                   ; 80.0                          ; u0|ram|intel_onchip_memory_0|altera_syncram_component|auto_generated|altsyncram1|ALTSYNCRAM                                                          ;
; M20K_X134_Y121_N0     ; 16384                   ; 80.0                          ; u0|ram|intel_onchip_memory_0|altera_syncram_component|auto_generated|altsyncram1|ALTSYNCRAM                                                          ;
; M20K_X134_Y122_N0     ; 16384                   ; 80.0                          ; u0|ram|intel_onchip_memory_0|altera_syncram_component|auto_generated|altsyncram1|ALTSYNCRAM                                                          ;
; M20K_X134_Y123_N0     ; 16384                   ; 80.0                          ; u0|ram|intel_onchip_memory_0|altera_syncram_component|auto_generated|altsyncram1|ALTSYNCRAM                                                          ;
; M20K_X134_Y124_N0     ; 16384                   ; 80.0                          ; u0|ram|intel_onchip_memory_0|altera_syncram_component|auto_generated|altsyncram1|ALTSYNCRAM                                                          ;
; M20K_X134_Y125_N0     ; 16384                   ; 80.0                          ; u0|ram|intel_onchip_memory_0|altera_syncram_component|auto_generated|altsyncram1|ALTSYNCRAM                                                          ;
; M20K_X134_Y126_N0     ; 16384                   ; 80.0                          ; u0|ram|intel_onchip_memory_0|altera_syncram_component|auto_generated|altsyncram1|ALTSYNCRAM                                                          ;
; M20K_X134_Y127_N0     ; 16384                   ; 80.0                          ; u0|ram|intel_onchip_memory_0|altera_syncram_component|auto_generated|altsyncram1|ALTSYNCRAM                                                          ;
; M20K_X134_Y128_N0     ; 16384                   ; 80.0                          ; u0|ram|intel_onchip_memory_0|altera_syncram_component|auto_generated|altsyncram1|ALTSYNCRAM                                                          ;
; M20K_X134_Y129_N0     ; 16384                   ; 80.0                          ; u0|ram|intel_onchip_memory_0|altera_syncram_component|auto_generated|altsyncram1|ALTSYNCRAM                                                          ;
; M20K_X134_Y12_N0      ; 16384                   ; 80.0                          ; u0|ram|intel_onchip_memory_0|altera_syncram_component|auto_generated|altsyncram1|ALTSYNCRAM                                                          ;
; M20K_X134_Y130_N0     ; 16384                   ; 80.0                          ; u0|ram|intel_onchip_memory_0|altera_syncram_component|auto_generated|altsyncram1|ALTSYNCRAM                                                          ;
; M20K_X134_Y131_N0     ; 16384                   ; 80.0                          ; u0|ram|intel_onchip_memory_0|altera_syncram_component|auto_generated|altsyncram1|ALTSYNCRAM                                                          ;
; M20K_X134_Y132_N0     ; 16384                   ; 80.0                          ; u0|ram|intel_onchip_memory_0|altera_syncram_component|auto_generated|altsyncram1|ALTSYNCRAM                                                          ;
; M20K_X134_Y133_N0     ; 16384                   ; 80.0                          ; u0|ram|intel_onchip_memory_0|altera_syncram_component|auto_generated|altsyncram1|ALTSYNCRAM                                                          ;
; M20K_X134_Y134_N0     ; 16384                   ; 80.0                          ; u0|ram|intel_onchip_memory_0|altera_syncram_component|auto_generated|altsyncram1|ALTSYNCRAM                                                          ;
; M20K_X134_Y135_N0     ; 16384                   ; 80.0                          ; u0|ram|intel_onchip_memory_0|altera_syncram_component|auto_generated|altsyncram1|ALTSYNCRAM                                                          ;
; M20K_X134_Y136_N0     ; 16384                   ; 80.0                          ; u0|ram|intel_onchip_memory_0|altera_syncram_component|auto_generated|altsyncram1|ALTSYNCRAM                                                          ;
; M20K_X134_Y137_N0     ; 16384                   ; 80.0                          ; u0|ram|intel_onchip_memory_0|altera_syncram_component|auto_generated|altsyncram1|ALTSYNCRAM                                                          ;
; M20K_X134_Y138_N0     ; 16384                   ; 80.0                          ; u0|ram|intel_onchip_memory_0|altera_syncram_component|auto_generated|altsyncram1|ALTSYNCRAM                                                          ;
; M20K_X134_Y139_N0     ; 16384                   ; 80.0                          ; u0|ram|intel_onchip_memory_0|altera_syncram_component|auto_generated|altsyncram1|ALTSYNCRAM                                                          ;
; M20K_X134_Y13_N0      ; 16384                   ; 80.0                          ; u0|ram|intel_onchip_memory_0|altera_syncram_component|auto_generated|altsyncram1|ALTSYNCRAM                                                          ;
; M20K_X134_Y140_N0     ; 16384                   ; 80.0                          ; u0|ram|intel_onchip_memory_0|altera_syncram_component|auto_generated|altsyncram1|ALTSYNCRAM                                                          ;
; M20K_X134_Y141_N0     ; 16384                   ; 80.0                          ; u0|ram|intel_onchip_memory_0|altera_syncram_component|auto_generated|altsyncram1|ALTSYNCRAM                                                          ;
; M20K_X134_Y142_N0     ; 16384                   ; 80.0                          ; u0|ram|intel_onchip_memory_0|altera_syncram_component|auto_generated|altsyncram1|ALTSYNCRAM                                                          ;
; M20K_X134_Y143_N0     ; 16384                   ; 80.0                          ; u0|ram|intel_onchip_memory_0|altera_syncram_component|auto_generated|altsyncram1|ALTSYNCRAM                                                          ;
; M20K_X134_Y144_N0     ; 16384                   ; 80.0                          ; u0|ram|intel_onchip_memory_0|altera_syncram_component|auto_generated|altsyncram1|ALTSYNCRAM                                                          ;
; M20K_X134_Y145_N0     ; 16384                   ; 80.0                          ; u0|ram|intel_onchip_memory_0|altera_syncram_component|auto_generated|altsyncram1|ALTSYNCRAM                                                          ;
; M20K_X134_Y146_N0     ; 16384                   ; 80.0                          ; u0|ram|intel_onchip_memory_0|altera_syncram_component|auto_generated|altsyncram1|ALTSYNCRAM                                                          ;
; M20K_X134_Y147_N0     ; 16384                   ; 80.0                          ; u0|ram|intel_onchip_memory_0|altera_syncram_component|auto_generated|altsyncram1|ALTSYNCRAM                                                          ;
; M20K_X134_Y148_N0     ; 16384                   ; 80.0                          ; u0|ram|intel_onchip_memory_0|altera_syncram_component|auto_generated|altsyncram1|ALTSYNCRAM                                                          ;
; M20K_X134_Y149_N0     ; 16384                   ; 80.0                          ; u0|ram|intel_onchip_memory_0|altera_syncram_component|auto_generated|altsyncram1|ALTSYNCRAM                                                          ;
; M20K_X134_Y14_N0      ; 16384                   ; 80.0                          ; u0|ram|intel_onchip_memory_0|altera_syncram_component|auto_generated|altsyncram1|ALTSYNCRAM                                                          ;
; M20K_X134_Y150_N0     ; 16384                   ; 80.0                          ; u0|ram|intel_onchip_memory_0|altera_syncram_component|auto_generated|altsyncram1|ALTSYNCRAM                                                          ;
; M20K_X134_Y151_N0     ; 16384                   ; 80.0                          ; u0|ram|intel_onchip_memory_0|altera_syncram_component|auto_generated|altsyncram1|ALTSYNCRAM                                                          ;
; M20K_X134_Y152_N0     ; 16384                   ; 80.0                          ; u0|ram|intel_onchip_memory_0|altera_syncram_component|auto_generated|altsyncram1|ALTSYNCRAM                                                          ;
; M20K_X134_Y153_N0     ; 16384                   ; 80.0                          ; u0|ram|intel_onchip_memory_0|altera_syncram_component|auto_generated|altsyncram1|ALTSYNCRAM                                                          ;
; M20K_X134_Y154_N0     ; 16384                   ; 80.0                          ; u0|ram|intel_onchip_memory_0|altera_syncram_component|auto_generated|altsyncram1|ALTSYNCRAM                                                          ;
; M20K_X134_Y155_N0     ; 16384                   ; 80.0                          ; u0|ram|intel_onchip_memory_0|altera_syncram_component|auto_generated|altsyncram1|ALTSYNCRAM                                                          ;
; M20K_X134_Y156_N0     ; 16384                   ; 80.0                          ; u0|ram|intel_onchip_memory_0|altera_syncram_component|auto_generated|altsyncram1|ALTSYNCRAM                                                          ;
; M20K_X134_Y157_N0     ; 16384                   ; 80.0                          ; u0|ram|intel_onchip_memory_0|altera_syncram_component|auto_generated|altsyncram1|ALTSYNCRAM                                                          ;
; M20K_X134_Y158_N0     ; 16384                   ; 80.0                          ; u0|ram|intel_onchip_memory_0|altera_syncram_component|auto_generated|altsyncram1|ALTSYNCRAM                                                          ;
; M20K_X134_Y159_N0     ; 16384                   ; 80.0                          ; u0|ram|intel_onchip_memory_0|altera_syncram_component|auto_generated|altsyncram1|ALTSYNCRAM                                                          ;
; M20K_X134_Y15_N0      ; 16384                   ; 80.0                          ; u0|ram|intel_onchip_memory_0|altera_syncram_component|auto_generated|altsyncram1|ALTSYNCRAM                                                          ;
; M20K_X134_Y160_N0     ; 16384                   ; 80.0                          ; u0|ram|intel_onchip_memory_0|altera_syncram_component|auto_generated|altsyncram1|ALTSYNCRAM                                                          ;
; M20K_X134_Y161_N0     ; 16384                   ; 80.0                          ; u0|ram|intel_onchip_memory_0|altera_syncram_component|auto_generated|altsyncram1|ALTSYNCRAM                                                          ;
; M20K_X134_Y162_N0     ; 16384                   ; 80.0                          ; u0|ram|intel_onchip_memory_0|altera_syncram_component|auto_generated|altsyncram1|ALTSYNCRAM                                                          ;
; M20K_X134_Y163_N0     ; 16384                   ; 80.0                          ; u0|ram|intel_onchip_memory_0|altera_syncram_component|auto_generated|altsyncram1|ALTSYNCRAM                                                          ;
; M20K_X134_Y164_N0     ; 16384                   ; 80.0                          ; u0|ram|intel_onchip_memory_0|altera_syncram_component|auto_generated|altsyncram1|ALTSYNCRAM                                                          ;
; M20K_X134_Y165_N0     ; 16384                   ; 80.0                          ; u0|ram|intel_onchip_memory_0|altera_syncram_component|auto_generated|altsyncram1|ALTSYNCRAM                                                          ;
; M20K_X134_Y166_N0     ; 16384                   ; 80.0                          ; u0|ram|intel_onchip_memory_0|altera_syncram_component|auto_generated|altsyncram1|ALTSYNCRAM                                                          ;
; M20K_X134_Y167_N0     ; 16384                   ; 80.0                          ; u0|ram|intel_onchip_memory_0|altera_syncram_component|auto_generated|altsyncram1|ALTSYNCRAM                                                          ;
; M20K_X134_Y168_N0     ; 16384                   ; 80.0                          ; u0|ram|intel_onchip_memory_0|altera_syncram_component|auto_generated|altsyncram1|ALTSYNCRAM                                                          ;
; M20K_X134_Y169_N0     ; 16384                   ; 80.0                          ; u0|ram|intel_onchip_memory_0|altera_syncram_component|auto_generated|altsyncram1|ALTSYNCRAM                                                          ;
; M20K_X134_Y16_N0      ; 16384                   ; 80.0                          ; u0|ram|intel_onchip_memory_0|altera_syncram_component|auto_generated|altsyncram1|ALTSYNCRAM                                                          ;
; M20K_X134_Y170_N0     ; 16384                   ; 80.0                          ; u0|ram|intel_onchip_memory_0|altera_syncram_component|auto_generated|altsyncram1|ALTSYNCRAM                                                          ;
; M20K_X134_Y17_N0      ; 16384                   ; 80.0                          ; u0|ram|intel_onchip_memory_0|altera_syncram_component|auto_generated|altsyncram1|ALTSYNCRAM                                                          ;
; M20K_X134_Y18_N0      ; 16384                   ; 80.0                          ; u0|ram|intel_onchip_memory_0|altera_syncram_component|auto_generated|altsyncram1|ALTSYNCRAM                                                          ;
; M20K_X134_Y19_N0      ; 16384                   ; 80.0                          ; u0|ram|intel_onchip_memory_0|altera_syncram_component|auto_generated|altsyncram1|ALTSYNCRAM                                                          ;
; M20K_X134_Y20_N0      ; 16384                   ; 80.0                          ; u0|ram|intel_onchip_memory_0|altera_syncram_component|auto_generated|altsyncram1|ALTSYNCRAM                                                          ;
; M20K_X134_Y21_N0      ; 16384                   ; 80.0                          ; u0|ram|intel_onchip_memory_0|altera_syncram_component|auto_generated|altsyncram1|ALTSYNCRAM                                                          ;
; M20K_X134_Y22_N0      ; 16384                   ; 80.0                          ; u0|ram|intel_onchip_memory_0|altera_syncram_component|auto_generated|altsyncram1|ALTSYNCRAM                                                          ;
; M20K_X134_Y23_N0      ; 16384                   ; 80.0                          ; u0|ram|intel_onchip_memory_0|altera_syncram_component|auto_generated|altsyncram1|ALTSYNCRAM                                                          ;
; M20K_X134_Y24_N0      ; 16384                   ; 80.0                          ; u0|ram|intel_onchip_memory_0|altera_syncram_component|auto_generated|altsyncram1|ALTSYNCRAM                                                          ;
; M20K_X134_Y25_N0      ; 16384                   ; 80.0                          ; u0|ram|intel_onchip_memory_0|altera_syncram_component|auto_generated|altsyncram1|ALTSYNCRAM                                                          ;
; M20K_X134_Y26_N0      ; 16384                   ; 80.0                          ; u0|ram|intel_onchip_memory_0|altera_syncram_component|auto_generated|altsyncram1|ALTSYNCRAM                                                          ;
; M20K_X134_Y27_N0      ; 16384                   ; 80.0                          ; u0|ram|intel_onchip_memory_0|altera_syncram_component|auto_generated|altsyncram1|ALTSYNCRAM                                                          ;
; M20K_X134_Y28_N0      ; 16384                   ; 80.0                          ; u0|ram|intel_onchip_memory_0|altera_syncram_component|auto_generated|altsyncram1|ALTSYNCRAM                                                          ;
; M20K_X134_Y29_N0      ; 16384                   ; 80.0                          ; u0|ram|intel_onchip_memory_0|altera_syncram_component|auto_generated|altsyncram1|ALTSYNCRAM                                                          ;
; M20K_X134_Y30_N0      ; 16384                   ; 80.0                          ; u0|ram|intel_onchip_memory_0|altera_syncram_component|auto_generated|altsyncram1|ALTSYNCRAM                                                          ;
; M20K_X134_Y31_N0      ; 16384                   ; 80.0                          ; u0|ram|intel_onchip_memory_0|altera_syncram_component|auto_generated|altsyncram1|ALTSYNCRAM                                                          ;
; M20K_X134_Y32_N0      ; 16384                   ; 80.0                          ; u0|ram|intel_onchip_memory_0|altera_syncram_component|auto_generated|altsyncram1|ALTSYNCRAM                                                          ;
; M20K_X134_Y33_N0      ; 16384                   ; 80.0                          ; u0|ram|intel_onchip_memory_0|altera_syncram_component|auto_generated|altsyncram1|ALTSYNCRAM                                                          ;
; M20K_X134_Y34_N0      ; 16384                   ; 80.0                          ; u0|ram|intel_onchip_memory_0|altera_syncram_component|auto_generated|altsyncram1|ALTSYNCRAM                                                          ;
; M20K_X134_Y35_N0      ; 16384                   ; 80.0                          ; u0|ram|intel_onchip_memory_0|altera_syncram_component|auto_generated|altsyncram1|ALTSYNCRAM                                                          ;
; M20K_X134_Y36_N0      ; 16384                   ; 80.0                          ; u0|ram|intel_onchip_memory_0|altera_syncram_component|auto_generated|altsyncram1|ALTSYNCRAM                                                          ;
; M20K_X134_Y37_N0      ; 16384                   ; 80.0                          ; u0|ram|intel_onchip_memory_0|altera_syncram_component|auto_generated|altsyncram1|ALTSYNCRAM                                                          ;
; M20K_X134_Y38_N0      ; 16384                   ; 80.0                          ; u0|ram|intel_onchip_memory_0|altera_syncram_component|auto_generated|altsyncram1|ALTSYNCRAM                                                          ;
; M20K_X134_Y39_N0      ; 16384                   ; 80.0                          ; u0|ram|intel_onchip_memory_0|altera_syncram_component|auto_generated|altsyncram1|ALTSYNCRAM                                                          ;
; M20K_X134_Y40_N0      ; 16384                   ; 80.0                          ; u0|ram|intel_onchip_memory_0|altera_syncram_component|auto_generated|altsyncram1|ALTSYNCRAM                                                          ;
; M20K_X134_Y41_N0      ; 16384                   ; 80.0                          ; u0|ram|intel_onchip_memory_0|altera_syncram_component|auto_generated|altsyncram1|ALTSYNCRAM                                                          ;
; M20K_X134_Y42_N0      ; 16384                   ; 80.0                          ; u0|ram|intel_onchip_memory_0|altera_syncram_component|auto_generated|altsyncram1|ALTSYNCRAM                                                          ;
; M20K_X134_Y43_N0      ; 16384                   ; 80.0                          ; u0|ram|intel_onchip_memory_0|altera_syncram_component|auto_generated|altsyncram1|ALTSYNCRAM                                                          ;
; M20K_X134_Y44_N0      ; 16384                   ; 80.0                          ; u0|ram|intel_onchip_memory_0|altera_syncram_component|auto_generated|altsyncram1|ALTSYNCRAM                                                          ;
; M20K_X134_Y45_N0      ; 16384                   ; 80.0                          ; u0|ram|intel_onchip_memory_0|altera_syncram_component|auto_generated|altsyncram1|ALTSYNCRAM                                                          ;
; M20K_X134_Y46_N0      ; 16384                   ; 80.0                          ; u0|ram|intel_onchip_memory_0|altera_syncram_component|auto_generated|altsyncram1|ALTSYNCRAM                                                          ;
; M20K_X134_Y47_N0      ; 16384                   ; 80.0                          ; u0|ram|intel_onchip_memory_0|altera_syncram_component|auto_generated|altsyncram1|ALTSYNCRAM                                                          ;
; M20K_X134_Y48_N0      ; 16384                   ; 80.0                          ; u0|ram|intel_onchip_memory_0|altera_syncram_component|auto_generated|altsyncram1|ALTSYNCRAM                                                          ;
; M20K_X134_Y49_N0      ; 16384                   ; 80.0                          ; u0|ram|intel_onchip_memory_0|altera_syncram_component|auto_generated|altsyncram1|ALTSYNCRAM                                                          ;
; M20K_X134_Y50_N0      ; 16384                   ; 80.0                          ; u0|ram|intel_onchip_memory_0|altera_syncram_component|auto_generated|altsyncram1|ALTSYNCRAM                                                          ;
; M20K_X134_Y51_N0      ; 16384                   ; 80.0                          ; u0|ram|intel_onchip_memory_0|altera_syncram_component|auto_generated|altsyncram1|ALTSYNCRAM                                                          ;
; M20K_X134_Y52_N0      ; 16384                   ; 80.0                          ; u0|ram|intel_onchip_memory_0|altera_syncram_component|auto_generated|altsyncram1|ALTSYNCRAM                                                          ;
; M20K_X134_Y53_N0      ; 16384                   ; 80.0                          ; u0|ram|intel_onchip_memory_0|altera_syncram_component|auto_generated|altsyncram1|ALTSYNCRAM                                                          ;
; M20K_X134_Y54_N0      ; 16384                   ; 80.0                          ; u0|ram|intel_onchip_memory_0|altera_syncram_component|auto_generated|altsyncram1|ALTSYNCRAM                                                          ;
; M20K_X134_Y55_N0      ; 16384                   ; 80.0                          ; u0|ram|intel_onchip_memory_0|altera_syncram_component|auto_generated|altsyncram1|ALTSYNCRAM                                                          ;
; M20K_X134_Y56_N0      ; 16384                   ; 80.0                          ; u0|ram|intel_onchip_memory_0|altera_syncram_component|auto_generated|altsyncram1|ALTSYNCRAM                                                          ;
; M20K_X134_Y57_N0      ; 16384                   ; 80.0                          ; u0|ram|intel_onchip_memory_0|altera_syncram_component|auto_generated|altsyncram1|ALTSYNCRAM                                                          ;
; M20K_X134_Y58_N0      ; 16384                   ; 80.0                          ; u0|ram|intel_onchip_memory_0|altera_syncram_component|auto_generated|altsyncram1|ALTSYNCRAM                                                          ;
; M20K_X134_Y59_N0      ; 16384                   ; 80.0                          ; u0|ram|intel_onchip_memory_0|altera_syncram_component|auto_generated|altsyncram1|ALTSYNCRAM                                                          ;
; M20K_X134_Y5_N0       ; 16384                   ; 80.0                          ; u0|ram|intel_onchip_memory_0|altera_syncram_component|auto_generated|altsyncram1|ALTSYNCRAM                                                          ;
; M20K_X134_Y60_N0      ; 16384                   ; 80.0                          ; u0|ram|intel_onchip_memory_0|altera_syncram_component|auto_generated|altsyncram1|ALTSYNCRAM                                                          ;
; M20K_X134_Y61_N0      ; 16384                   ; 80.0                          ; u0|ram|intel_onchip_memory_0|altera_syncram_component|auto_generated|altsyncram1|ALTSYNCRAM                                                          ;
; M20K_X134_Y62_N0      ; 16384                   ; 80.0                          ; u0|ram|intel_onchip_memory_0|altera_syncram_component|auto_generated|altsyncram1|ALTSYNCRAM                                                          ;
; M20K_X134_Y63_N0      ; 16384                   ; 80.0                          ; u0|ram|intel_onchip_memory_0|altera_syncram_component|auto_generated|altsyncram1|ALTSYNCRAM                                                          ;
; M20K_X134_Y64_N0      ; 16384                   ; 80.0                          ; u0|ram|intel_onchip_memory_0|altera_syncram_component|auto_generated|altsyncram1|ALTSYNCRAM                                                          ;
; M20K_X134_Y65_N0      ; 16384                   ; 80.0                          ; u0|ram|intel_onchip_memory_0|altera_syncram_component|auto_generated|altsyncram1|ALTSYNCRAM                                                          ;
; M20K_X134_Y66_N0      ; 16384                   ; 80.0                          ; u0|ram|intel_onchip_memory_0|altera_syncram_component|auto_generated|altsyncram1|ALTSYNCRAM                                                          ;
; M20K_X134_Y67_N0      ; 16384                   ; 80.0                          ; u0|ram|intel_onchip_memory_0|altera_syncram_component|auto_generated|altsyncram1|ALTSYNCRAM                                                          ;
; M20K_X134_Y68_N0      ; 16384                   ; 80.0                          ; u0|ram|intel_onchip_memory_0|altera_syncram_component|auto_generated|altsyncram1|ALTSYNCRAM                                                          ;
; M20K_X134_Y69_N0      ; 16384                   ; 80.0                          ; u0|ram|intel_onchip_memory_0|altera_syncram_component|auto_generated|altsyncram1|ALTSYNCRAM                                                          ;
; M20K_X134_Y6_N0       ; 16384                   ; 80.0                          ; u0|ram|intel_onchip_memory_0|altera_syncram_component|auto_generated|altsyncram1|ALTSYNCRAM                                                          ;
; M20K_X134_Y70_N0      ; 16384                   ; 80.0                          ; u0|ram|intel_onchip_memory_0|altera_syncram_component|auto_generated|altsyncram1|ALTSYNCRAM                                                          ;
; M20K_X134_Y71_N0      ; 16384                   ; 80.0                          ; u0|ram|intel_onchip_memory_0|altera_syncram_component|auto_generated|altsyncram1|ALTSYNCRAM                                                          ;
; M20K_X134_Y72_N0      ; 16384                   ; 80.0                          ; u0|ram|intel_onchip_memory_0|altera_syncram_component|auto_generated|altsyncram1|ALTSYNCRAM                                                          ;
; M20K_X134_Y73_N0      ; 16384                   ; 80.0                          ; u0|ram|intel_onchip_memory_0|altera_syncram_component|auto_generated|altsyncram1|ALTSYNCRAM                                                          ;
; M20K_X134_Y74_N0      ; 16384                   ; 80.0                          ; u0|ram|intel_onchip_memory_0|altera_syncram_component|auto_generated|altsyncram1|ALTSYNCRAM                                                          ;
; M20K_X134_Y75_N0      ; 16384                   ; 80.0                          ; u0|ram|intel_onchip_memory_0|altera_syncram_component|auto_generated|altsyncram1|ALTSYNCRAM                                                          ;
; M20K_X134_Y76_N0      ; 16384                   ; 80.0                          ; u0|ram|intel_onchip_memory_0|altera_syncram_component|auto_generated|altsyncram1|ALTSYNCRAM                                                          ;
; M20K_X134_Y77_N0      ; 16384                   ; 80.0                          ; u0|ram|intel_onchip_memory_0|altera_syncram_component|auto_generated|altsyncram1|ALTSYNCRAM                                                          ;
; M20K_X134_Y78_N0      ; 16384                   ; 80.0                          ; u0|ram|intel_onchip_memory_0|altera_syncram_component|auto_generated|altsyncram1|ALTSYNCRAM                                                          ;
; M20K_X134_Y79_N0      ; 16384                   ; 80.0                          ; u0|ram|intel_onchip_memory_0|altera_syncram_component|auto_generated|altsyncram1|ALTSYNCRAM                                                          ;
; M20K_X134_Y7_N0       ; 16384                   ; 80.0                          ; u0|ram|intel_onchip_memory_0|altera_syncram_component|auto_generated|altsyncram1|ALTSYNCRAM                                                          ;
; M20K_X134_Y80_N0      ; 16384                   ; 80.0                          ; u0|ram|intel_onchip_memory_0|altera_syncram_component|auto_generated|altsyncram1|ALTSYNCRAM                                                          ;
; M20K_X134_Y81_N0      ; 16384                   ; 80.0                          ; u0|ram|intel_onchip_memory_0|altera_syncram_component|auto_generated|altsyncram1|ALTSYNCRAM                                                          ;
; M20K_X134_Y82_N0      ; 16384                   ; 80.0                          ; u0|ram|intel_onchip_memory_0|altera_syncram_component|auto_generated|altsyncram1|ALTSYNCRAM                                                          ;
; M20K_X134_Y83_N0      ; 16384                   ; 80.0                          ; u0|ram|intel_onchip_memory_0|altera_syncram_component|auto_generated|altsyncram1|ALTSYNCRAM                                                          ;
; M20K_X134_Y84_N0      ; 16384                   ; 80.0                          ; u0|ram|intel_onchip_memory_0|altera_syncram_component|auto_generated|altsyncram1|ALTSYNCRAM                                                          ;
; M20K_X134_Y85_N0      ; 16384                   ; 80.0                          ; u0|ram|intel_onchip_memory_0|altera_syncram_component|auto_generated|altsyncram1|ALTSYNCRAM                                                          ;
; M20K_X134_Y86_N0      ; 16384                   ; 80.0                          ; u0|ram|intel_onchip_memory_0|altera_syncram_component|auto_generated|altsyncram1|ALTSYNCRAM                                                          ;
; M20K_X134_Y87_N0      ; 16384                   ; 80.0                          ; u0|ram|intel_onchip_memory_0|altera_syncram_component|auto_generated|altsyncram1|ALTSYNCRAM                                                          ;
; M20K_X134_Y88_N0      ; 16384                   ; 80.0                          ; u0|ram|intel_onchip_memory_0|altera_syncram_component|auto_generated|altsyncram1|ALTSYNCRAM                                                          ;
; M20K_X134_Y89_N0      ; 16384                   ; 80.0                          ; u0|ram|intel_onchip_memory_0|altera_syncram_component|auto_generated|altsyncram1|ALTSYNCRAM                                                          ;
; M20K_X134_Y8_N0       ; 16384                   ; 80.0                          ; u0|ram|intel_onchip_memory_0|altera_syncram_component|auto_generated|altsyncram1|ALTSYNCRAM                                                          ;
; M20K_X134_Y90_N0      ; 16384                   ; 80.0                          ; u0|ram|intel_onchip_memory_0|altera_syncram_component|auto_generated|altsyncram1|ALTSYNCRAM                                                          ;
; M20K_X134_Y91_N0      ; 16384                   ; 80.0                          ; u0|ram|intel_onchip_memory_0|altera_syncram_component|auto_generated|altsyncram1|ALTSYNCRAM                                                          ;
; M20K_X134_Y92_N0      ; 16384                   ; 80.0                          ; u0|ram|intel_onchip_memory_0|altera_syncram_component|auto_generated|altsyncram1|ALTSYNCRAM                                                          ;
; M20K_X134_Y93_N0      ; 16384                   ; 80.0                          ; u0|ram|intel_onchip_memory_0|altera_syncram_component|auto_generated|altsyncram1|ALTSYNCRAM                                                          ;
; M20K_X134_Y94_N0      ; 16384                   ; 80.0                          ; u0|ram|intel_onchip_memory_0|altera_syncram_component|auto_generated|altsyncram1|ALTSYNCRAM                                                          ;
; M20K_X134_Y95_N0      ; 16384                   ; 80.0                          ; u0|ram|intel_onchip_memory_0|altera_syncram_component|auto_generated|altsyncram1|ALTSYNCRAM                                                          ;
; M20K_X134_Y96_N0      ; 16384                   ; 80.0                          ; u0|ram|intel_onchip_memory_0|altera_syncram_component|auto_generated|altsyncram1|ALTSYNCRAM                                                          ;
; M20K_X134_Y97_N0      ; 16384                   ; 80.0                          ; u0|ram|intel_onchip_memory_0|altera_syncram_component|auto_generated|altsyncram1|ALTSYNCRAM                                                          ;
; M20K_X134_Y98_N0      ; 16384                   ; 80.0                          ; u0|ram|intel_onchip_memory_0|altera_syncram_component|auto_generated|altsyncram1|ALTSYNCRAM                                                          ;
+-----------------------+-------------------------+-------------------------------+------------------------------------------------------------------------------------------------------------------------------------------------------+
Note: This table shows up to 500 physical rams that are least utilized. You can change this number by setting PHYSICAL_RAM_RPT_MAX_ROW in qsf file.


+-------------------------------------------------+
; Fitter DSP Block Usage Summary                  ;
+-----------------------------------+-------------+
; Statistic                         ; Number Used ;
+-----------------------------------+-------------+
; Two Independent 18x18             ; 2           ;
; Independent 18x18 Plus 36         ; 16          ;
; Sum of Two 18x18                  ; 1           ;
; Total number of DSP blocks        ; 19          ;
; Fixed Point Signed Multiplier     ; 17          ;
; Fixed Point Unsigned Multiplier   ; 1           ;
; Fixed Point Mixed Sign Multiplier ; 2           ;
+-----------------------------------+-------------+


+----------------+
; Place Messages ;
+----------------+
Info (20030): Parallel compilation is enabled and will use 8 of the 8 processors detected
Info: *******************************************************************
Info: Running Quartus Prime Fitter
    Info: Version 24.1.0 Build 115 03/21/2024 SC Pro Edition
    Info: Processing started: Tue Sep 16 15:23:49 2025
    Info: System process ID: 105717
Info: Command: quartus_fit --read_settings_files=on --write_settings_files=off top -c top
Info: qfit2_default_script.tcl version: #1
Info: Project  = top
Info: Revision = top
Info (11165): Fitter preparation operations ending: elapsed time is 00:00:27
Info (22300): Design uses Placement Effort Multiplier = 1.0.
Info (170189): Fitter placement preparation operations beginning
Info: Following instance found in the design -  u0|rst_controller|*
Info: Following instance found in the design -  
Info: Following instance found in the design -  u0|rst_controller|*
Info: Following instance found in the design -  u0|rst_controller|*
Info: Following instance found in the design -  
Info (14951): The Fitter is using Advanced Physical Optimization.
Info (170190): Fitter placement preparation operations ending: elapsed time is 00:00:17
Info (11888): Total time spent on timing analysis during Global Placement is 1.37 seconds.
Info (22300): Design uses Placement Effort Multiplier = 1.0.
Info (170189): Fitter placement preparation operations beginning
Info (170190): Fitter placement preparation operations ending: elapsed time is 00:00:08
Info (170191): Fitter placement operations beginning
Info (170137): Fitter placement was successful
Info (170192): Fitter placement operations ending: elapsed time is 00:00:32
Info: Following instance found in the design -  u0|rst_controller|*
Info: Following instance found in the design -  
Info: Following instance found in the design -  u0|rst_controller|*
Info: Following instance found in the design -  u0|rst_controller|*
Info: Following instance found in the design -  
Info (11888): Total time spent on timing analysis during Placement is 0.01 seconds.


